ISO-10303-21;
HEADER;
FILE_DESCRIPTION (( 'STEP AP203' ),
    '1' );
FILE_NAME ('CUI_DEVICES_HSS-B20-NPS-01.step',
    '2019-10-25T17:08:26',
    ( '' ),
    ( '' ),
    'SwSTEP 2.0',
    'SolidWorks 2019',
    '' );
FILE_SCHEMA (( 'CONFIG_CONTROL_DESIGN' ));
ENDSEC;

DATA;
#1 = CARTESIAN_POINT ( 'NONE',  ( -0.4999999999999999445, 0.0000000000000000000, -0.9311023622047243098 ) ) ;
#2 = DIRECTION ( 'NONE',  ( -1.365923996832131609E-16, 1.000000000000000000, 0.0000000000000000000 ) ) ;
#3 = VERTEX_POINT ( 'NONE', #422 ) ;
#4 = DIRECTION ( 'NONE',  ( 1.000000000000000000, -1.365923996832131856E-16, 0.0000000000000000000 ) ) ;
#5 = PLANE ( 'NONE',  #2069 ) ;
#6 = ORIENTED_EDGE ( 'NONE', *, *, #1072, .F. ) ;
#7 = VERTEX_POINT ( 'NONE', #402 ) ;
#8 = VERTEX_POINT ( 'NONE', #1496 ) ;
#9 = COORDINATED_UNIVERSAL_TIME_OFFSET ( 0, 0, .AHEAD. ) ;
#10 = DIRECTION ( 'NONE',  ( 0.0000000000000000000, 1.000000000000000000, 0.0000000000000000000 ) ) ;
#11 = EDGE_CURVE ( 'NONE', #896, #1402, #237, .T. ) ;
#12 = DIRECTION ( 'NONE',  ( 0.0000000000000000000, 0.0000000000000000000, -1.000000000000000000 ) ) ;
#13 = VECTOR ( 'NONE', #1848, 39.37007874015748143 ) ;
#14 = CARTESIAN_POINT ( 'NONE',  ( 0.07677165354330707514, 0.04724409448818897572, -0.5893700787401575658 ) ) ;
#15 = AXIS2_PLACEMENT_3D ( 'NONE', #110, #824, #2059 ) ;
#16 = EDGE_LOOP ( 'NONE', ( #1932, #479, #1303, #1549 ) ) ;
#17 = VECTOR ( 'NONE', #1316, 39.37007874015748143 ) ;
#18 = LINE ( 'NONE', #1448, #425 ) ;
#19 = VECTOR ( 'NONE', #1465, 39.37007874015748143 ) ;
#20 = CARTESIAN_POINT ( 'NONE',  ( 0.0000000000000000000, -1.707404996040164512E-17, -0.5125984251968503935 ) ) ;
#21 = ORIENTED_EDGE ( 'NONE', *, *, #893, .F. ) ;
#22 = ORIENTED_EDGE ( 'NONE', *, *, #879, .F. ) ;
#23 = ORIENTED_EDGE ( 'NONE', *, *, #2219, .F. ) ;
#24 = EDGE_LOOP ( 'NONE', ( #1602, #1102, #976, #468, #1548, #839 ) ) ;
#25 = CARTESIAN_POINT ( 'NONE',  ( 0.4527559055118108855, 0.5000000000000000000, -0.7618110236220473341 ) ) ;
#26 = EDGE_CURVE ( 'NONE', #2299, #1566, #924, .T. ) ;
#27 = ORIENTED_EDGE ( 'NONE', *, *, #307, .F. ) ;
#28 = CARTESIAN_POINT ( 'NONE',  ( -0.5000000000000000000, 0.0000000000000000000, -0.5078740157480314821 ) ) ;
#29 = CARTESIAN_POINT ( 'NONE',  ( 0.4999999999999998335, 0.05118110236220470982, -0.2539370078740159076 ) ) ;
#30 = PLANE ( 'NONE',  #502 ) ;
#31 = VERTEX_POINT ( 'NONE', #576 ) ;
#32 = EDGE_LOOP ( 'NONE', ( #2013, #113, #480, #1429 ) ) ;
#33 = DIRECTION ( 'NONE',  ( 0.0000000000000000000, 0.0000000000000000000, 1.000000000000000000 ) ) ;
#34 = SECURITY_CLASSIFICATION ( '', '', #855 ) ;
#35 = LINE ( 'NONE', #1654, #988 ) ;
#36 = ADVANCED_FACE ( 'NONE', ( #2156 ), #948, .F. ) ;
#37 = CARTESIAN_POINT ( 'NONE',  ( -0.4527559055118110520, -6.453184237002196221E-18, -1.179921259842519721 ) ) ;
#38 = PLANE ( 'NONE',  #2095 ) ;
#39 = EDGE_CURVE ( 'NONE', #2300, #1158, #1277, .T. ) ;
#40 = DIRECTION ( 'NONE',  ( 0.0000000000000000000, -1.000000000000000000, 0.0000000000000000000 ) ) ;
#41 = ORIENTED_EDGE ( 'NONE', *, *, #1328, .F. ) ;
#42 = ORIENTED_EDGE ( 'NONE', *, *, #655, .F. ) ;
#43 = CARTESIAN_POINT ( 'NONE',  ( -0.4488188976377953110, 0.05118110236220473064, -0.5078740157480314821 ) ) ;
#44 = DIRECTION ( 'NONE',  ( 0.0000000000000000000, 1.000000000000000000, 0.0000000000000000000 ) ) ;
#45 = DIRECTION ( 'NONE',  ( 0.0000000000000000000, 0.0000000000000000000, -1.000000000000000000 ) ) ;
#46 = VECTOR ( 'NONE', #2159, 39.37007874015748143 ) ;
#47 = AXIS2_PLACEMENT_3D ( 'NONE', #2010, #413, #59 ) ;
#48 = DIRECTION ( 'NONE',  ( 1.365923996832131856E-16, 1.000000000000000000, 0.0000000000000000000 ) ) ;
#49 = VECTOR ( 'NONE', #1786, 39.37007874015748143 ) ;
#50 = VECTOR ( 'NONE', #80, 39.37007874015748143 ) ;
#51 = CARTESIAN_POINT ( 'NONE',  ( -0.4527559055118110520, 0.05118110236220473064, -1.179921259842519721 ) ) ;
#52 = AXIS2_PLACEMENT_3D ( 'NONE', #105, #277, #992 ) ;
#53 = ADVANCED_FACE ( 'NONE', ( #391 ), #2180, .T. ) ;
#54 = AXIS2_PLACEMENT_3D ( 'NONE', #1488, #925, #567 ) ;
#55 = LINE ( 'NONE', #761, #1246 ) ;
#56 = ORIENTED_EDGE ( 'NONE', *, *, #1127, .T. ) ;
#57 = ORIENTED_EDGE ( 'NONE', *, *, #1445, .F. ) ;
#58 = DIRECTION ( 'NONE',  ( -0.0000000000000000000, -0.0000000000000000000, -1.000000000000000000 ) ) ;
#59 = DIRECTION ( 'NONE',  ( 0.0000000000000000000, 1.000000000000000000, 0.0000000000000000000 ) ) ;
#60 = CARTESIAN_POINT ( 'NONE',  ( -0.5000000000000000000, 0.05118110236220473758, -0.5078740157480317041 ) ) ;
#61 = DIRECTION ( 'NONE',  ( 0.0000000000000000000, -1.000000000000000000, 0.0000000000000000000 ) ) ;
#62 = CARTESIAN_POINT ( 'NONE',  ( 0.4527559055118109410, 0.0001516480440326012098, -0.7618110236220471121 ) ) ;
#63 = CARTESIAN_POINT ( 'NONE',  ( 0.4527559055118111075, 0.0001516480440326097479, -0.9311023622047243098 ) ) ;
#64 = EDGE_CURVE ( 'NONE', #3, #2210, #35, .T. ) ;
#65 = ORIENTED_EDGE ( 'NONE', *, *, #763, .T. ) ;
#66 = ORIENTED_EDGE ( 'NONE', *, *, #164, .F. ) ;
#67 = CARTESIAN_POINT ( 'NONE',  ( -0.4527559055118110520, 0.05118110236220473064, 0.0000000000000000000 ) ) ;
#68 = DIRECTION ( 'NONE',  ( 1.365923996832131856E-16, 1.000000000000000000, 0.0000000000000000000 ) ) ;
#69 = CARTESIAN_POINT ( 'NONE',  ( 0.4527559055118109410, 0.0001516480440325841336, -0.2539370078740157965 ) ) ;
#70 = CARTESIAN_POINT ( 'NONE',  ( -0.4527559055118111075, 0.0001516480440326182860, -0.6771653543307086798 ) ) ;
#71 =( GEOMETRIC_REPRESENTATION_CONTEXT ( 3 ) GLOBAL_UNCERTAINTY_ASSIGNED_CONTEXT ( ( #453 ) ) GLOBAL_UNIT_ASSIGNED_CONTEXT ( ( #1345, #673, #663 ) ) REPRESENTATION_CONTEXT ( 'NONE', 'WORKASPACE' ) );
#72 = CARTESIAN_POINT ( 'NONE',  ( -0.4491217443973349877, 0.04725575972234533767, -1.520242602345190264 ) ) ;
#73 = LINE ( 'NONE', #2221, #429 ) ;
#74 = ORIENTED_EDGE ( 'NONE', *, *, #484, .T. ) ;
#75 = CARTESIAN_POINT ( 'NONE',  ( -0.4488188976377953110, 0.0000000000000000000, 0.0000000000000000000 ) ) ;
#76 = VERTEX_POINT ( 'NONE', #1846 ) ;
#77 = CARTESIAN_POINT ( 'NONE',  ( -0.5000000000000000000, 0.05118110236220473758, 0.0000000000000000000 ) ) ;
#78 = EDGE_CURVE ( 'NONE', #1670, #500, #1150, .T. ) ;
#79 = CARTESIAN_POINT ( 'NONE',  ( 0.4527559055118109410, 0.0001516480440325841336, -0.1692913385826775030 ) ) ;
#80 = DIRECTION ( 'NONE',  ( 0.0000000000000000000, 0.0000000000000000000, 1.000000000000000000 ) ) ;
#81 = CARTESIAN_POINT ( 'NONE',  ( -0.4527559055118110520, -6.453184237002196221E-18, -1.179921259842519721 ) ) ;
#82 = VERTEX_POINT ( 'NONE', #79 ) ;
#83 = DIRECTION ( 'NONE',  ( 1.000000000000000000, 0.0000000000000000000, 0.0000000000000000000 ) ) ;
#84 = VECTOR ( 'NONE', #4, 39.37007874015748143 ) ;
#85 = AXIS2_PLACEMENT_3D ( 'NONE', #2020, #1664, #68 ) ;
#86 = DIRECTION ( 'NONE',  ( 0.0000000000000000000, 0.0000000000000000000, 1.000000000000000000 ) ) ;
#87 = VECTOR ( 'NONE', #1154, 39.37007874015748854 ) ;
#88 = ORIENTED_EDGE ( 'NONE', *, *, #212, .F. ) ;
#89 = DIRECTION ( 'NONE',  ( 0.0000000000000000000, 0.0000000000000000000, 1.000000000000000000 ) ) ;
#90 = VECTOR ( 'NONE', #1110, 39.37007874015748143 ) ;
#91 = ORIENTED_EDGE ( 'NONE', *, *, #2079, .F. ) ;
#92 = DIRECTION ( 'NONE',  ( 1.365923996832131856E-16, 1.000000000000000000, 0.0000000000000000000 ) ) ;
#93 = ADVANCED_FACE ( 'NONE', ( #1822 ), #1813, .F. ) ;
#94 = LINE ( 'NONE', #438, #990 ) ;
#95 = ADVANCED_FACE ( 'NONE', ( #263 ), #973, .F. ) ;
#96 = DIRECTION ( 'NONE',  ( 0.0000000000000000000, 0.0000000000000000000, -1.000000000000000000 ) ) ;
#97 = PLANE ( 'NONE',  #52 ) ;
#98 = ORIENTED_EDGE ( 'NONE', *, *, #196, .T. ) ;
#99 = CARTESIAN_POINT ( 'NONE',  ( -0.4527559055118110520, -6.453184237002196221E-18, -1.179921259842519721 ) ) ;
#100 = ORIENTED_EDGE ( 'NONE', *, *, #1035, .T. ) ;
#101 = DIRECTION ( 'NONE',  ( 0.0000000000000000000, 1.000000000000000000, 0.0000000000000000000 ) ) ;
#102 = LINE ( 'NONE', #622, #908 ) ;
#103 = LINE ( 'NONE', #1276, #49 ) ;
#104 = ADVANCED_FACE ( 'NONE', ( #586 ), #1300, .T. ) ;
#105 = CARTESIAN_POINT ( 'NONE',  ( 0.4527559055118109410, 0.0001516480440326012098, -0.2116141732283465249 ) ) ;
#106 = ORIENTED_EDGE ( 'NONE', *, *, #1850, .F. ) ;
#107 = ORIENTED_EDGE ( 'NONE', *, *, #2041, .F. ) ;
#108 = DIRECTION ( 'NONE',  ( 1.365923996832131856E-16, 1.000000000000000000, 0.0000000000000000000 ) ) ;
#109 = LINE ( 'NONE', #823, #1432 ) ;
#110 = CARTESIAN_POINT ( 'NONE',  ( 0.4488188976377951445, 0.05118110236220473064, -0.9311023622047243098 ) ) ;
#111 = PLANE ( 'NONE',  #1540 ) ;
#112 = FACE_OUTER_BOUND ( 'NONE', #960, .T. ) ;
#113 = ORIENTED_EDGE ( 'NONE', *, *, #1922, .T. ) ;
#114 = ADVANCED_FACE ( 'NONE', ( #1487 ), #1311, .F. ) ;
#115 = VECTOR ( 'NONE', #784, 39.37007874015748143 ) ;
#116 = ADVANCED_FACE ( 'NONE', ( #777 ), #1346, .F. ) ;
#117 = CIRCLE ( 'NONE', #1721, 0.05118110236220468900 ) ;
#118 = ORIENTED_EDGE ( 'NONE', *, *, #371, .F. ) ;
#119 = VECTOR ( 'NONE', #2258, 39.37007874015748143 ) ;
#120 = CIRCLE ( 'NONE', #613, 0.05118110236220471676 ) ;
#121 =( LENGTH_UNIT ( ) NAMED_UNIT ( * ) SI_UNIT ( $, .METRE. ) );
#122 = VECTOR ( 'NONE', #1835, 39.37007874015748143 ) ;
#123 = CARTESIAN_POINT ( 'NONE',  ( 0.4527559055118109410, 0.5000000000000000000, -1.179921259842519721 ) ) ;
#124 = AXIS2_PLACEMENT_3D ( 'NONE', #804, #579, #1520 ) ;
#125 = LINE ( 'NONE', #491, #1360 ) ;
#126 = LINE ( 'NONE', #666, #1321 ) ;
#127 = LINE ( 'NONE', #1739, #469 ) ;
#128 = ORIENTED_EDGE ( 'NONE', *, *, #1310, .T. ) ;
#129 = EDGE_CURVE ( 'NONE', #1635, #2210, #1991, .T. ) ;
#130 = ORIENTED_EDGE ( 'NONE', *, *, #1328, .T. ) ;
#131 = VERTEX_POINT ( 'NONE', #482 ) ;
#132 = ADVANCED_FACE ( 'NONE', ( #802 ), #2047, .T. ) ;
#133 = ORIENTED_EDGE ( 'NONE', *, *, #409, .F. ) ;
#134 = CARTESIAN_POINT ( 'NONE',  ( 0.5000000000000000000, 0.05118110236220469594, -1.179921259842519721 ) ) ;
#135 = ADVANCED_BREP_SHAPE_REPRESENTATION ( 'CUI_DEVICES_HSS-B20-NPS-01', ( #1803, #596 ), #71 ) ;
#136 = DIRECTION ( 'NONE',  ( 0.0000000000000000000, 0.0000000000000000000, -1.000000000000000000 ) ) ;
#137 = EDGE_CURVE ( 'NONE', #896, #1931, #1357, .T. ) ;
#138 = PLANE ( 'NONE',  #1323 ) ;
#139 = CARTESIAN_POINT ( 'NONE',  ( -0.4527559055118110520, 0.0001516480440325926717, -0.1692913385826773642 ) ) ;
#140 = PLANE ( 'NONE',  #1544 ) ;
#141 = DIRECTION ( 'NONE',  ( 0.0000000000000000000, 0.0000000000000000000, 1.000000000000000000 ) ) ;
#142 = ORIENTED_EDGE ( 'NONE', *, *, #2022, .T. ) ;
#143 = AXIS2_PLACEMENT_3D ( 'NONE', #252, #1309, #786 ) ;
#144 = EDGE_LOOP ( 'NONE', ( #1413, #534, #261, #329 ) ) ;
#145 = ORIENTED_EDGE ( 'NONE', *, *, #2229, .F. ) ;
#146 = CALENDAR_DATE ( 2019, 25, 10 ) ;
#147 = DIRECTION ( 'NONE',  ( 1.000000000000000000, 0.0000000000000000000, 0.0000000000000000000 ) ) ;
#148 = DIRECTION ( 'NONE',  ( 1.365923996832131609E-16, -1.000000000000000000, 0.0000000000000000000 ) ) ;
#149 = DIRECTION ( 'NONE',  ( 0.0000000000000000000, 0.0000000000000000000, 1.000000000000000000 ) ) ;
#150 = EDGE_CURVE ( 'NONE', #2082, #1314, #1576, .T. ) ;
#151 = VERTEX_POINT ( 'NONE', #1538 ) ;
#152 = DIRECTION ( 'NONE',  ( 1.365923996832131856E-16, 1.000000000000000000, 0.0000000000000000000 ) ) ;
#153 = LINE ( 'NONE', #864, #209 ) ;
#154 = VERTEX_POINT ( 'NONE', #812 ) ;
#155 = EDGE_LOOP ( 'NONE', ( #1049, #457, #930, #909 ) ) ;
#156 = ORIENTED_EDGE ( 'NONE', *, *, #1995, .T. ) ;
#157 = APPROVAL_STATUS ( 'not_yet_approved' ) ;
#158 = VECTOR ( 'NONE', #1953, 39.37007874015748143 ) ;
#159 = VECTOR ( 'NONE', #1181, 39.37007874015748143 ) ;
#160 = DIRECTION ( 'NONE',  ( 0.0000000000000000000, 0.0000000000000000000, 1.000000000000000000 ) ) ;
#161 = DIRECTION ( 'NONE',  ( 0.0000000000000000000, 1.000000000000000000, 0.0000000000000000000 ) ) ;
#162 = VECTOR ( 'NONE', #1004, 39.37007874015748143 ) ;
#163 = CARTESIAN_POINT ( 'NONE',  ( 0.4488188976377951445, 0.05118110236220473064, -0.4232283464566930498 ) ) ;
#164 = EDGE_CURVE ( 'NONE', #2199, #151, #1550, .T. ) ;
#165 = ORIENTED_EDGE ( 'NONE', *, *, #2188, .T. ) ;
#166 = VECTOR ( 'NONE', #381, 39.37007874015748143 ) ;
#167 = EDGE_CURVE ( 'NONE', #1462, #636, #284, .T. ) ;
#168 = PLANE ( 'NONE',  #1026 ) ;
#169 = PERSON ( 'UNSPECIFIED', 'UNSPECIFIED', 'UNSPECIFIED', ('UNSPECIFIED'), ('UNSPECIFIED'), ('UNSPECIFIED') ) ;
#170 = DIRECTION ( 'NONE',  ( 1.365923996832131856E-16, 1.000000000000000000, 0.0000000000000000000 ) ) ;
#171 = ORIENTED_EDGE ( 'NONE', *, *, #508, .T. ) ;
#172 = ORIENTED_EDGE ( 'NONE', *, *, #1603, .F. ) ;
#173 = ORIENTED_EDGE ( 'NONE', *, *, #608, .F. ) ;
#174 = PERSON_AND_ORGANIZATION ( #169, #1045 ) ;
#175 = CARTESIAN_POINT ( 'NONE',  ( -0.5000000000000000000, 0.05118110236220473758, -1.179921259842519721 ) ) ;
#176 = CARTESIAN_POINT ( 'NONE',  ( -0.4527559055118109410, 0.5000000000000000000, -0.1692913385826775030 ) ) ;
#177 = LINE ( 'NONE', #202, #574 ) ;
#178 = ORIENTED_EDGE ( 'NONE', *, *, #2117, .T. ) ;
#179 = ORIENTED_EDGE ( 'NONE', *, *, #1037, .F. ) ;
#180 = CARTESIAN_POINT ( 'NONE',  ( 0.4999999999999998335, 0.05118110236220469594, -0.1692913385826775030 ) ) ;
#181 = CC_DESIGN_PERSON_AND_ORGANIZATION_ASSIGNMENT ( #1965, #514, ( #1087 ) ) ;
#182 = LINE ( 'NONE', #1433, #949 ) ;
#183 = EDGE_CURVE ( 'NONE', #676, #1036, #996, .T. ) ;
#184 = ORIENTED_EDGE ( 'NONE', *, *, #638, .F. ) ;
#185 = ORIENTED_EDGE ( 'NONE', *, *, #1881, .T. ) ;
#186 = PRODUCT ( 'CUI_DEVICES_HSS-B20-NPS-01', 'CUI_DEVICES_HSS-B20-NPS-01', '', ( #982 ) ) ;
#187 = ORIENTED_EDGE ( 'NONE', *, *, #695, .T. ) ;
#188 = CALENDAR_DATE ( 2019, 25, 10 ) ;
#189 = DIRECTION ( 'NONE',  ( 1.000000000000000000, -1.365923996832131856E-16, 0.0000000000000000000 ) ) ;
#190 = PLANE ( 'NONE',  #1175 ) ;
#191 = PLANE ( 'NONE',  #2136 ) ;
#192 = VERTEX_POINT ( 'NONE', #2247 ) ;
#193 = CARTESIAN_POINT ( 'NONE',  ( -0.5000000000000000000, 0.04724409448818897572, -1.179921259842519721 ) ) ;
#194 = CARTESIAN_POINT ( 'NONE',  ( -0.4527559055118110520, -6.453184237002196221E-18, -0.1692913385826775030 ) ) ;
#195 = ORIENTED_EDGE ( 'NONE', *, *, #39, .F. ) ;
#196 = EDGE_CURVE ( 'NONE', #459, #896, #1472, .T. ) ;
#197 = EDGE_CURVE ( 'NONE', #301, #1973, #1702, .T. ) ;
#198 = ORIENTED_EDGE ( 'NONE', *, *, #1661, .T. ) ;
#199 = DATE_AND_TIME ( #524, #226 ) ;
#200 = VERTEX_POINT ( 'NONE', #449 ) ;
#201 = EDGE_CURVE ( 'NONE', #572, #325, #109, .T. ) ;
#202 = CARTESIAN_POINT ( 'NONE',  ( 0.4527559055118109410, 0.0001516480440326012098, -0.1692913385826773642 ) ) ;
#203 = VECTOR ( 'NONE', #273, 39.37007874015748143 ) ;
#204 = EDGE_LOOP ( 'NONE', ( #2222, #1818, #1025, #1589 ) ) ;
#205 = VECTOR ( 'NONE', #1629, 39.37007874015748143 ) ;
#206 = VECTOR ( 'NONE', #1161, 39.37007874015748143 ) ;
#207 = DIRECTION ( 'NONE',  ( -0.0000000000000000000, -0.0000000000000000000, -1.000000000000000000 ) ) ;
#208 = CARTESIAN_POINT ( 'NONE',  ( 0.4999999999999999445, 0.5000000000000000000, -1.179921259842519721 ) ) ;
#209 = VECTOR ( 'NONE', #1587, 39.37007874015748143 ) ;
#210 = CARTESIAN_POINT ( 'NONE',  ( 0.4527559055118109410, 0.5000000000000000000, -1.179921259842519721 ) ) ;
#211 = ORIENTED_EDGE ( 'NONE', *, *, #1370, .T. ) ;
#212 = EDGE_CURVE ( 'NONE', #593, #938, #1901, .T. ) ;
#213 = EDGE_CURVE ( 'NONE', #282, #882, #1003, .T. ) ;
#214 = EDGE_LOOP ( 'NONE', ( #344, #2074, #1897, #932 ) ) ;
#215 = DIRECTION ( 'NONE',  ( -0.0000000000000000000, -0.0000000000000000000, -1.000000000000000000 ) ) ;
#216 = ADVANCED_FACE ( 'NONE', ( #1735 ), #1722, .F. ) ;
#217 = CARTESIAN_POINT ( 'NONE',  ( 0.4527559055118109410, 0.5000000000000000000, -1.179921259842519721 ) ) ;
#218 = ORIENTED_EDGE ( 'NONE', *, *, #473, .T. ) ;
#219 = PLANE ( 'NONE',  #54 ) ;
#220 = FACE_OUTER_BOUND ( 'NONE', #1996, .T. ) ;
#221 = EDGE_LOOP ( 'NONE', ( #2031, #1129, #772, #223 ) ) ;
#222 = FACE_OUTER_BOUND ( 'NONE', #204, .T. ) ;
#223 = ORIENTED_EDGE ( 'NONE', *, *, #1224, .T. ) ;
#224 = ORIENTED_EDGE ( 'NONE', *, *, #443, .F. ) ;
#225 = DIRECTION ( 'NONE',  ( 1.000000000000000000, -1.365923996832131856E-16, 0.0000000000000000000 ) ) ;
#226 = LOCAL_TIME ( 17, 8, 26.00000000000000000, #1755 ) ;
#227 = CARTESIAN_POINT ( 'NONE',  ( -0.4999999999999999445, 0.0000000000000000000, -0.2539370078740158521 ) ) ;
#228 = DIRECTION ( 'NONE',  ( 0.0000000000000000000, 1.000000000000000000, 0.0000000000000000000 ) ) ;
#229 = EDGE_CURVE ( 'NONE', #2263, #300, #1371, .T. ) ;
#230 = EDGE_CURVE ( 'NONE', #1212, #2082, #490, .T. ) ;
#231 = CARTESIAN_POINT ( 'NONE',  ( -0.4527559055118110520, -6.453184237002196221E-18, -0.2539370078740160741 ) ) ;
#232 = LINE ( 'NONE', #51, #1652 ) ;
#233 = DIRECTION ( 'NONE',  ( 0.0000000000000000000, 1.000000000000000000, 0.0000000000000000000 ) ) ;
#234 = EDGE_LOOP ( 'NONE', ( #173, #435, #1261, #1275 ) ) ;
#235 = EDGE_LOOP ( 'NONE', ( #1516, #2176, #820, #2045 ) ) ;
#236 = DIRECTION ( 'NONE',  ( 0.0000000000000000000, 0.0000000000000000000, 1.000000000000000000 ) ) ;
#237 = LINE ( 'NONE', #597, #867 ) ;
#238 = DIRECTION ( 'NONE',  ( 0.0000000000000000000, -0.0000000000000000000, 1.000000000000000000 ) ) ;
#239 = AXIS2_PLACEMENT_3D ( 'NONE', #1152, #404, #275 ) ;
#240 = VECTOR ( 'NONE', #2166, 39.37007874015748143 ) ;
#241 = CARTESIAN_POINT ( 'NONE',  ( 0.5000000000000000000, 0.05118110236220469594, -1.179921259842519721 ) ) ;
#242 = VECTOR ( 'NONE', #1201, 39.37007874015748143 ) ;
#243 = ADVANCED_FACE ( 'NONE', ( #985 ), #1692, .F. ) ;
#244 = VECTOR ( 'NONE', #516, 39.37007874015748143 ) ;
#245 = ORIENTED_EDGE ( 'NONE', *, *, #2117, .F. ) ;
#246 = CARTESIAN_POINT ( 'NONE',  ( 0.4527559055118111075, 0.0001516480440326012098, -1.010629921259842412 ) ) ;
#247 = CIRCLE ( 'NONE', #759, 0.05118110236220468900 ) ;
#248 = EDGE_CURVE ( 'NONE', #2274, #1387, #1507, .T. ) ;
#249 = VECTOR ( 'NONE', #2223, 39.37007874015748143 ) ;
#250 = PLANE ( 'NONE',  #2173 ) ;
#251 = VERTEX_POINT ( 'NONE', #899 ) ;
#252 = CARTESIAN_POINT ( 'NONE',  ( -0.4488188976377953110, 0.05118110236220473064, -0.7618110236220471121 ) ) ;
#253 = DIRECTION ( 'NONE',  ( 1.000000000000000000, 0.0000000000000000000, 0.0000000000000000000 ) ) ;
#254 = CARTESIAN_POINT ( 'NONE',  ( 0.4527559055118108855, 0.5000000000000000000, -1.010629921259842412 ) ) ;
#255 = DIRECTION ( 'NONE',  ( 0.0000000000000000000, 1.000000000000000000, 0.0000000000000000000 ) ) ;
#256 = CYLINDRICAL_SURFACE ( 'NONE', #357, 0.05118110236220468900 ) ;
#257 = CARTESIAN_POINT ( 'NONE',  ( 0.4527559055118111075, 0.0001516480440326012098, -0.9311023622047243098 ) ) ;
#258 = VERTEX_POINT ( 'NONE', #541 ) ;
#259 = ADVANCED_FACE ( 'NONE', ( #515 ), #2302, .T. ) ;
#260 = CARTESIAN_POINT ( 'NONE',  ( -0.07677165354330713065, -1.707404996040164512E-17, -0.8106299212598425674 ) ) ;
#261 = ORIENTED_EDGE ( 'NONE', *, *, #1882, .F. ) ;
#262 = CARTESIAN_POINT ( 'NONE',  ( 0.4999999999999998335, 0.5000000000000000000, -0.5078740157480314821 ) ) ;
#263 = FACE_OUTER_BOUND ( 'NONE', #32, .T. ) ;
#264 = DIRECTION ( 'NONE',  ( 1.365923996832131609E-16, 1.000000000000000000, 0.0000000000000000000 ) ) ;
#265 = FACE_OUTER_BOUND ( 'NONE', #563, .T. ) ;
#266 = ORIENTED_EDGE ( 'NONE', *, *, #834, .F. ) ;
#267 = CARTESIAN_POINT ( 'NONE',  ( 0.4488188976377951445, 0.05118110236220473064, -0.2539370078740159076 ) ) ;
#268 = DESIGN_CONTEXT ( 'detailed design', #1367, 'design' ) ;
#269 = CARTESIAN_POINT ( 'NONE',  ( -0.5000000000000000000, 0.0000000000000000000, -0.5078740157480314821 ) ) ;
#270 = ORIENTED_EDGE ( 'NONE', *, *, #2087, .T. ) ;
#271 = DIRECTION ( 'NONE',  ( 0.0000000000000000000, 0.0000000000000000000, 1.000000000000000000 ) ) ;
#272 = ORIENTED_EDGE ( 'NONE', *, *, #1867, .F. ) ;
#273 = DIRECTION ( 'NONE',  ( -1.000000000000000000, 0.0000000000000000000, 0.0000000000000000000 ) ) ;
#274 = DIRECTION ( 'NONE',  ( 1.000000000000000000, 0.0000000000000000000, 0.0000000000000000000 ) ) ;
#275 = DIRECTION ( 'NONE',  ( 1.000000000000000000, 0.0000000000000000000, 0.0000000000000000000 ) ) ;
#276 = VECTOR ( 'NONE', #1014, 39.37007874015748143 ) ;
#277 = DIRECTION ( 'NONE',  ( 0.9970370305242861608, 0.07692307692307780165, -0.0000000000000000000 ) ) ;
#278 = AXIS2_PLACEMENT_3D ( 'NONE', #487, #2061, #1385 ) ;
#279 = ORIENTED_EDGE ( 'NONE', *, *, #2219, .T. ) ;
#280 = LINE ( 'NONE', #1220, #249 ) ;
#281 = CIRCLE ( 'NONE', #1176, 0.05118110236220468900 ) ;
#282 = VERTEX_POINT ( 'NONE', #1582 ) ;
#283 = ADVANCED_FACE ( 'NONE', ( #2119 ), #1784, .F. ) ;
#284 = LINE ( 'NONE', #835, #390 ) ;
#285 = DIRECTION ( 'NONE',  ( -1.000000000000000000, -1.365923996832131856E-16, 0.0000000000000000000 ) ) ;
#286 = CARTESIAN_POINT ( 'NONE',  ( 0.4527559055118107745, 0.05118110236220475839, -0.9311023622047243098 ) ) ;
#287 = EDGE_CURVE ( 'NONE', #200, #31, #1570, .T. ) ;
#288 = CARTESIAN_POINT ( 'NONE',  ( -0.4491217443973349877, 0.04725575972234533767, -0.6771653543307086798 ) ) ;
#289 = ORIENTED_EDGE ( 'NONE', *, *, #1881, .F. ) ;
#290 = ORIENTED_EDGE ( 'NONE', *, *, #966, .F. ) ;
#291 = DIRECTION ( 'NONE',  ( 1.000000000000000000, 0.0000000000000000000, 0.0000000000000000000 ) ) ;
#292 = DIRECTION ( 'NONE',  ( -1.365923996832131609E-16, 1.000000000000000000, 0.0000000000000000000 ) ) ;
#293 = DIRECTION ( 'NONE',  ( 1.000000000000000000, -8.673617379884087537E-15, 0.0000000000000000000 ) ) ;
#294 = CARTESIAN_POINT ( 'NONE',  ( -0.4527559055118110520, 0.05118110236220473064, -1.179921259842519721 ) ) ;
#295 = EDGE_CURVE ( 'NONE', #301, #3, #426, .T. ) ;
#296 = EDGE_CURVE ( 'NONE', #1888, #551, #1227, .T. ) ;
#297 = APPROVAL_PERSON_ORGANIZATION ( #885, #1643, #364 ) ;
#298 = CARTESIAN_POINT ( 'NONE',  ( -0.07677165354330713065, 0.04724409448818897572, -0.8106299212598425674 ) ) ;
#299 = VERTEX_POINT ( 'NONE', #713 ) ;
#300 = VERTEX_POINT ( 'NONE', #1558 ) ;
#301 = VERTEX_POINT ( 'NONE', #1414 ) ;
#302 = DIRECTION ( 'NONE',  ( -1.000000000000000000, -0.0000000000000000000, -0.0000000000000000000 ) ) ;
#303 = DIRECTION ( 'NONE',  ( 1.000000000000000000, 0.0000000000000000000, 0.0000000000000000000 ) ) ;
#304 = CARTESIAN_POINT ( 'NONE',  ( -0.5000000000000000000, 0.05118110236220473758, -0.2539370078740160741 ) ) ;
#305 = CARTESIAN_POINT ( 'NONE',  ( -0.4527559055118109410, 0.5000000000000000000, -1.179921259842519721 ) ) ;
#306 = EDGE_CURVE ( 'NONE', #1568, #2238, #1040, .T. ) ;
#307 = EDGE_CURVE ( 'NONE', #529, #1534, #725, .T. ) ;
#308 = LINE ( 'NONE', #210, #580 ) ;
#309 = EDGE_LOOP ( 'NONE', ( #755, #1234, #865, #1492, #883, #1567 ) ) ;
#310 = VECTOR ( 'NONE', #989, 39.37007874015748143 ) ;
#311 = VECTOR ( 'NONE', #690, 39.37007874015748143 ) ;
#312 = ORIENTED_EDGE ( 'NONE', *, *, #1380, .T. ) ;
#313 = VECTOR ( 'NONE', #149, 39.37007874015748143 ) ;
#314 = VECTOR ( 'NONE', #1874, 39.37007874015748143 ) ;
#315 = LINE ( 'NONE', #471, #1418 ) ;
#316 = VECTOR ( 'NONE', #977, 39.37007874015748143 ) ;
#317 = CARTESIAN_POINT ( 'NONE',  ( -0.4999999999999999445, 0.5000000000000000000, -1.179921259842519721 ) ) ;
#318 = PLANE ( 'NONE',  #1840 ) ;
#319 = DIRECTION ( 'NONE',  ( -0.07692307692307645550, -0.9970370305242861608, 0.0000000000000000000 ) ) ;
#320 = CARTESIAN_POINT ( 'NONE',  ( -0.5000000000000000000, 0.05118110236220473758, -0.4232283464566931608 ) ) ;
#321 = CARTESIAN_POINT ( 'NONE',  ( -0.4527559055118109410, 0.5000000000000000000, -0.4232283464566931608 ) ) ;
#322 = ORIENTED_EDGE ( 'NONE', *, *, #1298, .T. ) ;
#323 = ORIENTED_EDGE ( 'NONE', *, *, #1041, .F. ) ;
#324 = ORIENTED_EDGE ( 'NONE', *, *, #472, .F. ) ;
#325 = VERTEX_POINT ( 'NONE', #2145 ) ;
#326 = DIRECTION ( 'NONE',  ( -0.0000000000000000000, -0.0000000000000000000, -1.000000000000000000 ) ) ;
#327 = DIRECTION ( 'NONE',  ( 1.000000000000000000, -1.365923996832131856E-16, 0.0000000000000000000 ) ) ;
#328 = CARTESIAN_POINT ( 'NONE',  ( -0.4488188976377953110, 0.05118110236220473064, 0.0000000000000000000 ) ) ;
#329 = ORIENTED_EDGE ( 'NONE', *, *, #625, .T. ) ;
#330 = CARTESIAN_POINT ( 'NONE',  ( 0.4999999999999999445, 0.5000000000000000000, -1.179921259842519721 ) ) ;
#331 = CARTESIAN_POINT ( 'NONE',  ( 0.4488188976377951445, 0.05118110236220473064, -0.1692913385826773642 ) ) ;
#332 = ORIENTED_EDGE ( 'NONE', *, *, #1674, .F. ) ;
#333 = VECTOR ( 'NONE', #1114, 39.37007874015748143 ) ;
#334 = ORIENTED_EDGE ( 'NONE', *, *, #1533, .F. ) ;
#335 = ORIENTED_EDGE ( 'NONE', *, *, #230, .T. ) ;
#336 = APPROVAL_DATE_TIME ( #898, #877 ) ;
#337 = ADVANCED_FACE ( 'NONE', ( #1745 ), #352, .F. ) ;
#338 = CARTESIAN_POINT ( 'NONE',  ( -0.5000000000000000000, 0.0000000000000000000, -1.179921259842519721 ) ) ;
#339 = PLANE ( 'NONE',  #2137 ) ;
#340 = DIRECTION ( 'NONE',  ( -1.000000000000000000, -1.365923996832131856E-16, -0.0000000000000000000 ) ) ;
#341 = ORIENTED_EDGE ( 'NONE', *, *, #1790, .F. ) ;
#342 = CARTESIAN_POINT ( 'NONE',  ( -0.4999999999999999445, 0.5000000000000000000, -0.1692913385826775030 ) ) ;
#343 = CARTESIAN_POINT ( 'NONE',  ( -0.07677165354330708902, -1.707404996040164512E-17, -0.5893700787401575658 ) ) ;
#344 = ORIENTED_EDGE ( 'NONE', *, *, #1604, .F. ) ;
#345 = ORIENTED_EDGE ( 'NONE', *, *, #1575, .T. ) ;
#346 = VECTOR ( 'NONE', #1666, 39.37007874015748143 ) ;
#347 = VECTOR ( 'NONE', #1441, 39.37007874015748143 ) ;
#348 = VERTEX_POINT ( 'NONE', #1966 ) ;
#349 = APPROVAL_STATUS ( 'not_yet_approved' ) ;
#350 = CIRCLE ( 'NONE', #910, 0.05118110236220468900 ) ;
#351 = VECTOR ( 'NONE', #1406, 39.37007874015748143 ) ;
#352 = PLANE ( 'NONE',  #1911 ) ;
#353 = CARTESIAN_POINT ( 'NONE',  ( -0.5000000000000000000, 0.05118110236220473758, -0.1692913385826775030 ) ) ;
#354 = CIRCLE ( 'NONE', #1959, 0.05118110236220468900 ) ;
#355 = LINE ( 'NONE', #1070, #866 ) ;
#356 = ORIENTED_EDGE ( 'NONE', *, *, #1512, .T. ) ;
#357 = AXIS2_PLACEMENT_3D ( 'NONE', #1130, #614, #2183 ) ;
#358 = ADVANCED_FACE ( 'NONE', ( #1068 ), #1080, .F. ) ;
#359 = DIRECTION ( 'NONE',  ( 0.0000000000000000000, 0.0000000000000000000, 1.000000000000000000 ) ) ;
#360 = LINE ( 'NONE', #2104, #2174 ) ;
#361 = ORIENTED_EDGE ( 'NONE', *, *, #64, .T. ) ;
#362 = VERTEX_POINT ( 'NONE', #175 ) ;
#363 = ORIENTED_EDGE ( 'NONE', *, *, #213, .T. ) ;
#364 = APPROVAL_ROLE ( '' ) ;
#365 = DIRECTION ( 'NONE',  ( 0.0000000000000000000, 0.0000000000000000000, -1.000000000000000000 ) ) ;
#366 = CARTESIAN_POINT ( 'NONE',  ( -0.4999999999999999445, 0.5000000000000000000, -1.179921259842519721 ) ) ;
#367 = DIRECTION ( 'NONE',  ( 1.000000000000000000, -8.673617379884087537E-15, 0.0000000000000000000 ) ) ;
#368 = ORIENTED_EDGE ( 'NONE', *, *, #610, .F. ) ;
#369 = CARTESIAN_POINT ( 'NONE',  ( -0.4527559055118110520, 0.0001516480440325926717, -0.4655511811023623769 ) ) ;
#370 = ADVANCED_FACE ( 'NONE', ( #2278 ), #2131, .F. ) ;
#371 = EDGE_CURVE ( 'NONE', #729, #1984, #1216, .T. ) ;
#372 = DIRECTION ( 'NONE',  ( 0.0000000000000000000, 1.000000000000000000, 0.0000000000000000000 ) ) ;
#373 = ORIENTED_EDGE ( 'NONE', *, *, #2054, .F. ) ;
#374 = ORIENTED_EDGE ( 'NONE', *, *, #844, .F. ) ;
#375 = ORIENTED_EDGE ( 'NONE', *, *, #2255, .F. ) ;
#376 = COORDINATED_UNIVERSAL_TIME_OFFSET ( 0, 0, .AHEAD. ) ;
#377 = DIRECTION ( 'NONE',  ( 0.0000000000000000000, 0.0000000000000000000, 1.000000000000000000 ) ) ;
#378 = LOCAL_TIME ( 17, 8, 26.00000000000000000, #1039 ) ;
#379 = CARTESIAN_POINT ( 'NONE',  ( -4.064477368823694558E-17, -1.707404996040164512E-17, -0.8106299212598425674 ) ) ;
#380 = ORIENTED_EDGE ( 'NONE', *, *, #197, .T. ) ;
#381 = DIRECTION ( 'NONE',  ( 0.0000000000000000000, 1.000000000000000000, 0.0000000000000000000 ) ) ;
#382 = CARTESIAN_POINT ( 'NONE',  ( -0.4999999999999999445, 0.5000000000000000000, -0.6771653543307086798 ) ) ;
#383 = DIRECTION ( 'NONE',  ( 0.0000000000000000000, 0.0000000000000000000, 1.000000000000000000 ) ) ;
#384 = EDGE_CURVE ( 'NONE', #1752, #1001, #856, .T. ) ;
#385 = EDGE_LOOP ( 'NONE', ( #1403, #1376, #1935, #1730 ) ) ;
#386 = EDGE_CURVE ( 'NONE', #1794, #348, #873, .T. ) ;
#387 = EDGE_LOOP ( 'NONE', ( #1649, #1063, #764, #854 ) ) ;
#388 = VECTOR ( 'NONE', #359, 39.37007874015748143 ) ;
#389 = DIRECTION ( 'NONE',  ( 0.07692307692308045231, -0.9970370305242858278, 0.0000000000000000000 ) ) ;
#390 = VECTOR ( 'NONE', #101, 39.37007874015748143 ) ;
#391 = FACE_OUTER_BOUND ( 'NONE', #1753, .T. ) ;
#392 = AXIS2_PLACEMENT_3D ( 'NONE', #647, #2231, #635 ) ;
#393 = DIRECTION ( 'NONE',  ( 1.000000000000000000, -8.673617379884087537E-15, 0.0000000000000000000 ) ) ;
#394 = PLANE ( 'NONE',  #730 ) ;
#395 = VECTOR ( 'NONE', #1905, 39.37007874015748143 ) ;
#396 = CARTESIAN_POINT ( 'NONE',  ( 0.0000000000000000000, -1.707404996040164512E-17, -0.5893700787401575658 ) ) ;
#397 = ORIENTED_EDGE ( 'NONE', *, *, #1074, .T. ) ;
#398 = ORIENTED_EDGE ( 'NONE', *, *, #11, .T. ) ;
#399 = ADVANCED_FACE ( 'NONE', ( #1796 ), #1405, .T. ) ;
#400 = ADVANCED_FACE ( 'NONE', ( #1171 ), #2077, .T. ) ;
#401 = LINE ( 'NONE', #1322, #333 ) ;
#402 = CARTESIAN_POINT ( 'NONE',  ( 0.4527559055118108855, 0.5000000000000000000, -0.1692913385826775030 ) ) ;
#403 = DIRECTION ( 'NONE',  ( 0.0000000000000000000, 1.000000000000000000, 0.0000000000000000000 ) ) ;
#404 = DIRECTION ( 'NONE',  ( -0.0000000000000000000, -0.0000000000000000000, -1.000000000000000000 ) ) ;
#405 = CARTESIAN_POINT ( 'NONE',  ( -0.5000000000000000000, 0.0000000000000000000, 0.0000000000000000000 ) ) ;
#406 = FACE_OUTER_BOUND ( 'NONE', #1454, .T. ) ;
#407 = ORIENTED_EDGE ( 'NONE', *, *, #1851, .F. ) ;
#408 = EDGE_LOOP ( 'NONE', ( #341, #1285, #1933, #1306 ) ) ;
#409 = EDGE_CURVE ( 'NONE', #1296, #1534, #117, .T. ) ;
#410 = CARTESIAN_POINT ( 'NONE',  ( 0.4999999999999998335, 0.5000000000000000000, -0.2539370078740157410 ) ) ;
#411 = EDGE_CURVE ( 'NONE', #325, #1923, #722, .T. ) ;
#412 = LOCAL_TIME ( 17, 8, 26.00000000000000000, #1226 ) ;
#413 = DIRECTION ( 'NONE',  ( 0.0000000000000000000, -0.0000000000000000000, 1.000000000000000000 ) ) ;
#414 = CARTESIAN_POINT ( 'NONE',  ( 0.4527559055118108855, 0.05118110236220471676, -1.179921259842519721 ) ) ;
#415 = DIRECTION ( 'NONE',  ( 1.000000000000000000, 0.0000000000000000000, 0.0000000000000000000 ) ) ;
#416 = ORIENTED_EDGE ( 'NONE', *, *, #371, .T. ) ;
#417 = PLANE ( 'NONE',  #1438 ) ;
#418 = CARTESIAN_POINT ( 'NONE',  ( -0.4999999999999999445, 0.0000000000000000000, -0.7618110236220471121 ) ) ;
#419 = ORIENTED_EDGE ( 'NONE', *, *, #1445, .T. ) ;
#420 = ORIENTED_EDGE ( 'NONE', *, *, #880, .T. ) ;
#421 = DIRECTION ( 'NONE',  ( 1.000000000000000000, 0.0000000000000000000, 0.0000000000000000000 ) ) ;
#422 = CARTESIAN_POINT ( 'NONE',  ( 0.4491217443973348211, 0.04725575972234533767, -0.7618110236220471121 ) ) ;
#423 = PRODUCT_RELATED_PRODUCT_CATEGORY ( 'detail', '', ( #186 ) ) ;
#424 = PLANE ( 'NONE',  #1910 ) ;
#425 = VECTOR ( 'NONE', #1430, 39.37007874015748143 ) ;
#426 = CIRCLE ( 'NONE', #1802, 0.003937007874015724558 ) ;
#427 = DIRECTION ( 'NONE',  ( 1.365923996832131856E-16, 1.000000000000000000, 0.0000000000000000000 ) ) ;
#428 = CIRCLE ( 'NONE', #2028, 0.07677165354330710290 ) ;
#429 = VECTOR ( 'NONE', #1682, 39.37007874015748143 ) ;
#430 = EDGE_CURVE ( 'NONE', #529, #1794, #986, .T. ) ;
#431 = DIRECTION ( 'NONE',  ( -1.000000000000000000, 0.0000000000000000000, 0.0000000000000000000 ) ) ;
#432 = VECTOR ( 'NONE', #1294, 39.37007874015748143 ) ;
#433 = CARTESIAN_POINT ( 'NONE',  ( 0.4488188976377951445, 0.05118110236220473064, -0.6771653543307084577 ) ) ;
#434 = ORIENTED_EDGE ( 'NONE', *, *, #1706, .F. ) ;
#435 = ORIENTED_EDGE ( 'NONE', *, *, #806, .T. ) ;
#436 = CARTESIAN_POINT ( 'NONE',  ( -0.4488188976377953110, 0.05118110236220473064, -0.1692913385826775030 ) ) ;
#437 = DIRECTION ( 'NONE',  ( 0.0000000000000000000, 0.0000000000000000000, -1.000000000000000000 ) ) ;
#438 = CARTESIAN_POINT ( 'NONE',  ( -0.5000000000000000000, 0.0000000000000000000, -1.179921259842519721 ) ) ;
#439 = CARTESIAN_POINT ( 'NONE',  ( -0.4999999999999999445, 0.5000000000000000000, -0.1692913385826775030 ) ) ;
#440 = VERTEX_POINT ( 'NONE', #1190 ) ;
#441 = LINE ( 'NONE', #2205, #316 ) ;
#442 = EDGE_CURVE ( 'NONE', #2300, #1781, #1539, .T. ) ;
#443 = EDGE_CURVE ( 'NONE', #1048, #1307, #102, .T. ) ;
#444 = DIRECTION ( 'NONE',  ( 0.0000000000000000000, 1.000000000000000000, 0.0000000000000000000 ) ) ;
#445 = ORIENTED_EDGE ( 'NONE', *, *, #386, .F. ) ;
#446 = CARTESIAN_POINT ( 'NONE',  ( 0.4999999999999998335, 0.5000000000000000000, -0.9311023622047243098 ) ) ;
#447 = ORIENTED_EDGE ( 'NONE', *, *, #1706, .T. ) ;
#448 = LINE ( 'NONE', #1663, #706 ) ;
#449 = CARTESIAN_POINT ( 'NONE',  ( 0.4999999999999998335, 0.05118110236220469594, -0.9311023622047243098 ) ) ;
#450 = CARTESIAN_POINT ( 'NONE',  ( -0.4999999999999999445, 0.0000000000000000000, -0.1692913385826771699 ) ) ;
#451 = CARTESIAN_POINT ( 'NONE',  ( 0.07677165354330708902, -1.707404996040164512E-17, -0.5893700787401575658 ) ) ;
#452 = VECTOR ( 'NONE', #1535, 39.37007874015748143 ) ;
#453 = UNCERTAINTY_MEASURE_WITH_UNIT (LENGTH_MEASURE( 1.000000000000000082E-05 ), #1345, 'distance_accuracy_value', 'NONE');
#454 = EDGE_CURVE ( 'NONE', #682, #572, #1725, .T. ) ;
#455 = CARTESIAN_POINT ( 'NONE',  ( -0.4491217443973349877, 0.04725575972234533767, -0.2539370078740157965 ) ) ;
#456 = EDGE_CURVE ( 'NONE', #572, #1083, #1013, .T. ) ;
#457 = ORIENTED_EDGE ( 'NONE', *, *, #1443, .T. ) ;
#458 = CARTESIAN_POINT ( 'NONE',  ( 0.4999999999999998335, 0.5000000000000000000, -0.7618110236220472231 ) ) ;
#459 = VERTEX_POINT ( 'NONE', #1336 ) ;
#460 = EDGE_CURVE ( 'NONE', #1077, #440, #1497, .T. ) ;
#461 = DIRECTION ( 'NONE',  ( 0.0000000000000000000, 0.0000000000000000000, -1.000000000000000000 ) ) ;
#462 = DIRECTION ( 'NONE',  ( 0.0000000000000000000, -0.0000000000000000000, 1.000000000000000000 ) ) ;
#463 = DIRECTION ( 'NONE',  ( 0.0000000000000000000, 0.0000000000000000000, 1.000000000000000000 ) ) ;
#464 = DIRECTION ( 'NONE',  ( 0.0000000000000000000, 0.0000000000000000000, 1.000000000000000000 ) ) ;
#465 = AXIS2_PLACEMENT_3D ( 'NONE', #1891, #621, #303 ) ;
#466 = FACE_OUTER_BOUND ( 'NONE', #155, .T. ) ;
#467 = AXIS2_PLACEMENT_3D ( 'NONE', #366, #1950, #2085 ) ;
#468 = ORIENTED_EDGE ( 'NONE', *, *, #1983, .F. ) ;
#469 = VECTOR ( 'NONE', #2090, 39.37007874015748143 ) ;
#470 = VERTEX_POINT ( 'NONE', #304 ) ;
#471 = CARTESIAN_POINT ( 'NONE',  ( 0.4527559055118111075, 0.0001516480440326097479, -1.010629921259842412 ) ) ;
#472 = EDGE_CURVE ( 'NONE', #2178, #8, #724, .T. ) ;
#473 = EDGE_CURVE ( 'NONE', #1546, #76, #120, .T. ) ;
#474 = DIRECTION ( 'NONE',  ( 0.0000000000000000000, 0.0000000000000000000, -1.000000000000000000 ) ) ;
#475 = DIRECTION ( 'NONE',  ( 1.365923996832131856E-16, -1.000000000000000000, 0.0000000000000000000 ) ) ;
#476 = DIRECTION ( 'NONE',  ( 0.0000000000000000000, 0.0000000000000000000, 1.000000000000000000 ) ) ;
#477 = CARTESIAN_POINT ( 'NONE',  ( 0.4527559055118107745, 0.05118110236220475839, -0.1692913385826775030 ) ) ;
#478 = VERTEX_POINT ( 'NONE', #69 ) ;
#479 = ORIENTED_EDGE ( 'NONE', *, *, #201, .T. ) ;
#480 = ORIENTED_EDGE ( 'NONE', *, *, #1206, .T. ) ;
#481 = CARTESIAN_POINT ( 'NONE',  ( -0.4491217443973349877, 0.04725575972234533767, -0.4232283464566931608 ) ) ;
#482 = CARTESIAN_POINT ( 'NONE',  ( -0.4999999999999999445, 0.5000000000000000000, -1.179921259842519721 ) ) ;
#483 = DIRECTION ( 'NONE',  ( 1.000000000000000000, 0.0000000000000000000, 0.0000000000000000000 ) ) ;
#484 = EDGE_CURVE ( 'NONE', #1709, #1670, #1528, .T. ) ;
#485 = DIRECTION ( 'NONE',  ( -1.000000000000000000, -1.365923996832131856E-16, -0.0000000000000000000 ) ) ;
#486 = VECTOR ( 'NONE', #225, 39.37007874015748143 ) ;
#487 = CARTESIAN_POINT ( 'NONE',  ( 0.4999999999999999445, 0.5000000000000000000, -1.179921259842519721 ) ) ;
#488 = ORIENTED_EDGE ( 'NONE', *, *, #1588, .F. ) ;
#489 = ORIENTED_EDGE ( 'NONE', *, *, #1280, .F. ) ;
#490 = LINE ( 'NONE', #1199, #754 ) ;
#491 = CARTESIAN_POINT ( 'NONE',  ( 0.5000000000000000000, 0.05118110236220469594, -1.179921259842519721 ) ) ;
#492 = CARTESIAN_POINT ( 'NONE',  ( -0.4999999999999999445, 0.0000000000000000000, -0.9311023622047243098 ) ) ;
#493 = DIRECTION ( 'NONE',  ( 1.000000000000000000, -1.365923996832131856E-16, 0.0000000000000000000 ) ) ;
#494 = EDGE_CURVE ( 'NONE', #884, #7, #2070, .T. ) ;
#495 = CARTESIAN_POINT ( 'NONE',  ( -0.5000000000000000000, 0.05118110236220473758, -0.6771653543307086798 ) ) ;
#496 = ORIENTED_EDGE ( 'NONE', *, *, #793, .T. ) ;
#497 = AXIS2_PLACEMENT_3D ( 'NONE', #99, #493, #152 ) ;
#498 = ORIENTED_EDGE ( 'NONE', *, *, #1193, .T. ) ;
#499 = CIRCLE ( 'NONE', #1765, 0.003937007874015724558 ) ;
#500 = VERTEX_POINT ( 'NONE', #2037 ) ;
#501 = DIRECTION ( 'NONE',  ( 0.0000000000000000000, 0.0000000000000000000, 1.000000000000000000 ) ) ;
#502 = AXIS2_PLACEMENT_3D ( 'NONE', #2125, #1779, #1930 ) ;
#503 = DIRECTION ( 'NONE',  ( 0.0000000000000000000, 1.000000000000000000, 0.0000000000000000000 ) ) ;
#504 = CARTESIAN_POINT ( 'NONE',  ( -0.4999999999999999445, 0.0000000000000000000, -0.6771653543307085688 ) ) ;
#505 = DIRECTION ( 'NONE',  ( -0.0000000000000000000, -0.0000000000000000000, -1.000000000000000000 ) ) ;
#506 = ORIENTED_EDGE ( 'NONE', *, *, #1298, .F. ) ;
#507 = CARTESIAN_POINT ( 'NONE',  ( 0.4999999999999999445, 0.5000000000000000000, -1.179921259842519721 ) ) ;
#508 = EDGE_CURVE ( 'NONE', #1526, #258, #1508, .T. ) ;
#509 = CARTESIAN_POINT ( 'NONE',  ( -0.4527559055118109410, 0.5000000000000000000, -0.9311023622047243098 ) ) ;
#510 = ORIENTED_EDGE ( 'NONE', *, *, #1547, .F. ) ;
#511 = EDGE_CURVE ( 'NONE', #362, #131, #94, .T. ) ;
#512 = VERTEX_POINT ( 'NONE', #974 ) ;
#513 = ORIENTED_EDGE ( 'NONE', *, *, #2254, .F. ) ;
#514 = PERSON_AND_ORGANIZATION_ROLE ( 'design_supplier' ) ;
#515 = FACE_OUTER_BOUND ( 'NONE', #24, .T. ) ;
#516 = DIRECTION ( 'NONE',  ( 0.0000000000000000000, 0.0000000000000000000, 1.000000000000000000 ) ) ;
#517 = CARTESIAN_POINT ( 'NONE',  ( 0.4527559055118108855, 0.5000000000000000000, -0.5078740157480317041 ) ) ;
#518 = ORIENTED_EDGE ( 'NONE', *, *, #1271, .F. ) ;
#519 = LINE ( 'NONE', #1166, #609 ) ;
#520 = CARTESIAN_POINT ( 'NONE',  ( 0.4999999999999997780, 0.0000000000000000000, -0.2539370078740157410 ) ) ;
#521 = VECTOR ( 'NONE', #108, 39.37007874015748143 ) ;
#522 = ORIENTED_EDGE ( 'NONE', *, *, #183, .T. ) ;
#523 = ORIENTED_EDGE ( 'NONE', *, *, #697, .T. ) ;
#524 = CALENDAR_DATE ( 2019, 25, 10 ) ;
#525 = CARTESIAN_POINT ( 'NONE',  ( 0.5000000000000000000, 0.05118110236220469594, -1.179921259842519721 ) ) ;
#526 = EDGE_CURVE ( 'NONE', #676, #529, #947, .T. ) ;
#527 = CARTESIAN_POINT ( 'NONE',  ( -0.5000000000000000000, 0.05118110236220473758, -1.179921259842519721 ) ) ;
#528 = DIRECTION ( 'NONE',  ( 1.000000000000000000, 0.0000000000000000000, 0.0000000000000000000 ) ) ;
#529 = VERTEX_POINT ( 'NONE', #2227 ) ;
#530 = DIRECTION ( 'NONE',  ( 0.07692307692308045231, -0.9970370305242858278, 0.0000000000000000000 ) ) ;
#531 = DIRECTION ( 'NONE',  ( 0.0000000000000000000, 0.0000000000000000000, 1.000000000000000000 ) ) ;
#532 = ORIENTED_EDGE ( 'NONE', *, *, #1688, .T. ) ;
#533 = EDGE_LOOP ( 'NONE', ( #639, #1324, #897, #380 ) ) ;
#534 = ORIENTED_EDGE ( 'NONE', *, *, #1778, .F. ) ;
#535 = CIRCLE ( 'NONE', #1245, 0.05118110236220468900 ) ;
#536 = VECTOR ( 'NONE', #1949, 39.37007874015748143 ) ;
#537 = ORIENTED_EDGE ( 'NONE', *, *, #610, .T. ) ;
#538 = SHAPE_DEFINITION_REPRESENTATION ( #1249, #135 ) ;
#539 = VECTOR ( 'NONE', #1572, 39.37007874015748143 ) ;
#540 = AXIS2_PLACEMENT_3D ( 'NONE', #1967, #1723, #1379 ) ;
#541 = CARTESIAN_POINT ( 'NONE',  ( -0.4527559055118109410, 0.5000000000000000000, -0.6771653543307086798 ) ) ;
#542 = CARTESIAN_POINT ( 'NONE',  ( -0.4488188976377953110, 0.05118110236220473064, -1.179921259842519721 ) ) ;
#543 = VECTOR ( 'NONE', #807, 39.37007874015748143 ) ;
#544 = ADVANCED_FACE ( 'NONE', ( #633 ), #1885, .T. ) ;
#545 = DIRECTION ( 'NONE',  ( 0.0000000000000000000, -1.000000000000000000, 0.0000000000000000000 ) ) ;
#546 = EDGE_CURVE ( 'NONE', #131, #1787, #1182, .T. ) ;
#547 = EDGE_LOOP ( 'NONE', ( #2202, #2151, #1732, #523 ) ) ;
#548 = VECTOR ( 'NONE', #904, 39.37007874015748143 ) ;
#549 = CARTESIAN_POINT ( 'NONE',  ( 0.4527559055118111075, 0.0001516480440326097479, -0.9708661417322833609 ) ) ;
#550 = CARTESIAN_POINT ( 'NONE',  ( -0.4527559055118110520, -6.453184237002196221E-18, -1.179921259842519721 ) ) ;
#551 = VERTEX_POINT ( 'NONE', #714 ) ;
#552 = ORIENTED_EDGE ( 'NONE', *, *, #679, .F. ) ;
#553 = EDGE_LOOP ( 'NONE', ( #1741, #1422, #841, #1974, #649, #1808, #1793, #1187, #2241, #589, #1095, #1213 ) ) ;
#554 = DIRECTION ( 'NONE',  ( 0.0000000000000000000, 1.000000000000000000, 0.0000000000000000000 ) ) ;
#555 = DIRECTION ( 'NONE',  ( -0.0000000000000000000, -0.0000000000000000000, -1.000000000000000000 ) ) ;
#556 = EDGE_CURVE ( 'NONE', #928, #478, #2266, .T. ) ;
#557 = ORIENTED_EDGE ( 'NONE', *, *, #1455, .T. ) ;
#558 = EDGE_CURVE ( 'NONE', #912, #1078, #1506, .T. ) ;
#559 = DIRECTION ( 'NONE',  ( 0.0000000000000000000, 0.0000000000000000000, 1.000000000000000000 ) ) ;
#560 = DIRECTION ( 'NONE',  ( 0.0000000000000000000, 1.000000000000000000, 0.0000000000000000000 ) ) ;
#561 = EDGE_CURVE ( 'NONE', #1596, #151, #1415, .T. ) ;
#562 = DIRECTION ( 'NONE',  ( 1.365923996832131856E-16, 1.000000000000000000, 0.0000000000000000000 ) ) ;
#563 = EDGE_LOOP ( 'NONE', ( #708, #1565, #993, #537 ) ) ;
#564 = ORIENTED_EDGE ( 'NONE', *, *, #970, .F. ) ;
#565 = CARTESIAN_POINT ( 'NONE',  ( -0.4999999999999999445, 0.0000000000000000000, -1.010629921259842412 ) ) ;
#566 = DIRECTION ( 'NONE',  ( 0.0000000000000000000, -1.000000000000000000, 0.0000000000000000000 ) ) ;
#567 = DIRECTION ( 'NONE',  ( 0.0000000000000000000, 0.0000000000000000000, -1.000000000000000000 ) ) ;
#568 = CARTESIAN_POINT ( 'NONE',  ( 0.4999999999999998335, 0.5000000000000000000, -0.4232283464566929387 ) ) ;
#569 = DIRECTION ( 'NONE',  ( 0.0000000000000000000, 0.0000000000000000000, 1.000000000000000000 ) ) ;
#570 = ADVANCED_FACE ( 'NONE', ( #1237 ), #1551, .F. ) ;
#571 = ADVANCED_FACE ( 'NONE', ( #1939 ), #318, .F. ) ;
#572 = VERTEX_POINT ( 'NONE', #2257 ) ;
#573 = ORIENTED_EDGE ( 'NONE', *, *, #879, .T. ) ;
#574 = VECTOR ( 'NONE', #1407, 39.37007874015748143 ) ;
#575 = DIRECTION ( 'NONE',  ( 0.0000000000000000000, 1.000000000000000000, 0.0000000000000000000 ) ) ;
#576 = CARTESIAN_POINT ( 'NONE',  ( 0.4999999999999998335, 0.5000000000000000000, -0.9311023622047243098 ) ) ;
#577 = VECTOR ( 'NONE', #1747, 39.37007874015748143 ) ;
#578 = CARTESIAN_POINT ( 'NONE',  ( -0.4488188976377953110, 0.0000000000000000000, -1.179921259842519721 ) ) ;
#579 = DIRECTION ( 'NONE',  ( -1.000000000000000000, -1.365923996832131856E-16, 0.0000000000000000000 ) ) ;
#580 = VECTOR ( 'NONE', #1221, 39.37007874015748143 ) ;
#581 = DIRECTION ( 'NONE',  ( -1.000000000000000000, -0.0000000000000000000, -0.0000000000000000000 ) ) ;
#582 = FACE_OUTER_BOUND ( 'NONE', #2272, .T. ) ;
#583 = ADVANCED_FACE ( 'NONE', ( #675 ), #339, .F. ) ;
#584 = ORIENTED_EDGE ( 'NONE', *, *, #2285, .T. ) ;
#585 = DIRECTION ( 'NONE',  ( -1.000000000000000000, -1.365923996832131856E-16, -0.0000000000000000000 ) ) ;
#586 = FACE_OUTER_BOUND ( 'NONE', #2092, .T. ) ;
#587 = DIRECTION ( 'NONE',  ( 0.0000000000000000000, 0.0000000000000000000, 1.000000000000000000 ) ) ;
#588 = CARTESIAN_POINT ( 'NONE',  ( -0.4527559055118110520, -6.453184237002196221E-18, -1.010629921259842412 ) ) ;
#589 = ORIENTED_EDGE ( 'NONE', *, *, #511, .T. ) ;
#590 = LINE ( 'NONE', #1636, #1105 ) ;
#591 = FACE_OUTER_BOUND ( 'NONE', #1899, .T. ) ;
#592 = ORIENTED_EDGE ( 'NONE', *, *, #2160, .F. ) ;
#593 = VERTEX_POINT ( 'NONE', #353 ) ;
#594 = PLANE ( 'NONE',  #1205 ) ;
#595 = EDGE_CURVE ( 'NONE', #282, #2263, #499, .T. ) ;
#596 = AXIS2_PLACEMENT_3D ( 'NONE', #1389, #2083, #2057 ) ;
#597 = CARTESIAN_POINT ( 'NONE',  ( 0.4488188976377951445, 0.04724409448818897572, -1.179921259842519721 ) ) ;
#598 = DIRECTION ( 'NONE',  ( 0.0000000000000000000, 0.0000000000000000000, -1.000000000000000000 ) ) ;
#599 = PLANE ( 'NONE',  #1961 ) ;
#600 = ORIENTED_EDGE ( 'NONE', *, *, #26, .T. ) ;
#601 = CARTESIAN_POINT ( 'NONE',  ( 0.0000000000000000000, 0.04724409448818897572, -0.5893700787401575658 ) ) ;
#602 = CARTESIAN_POINT ( 'NONE',  ( 0.4491217443973348211, 0.04725575972234533767, -1.771620555101095729 ) ) ;
#603 = VERTEX_POINT ( 'NONE', #1069 ) ;
#604 = ORIENTED_EDGE ( 'NONE', *, *, #748, .T. ) ;
#605 = PLANE ( 'NONE',  #776 ) ;
#606 = VERTEX_POINT ( 'NONE', #176 ) ;
#607 = CARTESIAN_POINT ( 'NONE',  ( -0.4488188976377953110, 0.05118110236220473064, -0.9311023622047243098 ) ) ;
#608 = EDGE_CURVE ( 'NONE', #833, #1620, #2097, .T. ) ;
#609 = VECTOR ( 'NONE', #2211, 39.37007874015748143 ) ;
#610 = EDGE_CURVE ( 'NONE', #1296, #2274, #836, .T. ) ;
#611 = CARTESIAN_POINT ( 'NONE',  ( 0.4527559055118109410, 0.5000000000000000000, -1.179921259842519721 ) ) ;
#612 = VECTOR ( 'NONE', #1940, 39.37007874015748143 ) ;
#613 = AXIS2_PLACEMENT_3D ( 'NONE', #1694, #1519, #813 ) ;
#614 = DIRECTION ( 'NONE',  ( 0.0000000000000000000, 0.0000000000000000000, 1.000000000000000000 ) ) ;
#615 = AXIS2_PLACEMENT_3D ( 'NONE', #1141, #238, #403 ) ;
#616 = CARTESIAN_POINT ( 'NONE',  ( -0.4527559055118110520, 0.05118110236220473064, -0.9311023622047243098 ) ) ;
#617 = ORIENTED_EDGE ( 'NONE', *, *, #454, .T. ) ;
#618 = CARTESIAN_POINT ( 'NONE',  ( -0.4488188976377953110, 0.04724409448818897572, 0.0000000000000000000 ) ) ;
#619 = ORIENTED_EDGE ( 'NONE', *, *, #1632, .T. ) ;
#620 = CARTESIAN_POINT ( 'NONE',  ( 0.4999999999999997780, 0.0000000000000000000, -0.7618110236220472231 ) ) ;
#621 = DIRECTION ( 'NONE',  ( -0.0000000000000000000, -0.0000000000000000000, -1.000000000000000000 ) ) ;
#622 = CARTESIAN_POINT ( 'NONE',  ( 0.4527559055118109410, 0.5000000000000000000, 0.0000000000000000000 ) ) ;
#623 = ADVANCED_FACE ( 'NONE', ( #1594 ), #138, .T. ) ;
#624 = PLANE ( 'NONE',  #721 ) ;
#625 = EDGE_CURVE ( 'NONE', #1009, #1787, #1030, .T. ) ;
#626 = DIRECTION ( 'NONE',  ( 1.929185360294492124E-16, 0.0000000000000000000, 1.000000000000000000 ) ) ;
#627 = EDGE_CURVE ( 'NONE', #703, #2238, #1217, .T. ) ;
#628 = DIRECTION ( 'NONE',  ( 0.0000000000000000000, 0.0000000000000000000, 1.000000000000000000 ) ) ;
#629 = ORIENTED_EDGE ( 'NONE', *, *, #984, .F. ) ;
#630 = LINE ( 'NONE', #1332, #1253 ) ;
#631 = ORIENTED_EDGE ( 'NONE', *, *, #1310, .F. ) ;
#632 = DIRECTION ( 'NONE',  ( -1.000000000000000000, 0.0000000000000000000, 0.0000000000000000000 ) ) ;
#633 = FACE_OUTER_BOUND ( 'NONE', #957, .T. ) ;
#634 = DIRECTION ( 'NONE',  ( 0.0000000000000000000, 0.0000000000000000000, -1.000000000000000000 ) ) ;
#635 = DIRECTION ( 'NONE',  ( 1.000000000000000000, 0.0000000000000000000, 0.0000000000000000000 ) ) ;
#636 = VERTEX_POINT ( 'NONE', #2132 ) ;
#637 = EDGE_CURVE ( 'NONE', #1148, #2005, #858, .T. ) ;
#638 = EDGE_CURVE ( 'NONE', #657, #362, #1018, .T. ) ;
#639 = ORIENTED_EDGE ( 'NONE', *, *, #923, .F. ) ;
#640 = APPLICATION_PROTOCOL_DEFINITION ( 'international standard', 'config_control_design', 1994, #1873 ) ;
#641 = DIRECTION ( 'NONE',  ( 1.365923996832131856E-16, 1.000000000000000000, 0.0000000000000000000 ) ) ;
#642 = DIRECTION ( 'NONE',  ( 1.000000000000000000, 0.0000000000000000000, 0.0000000000000000000 ) ) ;
#643 = CARTESIAN_POINT ( 'NONE',  ( 0.4999999999999998335, 0.5000000000000000000, -1.010629921259842412 ) ) ;
#644 = VECTOR ( 'NONE', #365, 39.37007874015748143 ) ;
#645 = CIRCLE ( 'NONE', #1434, 0.003937007874015724558 ) ;
#646 = CIRCLE ( 'NONE', #540, 0.05118110236220468900 ) ;
#647 = CARTESIAN_POINT ( 'NONE',  ( 0.4488188976377951445, 0.05118110236220473064, -0.9311023622047243098 ) ) ;
#648 = CIRCLE ( 'NONE', #796, 0.05118110236220468900 ) ;
#649 = ORIENTED_EDGE ( 'NONE', *, *, #442, .T. ) ;
#650 = AXIS2_PLACEMENT_3D ( 'NONE', #951, #1656, #1489 ) ;
#651 = ORIENTED_EDGE ( 'NONE', *, *, #1522, .T. ) ;
#652 = EDGE_CURVE ( 'NONE', #2299, #1888, #646, .T. ) ;
#653 = LINE ( 'NONE', #1711, #521 ) ;
#654 = DIRECTION ( 'NONE',  ( 0.0000000000000000000, 0.0000000000000000000, -1.000000000000000000 ) ) ;
#655 = EDGE_CURVE ( 'NONE', #8, #1627, #125, .T. ) ;
#656 = DIRECTION ( 'NONE',  ( 1.000000000000000000, 0.0000000000000000000, 0.0000000000000000000 ) ) ;
#657 = VERTEX_POINT ( 'NONE', #941 ) ;
#658 = CARTESIAN_POINT ( 'NONE',  ( 0.4999999999999999445, 0.5000000000000000000, -1.179921259842519721 ) ) ;
#659 = CARTESIAN_POINT ( 'NONE',  ( -0.4527559055118110520, 0.05118110236220473064, -1.179921259842519721 ) ) ;
#660 = ORIENTED_EDGE ( 'NONE', *, *, #1633, .F. ) ;
#661 = ORIENTED_EDGE ( 'NONE', *, *, #1112, .F. ) ;
#662 = ORIENTED_EDGE ( 'NONE', *, *, #1168, .T. ) ;
#663 =( NAMED_UNIT ( * ) SI_UNIT ( $, .STERADIAN. ) SOLID_ANGLE_UNIT ( ) );
#664 = DIRECTION ( 'NONE',  ( 0.0000000000000000000, 0.0000000000000000000, 1.000000000000000000 ) ) ;
#665 = DIRECTION ( 'NONE',  ( 1.000000000000000000, 0.0000000000000000000, 0.0000000000000000000 ) ) ;
#666 = CARTESIAN_POINT ( 'NONE',  ( 0.4999999999999999445, 0.5000000000000000000, -1.179921259842519721 ) ) ;
#667 = ADVANCED_FACE ( 'NONE', ( #591 ), #190, .T. ) ;
#668 = LINE ( 'NONE', #507, #115 ) ;
#669 = CARTESIAN_POINT ( 'NONE',  ( 0.4999999999999999445, 0.5000000000000000000, -1.179921259842519721 ) ) ;
#670 = ORIENTED_EDGE ( 'NONE', *, *, #1453, .T. ) ;
#671 = EDGE_LOOP ( 'NONE', ( #751, #397, #1297, #672 ) ) ;
#672 = ORIENTED_EDGE ( 'NONE', *, *, #306, .F. ) ;
#673 =( NAMED_UNIT ( * ) PLANE_ANGLE_UNIT ( ) SI_UNIT ( $, .RADIAN. ) );
#674 = DIRECTION ( 'NONE',  ( 1.000000000000000000, -8.673617379884087537E-15, 0.0000000000000000000 ) ) ;
#675 = FACE_OUTER_BOUND ( 'NONE', #798, .T. ) ;
#676 = VERTEX_POINT ( 'NONE', #616 ) ;
#677 = DIRECTION ( 'NONE',  ( 0.0000000000000000000, 0.0000000000000000000, -1.000000000000000000 ) ) ;
#678 = ADVANCED_FACE ( 'NONE', ( #2029 ), #2208, .F. ) ;
#679 = EDGE_CURVE ( 'NONE', #325, #735, #797, .T. ) ;
#680 = DIRECTION ( 'NONE',  ( 0.0000000000000000000, 1.000000000000000000, 0.0000000000000000000 ) ) ;
#681 = PLANE ( 'NONE',  #1362 ) ;
#682 = VERTEX_POINT ( 'NONE', #1513 ) ;
#683 = AXIS2_PLACEMENT_3D ( 'NONE', #2012, #2204, #415 ) ;
#684 = AXIS2_PLACEMENT_3D ( 'NONE', #317, #1029, #136 ) ;
#685 = ORIENTED_EDGE ( 'NONE', *, *, #2065, .T. ) ;
#686 = EDGE_LOOP ( 'NONE', ( #2135, #967, #1871, #133, #2093, #420 ) ) ;
#687 = AXIS2_PLACEMENT_3D ( 'NONE', #1372, #2249, #293 ) ;
#688 = VERTEX_POINT ( 'NONE', #770 ) ;
#689 = AXIS2_PLACEMENT_3D ( 'NONE', #601, #1315, #569 ) ;
#690 = DIRECTION ( 'NONE',  ( -0.07692307692307512323, -0.9970370305242863829, 0.0000000000000000000 ) ) ;
#691 = DIRECTION ( 'NONE',  ( 0.0000000000000000000, 0.0000000000000000000, -1.000000000000000000 ) ) ;
#692 = LINE ( 'NONE', #517, #612 ) ;
#693 = ORIENTED_EDGE ( 'NONE', *, *, #2039, .F. ) ;
#694 = CARTESIAN_POINT ( 'NONE',  ( 0.4527559055118109410, 0.5000000000000000000, -1.179921259842519721 ) ) ;
#695 = EDGE_CURVE ( 'NONE', #154, #1660, #1138, .T. ) ;
#696 = LINE ( 'NONE', #1273, #1579 ) ;
#697 = EDGE_CURVE ( 'NONE', #2253, #1387, #900, .T. ) ;
#698 = ORIENTED_EDGE ( 'NONE', *, *, #1632, .F. ) ;
#699 = VERTEX_POINT ( 'NONE', #1146 ) ;
#700 = DIRECTION ( 'NONE',  ( 0.0000000000000000000, 0.0000000000000000000, -1.000000000000000000 ) ) ;
#701 = DIRECTION ( 'NONE',  ( -0.07692307692307646938, -0.9970370305242861608, 0.0000000000000000000 ) ) ;
#702 = DIRECTION ( 'NONE',  ( 0.0000000000000000000, 1.000000000000000000, 0.0000000000000000000 ) ) ;
#703 = VERTEX_POINT ( 'NONE', #1607 ) ;
#704 = LINE ( 'NONE', #342, #2034 ) ;
#705 = DIRECTION ( 'NONE',  ( -1.929185360294492124E-16, 0.0000000000000000000, -1.000000000000000000 ) ) ;
#706 = VECTOR ( 'NONE', #1159, 39.37007874015748143 ) ;
#707 = ORIENTED_EDGE ( 'NONE', *, *, #197, .F. ) ;
#708 = ORIENTED_EDGE ( 'NONE', *, *, #248, .T. ) ;
#709 = EDGE_CURVE ( 'NONE', #938, #1670, #1131, .T. ) ;
#710 = EDGE_CURVE ( 'NONE', #1701, #251, #2052, .T. ) ;
#711 = ORIENTED_EDGE ( 'NONE', *, *, #1126, .T. ) ;
#712 = APPROVAL_ROLE ( '' ) ;
#713 = CARTESIAN_POINT ( 'NONE',  ( -0.4999999999999999445, 0.5000000000000000000, -0.2539370078740160741 ) ) ;
#714 = CARTESIAN_POINT ( 'NONE',  ( 0.4488188976377951445, 0.0000000000000000000, 0.0000000000000000000 ) ) ;
#715 = CARTESIAN_POINT ( 'NONE',  ( -0.4527559055118109410, 0.0001516480440325841336, -0.9311023622047243098 ) ) ;
#716 = ORIENTED_EDGE ( 'NONE', *, *, #1512, .F. ) ;
#717 = CARTESIAN_POINT ( 'NONE',  ( 0.4527559055118108855, 0.5000000000000000000, -0.4232283464566931608 ) ) ;
#718 = CARTESIAN_POINT ( 'NONE',  ( -0.5000000000000000000, 0.05118110236220473758, 0.0000000000000000000 ) ) ;
#719 = ORIENTED_EDGE ( 'NONE', *, *, #1035, .F. ) ;
#720 = ORIENTED_EDGE ( 'NONE', *, *, #411, .T. ) ;
#721 = AXIS2_PLACEMENT_3D ( 'NONE', #1327, #1337, #427 ) ;
#722 = CIRCLE ( 'NONE', #15, 0.003937007874015724558 ) ;
#723 = EDGE_LOOP ( 'NONE', ( #1531, #42, #447, #2123 ) ) ;
#724 = CIRCLE ( 'NONE', #1474, 0.05118110236220468900 ) ;
#725 = LINE ( 'NONE', #1236, #347 ) ;
#726 = DIRECTION ( 'NONE',  ( 1.365923996832131609E-16, 1.000000000000000000, 0.0000000000000000000 ) ) ;
#727 = CIRCLE ( 'NONE', #1021, 0.07677165354330710290 ) ;
#728 = CARTESIAN_POINT ( 'NONE',  ( -0.4527559055118109410, 0.5000000000000000000, -1.179921259842519721 ) ) ;
#729 = VERTEX_POINT ( 'NONE', #956 ) ;
#730 = AXIS2_PLACEMENT_3D ( 'NONE', #193, #560, #1764 ) ;
#731 = CARTESIAN_POINT ( 'NONE',  ( 0.4488188976377951445, 0.05118110236220473064, -0.1692913385826773642 ) ) ;
#732 = LINE ( 'NONE', #1789, #1844 ) ;
#733 = LINE ( 'NONE', #2297, #1140 ) ;
#734 = ORIENTED_EDGE ( 'NONE', *, *, #411, .F. ) ;
#735 = VERTEX_POINT ( 'NONE', #257 ) ;
#736 = DIRECTION ( 'NONE',  ( 0.0000000000000000000, -0.0000000000000000000, 1.000000000000000000 ) ) ;
#737 = ORIENTED_EDGE ( 'NONE', *, *, #1509, .F. ) ;
#738 = PLANE ( 'NONE',  #991 ) ;
#739 = EDGE_CURVE ( 'NONE', #2300, #459, #2042, .T. ) ;
#740 = LINE ( 'NONE', #1457, #46 ) ;
#741 = CARTESIAN_POINT ( 'NONE',  ( -0.4999999999999999445, 0.5000000000000000000, -0.5078740157480317041 ) ) ;
#742 = ORIENTED_EDGE ( 'NONE', *, *, #1194, .T. ) ;
#743 = EDGE_LOOP ( 'NONE', ( #128, #1866, #1219, #335, #1769, #1946, #1162, #1179, #2232, #368, #1699, #156, #1485, #889, #184, #100, #2062, #88, #1955, #1704 ) ) ;
#744 = LINE ( 'NONE', #1463, #486 ) ;
#745 = ORIENTED_EDGE ( 'NONE', *, *, #1715, .F. ) ;
#746 = DIRECTION ( 'NONE',  ( 1.365923996832131856E-16, 1.000000000000000000, 0.0000000000000000000 ) ) ;
#747 = DIRECTION ( 'NONE',  ( 0.9970370305242859388, 0.07692307692308046618, -0.0000000000000000000 ) ) ;
#748 = EDGE_CURVE ( 'NONE', #2127, #1233, #73, .T. ) ;
#749 = LINE ( 'NONE', #1681, #1994 ) ;
#750 = VERTEX_POINT ( 'NONE', #965 ) ;
#751 = ORIENTED_EDGE ( 'NONE', *, *, #2229, .T. ) ;
#752 = AXIS2_PLACEMENT_3D ( 'NONE', #2122, #215, #367 ) ;
#753 = LINE ( 'NONE', #1653, #1938 ) ;
#754 = VECTOR ( 'NONE', #1912, 39.37007874015748143 ) ;
#755 = ORIENTED_EDGE ( 'NONE', *, *, #2130, .F. ) ;
#756 = VECTOR ( 'NONE', #148, 39.37007874015748143 ) ;
#757 = DIRECTION ( 'NONE',  ( -1.365923996832131609E-16, 1.000000000000000000, 0.0000000000000000000 ) ) ;
#758 = LINE ( 'NONE', #231, #2239 ) ;
#759 = AXIS2_PLACEMENT_3D ( 'NONE', #267, #2025, #431 ) ;
#760 = LINE ( 'NONE', #72, #2246 ) ;
#761 = CARTESIAN_POINT ( 'NONE',  ( 0.4999999999999998335, 0.5000000000000000000, -0.7618110236220472231 ) ) ;
#762 = ORIENTED_EDGE ( 'NONE', *, *, #296, .T. ) ;
#763 = EDGE_CURVE ( 'NONE', #884, #1307, #1647, .T. ) ;
#764 = ORIENTED_EDGE ( 'NONE', *, *, #1921, .T. ) ;
#765 = LINE ( 'NONE', #1676, #987 ) ;
#766 = DIRECTION ( 'NONE',  ( 0.0000000000000000000, 0.0000000000000000000, -1.000000000000000000 ) ) ;
#767 = LINE ( 'NONE', #2001, #166 ) ;
#768 = CYLINDRICAL_SURFACE ( 'NONE', #1990, 0.07677165354330710290 ) ;
#769 = CARTESIAN_POINT ( 'NONE',  ( 0.4527559055118109410, 0.5000000000000000000, -1.179921259842519721 ) ) ;
#770 = CARTESIAN_POINT ( 'NONE',  ( -0.07677165354330713065, -1.707404996040164512E-17, -0.8106299212598425674 ) ) ;
#771 = ORIENTED_EDGE ( 'NONE', *, *, #1495, .F. ) ;
#772 = ORIENTED_EDGE ( 'NONE', *, *, #167, .F. ) ;
#773 = ADVANCED_FACE ( 'NONE', ( #1340 ), #1839, .F. ) ;
#774 = ADVANCED_FACE ( 'NONE', ( #582 ), #250, .T. ) ;
#775 = DIRECTION ( 'NONE',  ( -0.0000000000000000000, -0.0000000000000000000, -1.000000000000000000 ) ) ;
#776 = AXIS2_PLACEMENT_3D ( 'NONE', #1299, #1505, #1820 ) ;
#777 = FACE_OUTER_BOUND ( 'NONE', #1062, .T. ) ;
#778 = DIRECTION ( 'NONE',  ( 1.365923996832131609E-16, -1.000000000000000000, 0.0000000000000000000 ) ) ;
#779 = LINE ( 'NONE', #1642, #2141 ) ;
#780 = EDGE_LOOP ( 'NONE', ( #2118, #1628, #1393, #903 ) ) ;
#781 = CARTESIAN_POINT ( 'NONE',  ( 0.4488188976377951445, 0.05118110236220473064, -1.010629921259842412 ) ) ;
#782 = DIRECTION ( 'NONE',  ( 0.0000000000000000000, 0.0000000000000000000, 1.000000000000000000 ) ) ;
#783 = ORIENTED_EDGE ( 'NONE', *, *, #1604, .T. ) ;
#784 = DIRECTION ( 'NONE',  ( 1.365923996832131609E-16, -1.000000000000000000, 0.0000000000000000000 ) ) ;
#785 = ORIENTED_EDGE ( 'NONE', *, *, #430, .T. ) ;
#786 = DIRECTION ( 'NONE',  ( -1.000000000000000000, 0.0000000000000000000, 0.0000000000000000000 ) ) ;
#787 = ADVANCED_FACE ( 'NONE', ( #406 ), #2197, .F. ) ;
#788 = CARTESIAN_POINT ( 'NONE',  ( -0.4999999999999999445, 0.5000000000000000000, 0.0000000000000000000 ) ) ;
#789 = CARTESIAN_POINT ( 'NONE',  ( -0.4999999999999999445, 0.5000000000000000000, -1.179921259842519721 ) ) ;
#790 = VECTOR ( 'NONE', #530, 39.37007874015748854 ) ;
#791 = VECTOR ( 'NONE', #1593, 39.37007874015748143 ) ;
#792 = FACE_OUTER_BOUND ( 'NONE', #533, .T. ) ;
#793 = EDGE_CURVE ( 'NONE', #1421, #1973, #55, .T. ) ;
#794 = VECTOR ( 'NONE', #628, 39.37007874015748143 ) ;
#795 = CARTESIAN_POINT ( 'NONE',  ( -0.07677165354330708902, -1.707404996040164512E-17, -0.5893700787401575658 ) ) ;
#796 = AXIS2_PLACEMENT_3D ( 'NONE', #2114, #1244, #1960 ) ;
#797 = LINE ( 'NONE', #63, #87 ) ;
#798 = EDGE_LOOP ( 'NONE', ( #771, #2143, #266, #552, #720, #1828 ) ) ;
#799 = DIRECTION ( 'NONE',  ( 1.365923996832131856E-16, -1.000000000000000000, 0.0000000000000000000 ) ) ;
#800 = ORIENTED_EDGE ( 'NONE', *, *, #2149, .F. ) ;
#801 = LINE ( 'NONE', #822, #452 ) ;
#802 = FACE_OUTER_BOUND ( 'NONE', #1780, .T. ) ;
#803 = DIRECTION ( 'NONE',  ( 0.07692307692308045231, -0.9970370305242858278, 0.0000000000000000000 ) ) ;
#804 = CARTESIAN_POINT ( 'NONE',  ( 0.4527559055118109410, 0.5000000000000000000, -1.179921259842519721 ) ) ;
#805 = EDGE_CURVE ( 'NONE', #3, #912, #1305, .T. ) ;
#806 = EDGE_CURVE ( 'NONE', #833, #1314, #1530, .T. ) ;
#807 = DIRECTION ( 'NONE',  ( 1.000000000000000000, -1.365923996832131856E-16, 0.0000000000000000000 ) ) ;
#808 = VERTEX_POINT ( 'NONE', #288 ) ;
#809 = DIRECTION ( 'NONE',  ( -0.07692307692307646938, -0.9970370305242861608, 0.0000000000000000000 ) ) ;
#810 = ORIENTED_EDGE ( 'NONE', *, *, #1777, .T. ) ;
#811 = FACE_OUTER_BOUND ( 'NONE', #1225, .T. ) ;
#812 = CARTESIAN_POINT ( 'NONE',  ( 0.4527559055118109410, 0.0001516480440325841336, -0.6771653543307084577 ) ) ;
#813 = DIRECTION ( 'NONE',  ( 0.0000000000000000000, 1.000000000000000000, -3.602887219336446183E-14 ) ) ;
#814 = DIRECTION ( 'NONE',  ( 0.0000000000000000000, 0.0000000000000000000, 1.000000000000000000 ) ) ;
#815 = LOCAL_TIME ( 17, 8, 26.00000000000000000, #376 ) ;
#816 = ADVANCED_FACE ( 'NONE', ( #817 ), #1374, .T. ) ;
#817 = FACE_OUTER_BOUND ( 'NONE', #1331, .T. ) ;
#818 = ORIENTED_EDGE ( 'NONE', *, *, #637, .F. ) ;
#819 = ADVANCED_FACE ( 'NONE', ( #112 ), #1523, .F. ) ;
#820 = ORIENTED_EDGE ( 'NONE', *, *, #546, .F. ) ;
#821 = VERTEX_POINT ( 'NONE', #455 ) ;
#822 = CARTESIAN_POINT ( 'NONE',  ( -0.5000000000000000000, 0.04724409448818897572, 0.0000000000000000000 ) ) ;
#823 = CARTESIAN_POINT ( 'NONE',  ( 0.4491217443973348211, 0.04725575972234533767, -1.771620555101095729 ) ) ;
#824 = DIRECTION ( 'NONE',  ( 0.0000000000000000000, 0.0000000000000000000, 1.000000000000000000 ) ) ;
#825 = DIRECTION ( 'NONE',  ( 1.365923996832131856E-16, -1.000000000000000000, 0.0000000000000000000 ) ) ;
#826 = VECTOR ( 'NONE', #814, 39.37007874015748143 ) ;
#827 = VECTOR ( 'NONE', #2110, 39.37007874015748143 ) ;
#828 = EDGE_CURVE ( 'NONE', #258, #2164, #2080, .T. ) ;
#829 = CARTESIAN_POINT ( 'NONE',  ( -0.4491217443973349877, 0.04725575972234533767, -1.266305594471174967 ) ) ;
#830 = AXIS2_PLACEMENT_3D ( 'NONE', #331, #383, #905 ) ;
#831 = EDGE_LOOP ( 'NONE', ( #419, #323, #592, #1814 ) ) ;
#832 = AXIS2_PLACEMENT_3D ( 'NONE', #1671, #89, #1684 ) ;
#833 = VERTEX_POINT ( 'NONE', #495 ) ;
#834 = EDGE_CURVE ( 'NONE', #735, #200, #2067, .T. ) ;
#835 = CARTESIAN_POINT ( 'NONE',  ( -0.5000000000000000000, 0.0000000000000000000, -0.4232283464566929387 ) ) ;
#836 = LINE ( 'NONE', #527, #1648 ) ;
#837 = DIRECTION ( 'NONE',  ( 0.0000000000000000000, 0.0000000000000000000, 1.000000000000000000 ) ) ;
#838 = DIRECTION ( 'NONE',  ( -0.0000000000000000000, -0.0000000000000000000, -1.000000000000000000 ) ) ;
#839 = ORIENTED_EDGE ( 'NONE', *, *, #2160, .T. ) ;
#840 = ORIENTED_EDGE ( 'NONE', *, *, #1353, .T. ) ;
#841 = ORIENTED_EDGE ( 'NONE', *, *, #196, .F. ) ;
#842 = CARTESIAN_POINT ( 'NONE',  ( 0.4527559055118109410, 0.5000000000000000000, -1.179921259842519721 ) ) ;
#843 = EDGE_CURVE ( 'NONE', #2000, #2164, #2271, .T. ) ;
#844 = EDGE_CURVE ( 'NONE', #200, #1635, #1020, .T. ) ;
#845 = CARTESIAN_POINT ( 'NONE',  ( 0.4999999999999997780, 0.0000000000000000000, -0.1692913385826771699 ) ) ;
#846 = CARTESIAN_POINT ( 'NONE',  ( -0.4527559055118110520, -6.453184237002196221E-18, -1.179921259842519721 ) ) ;
#847 = LINE ( 'NONE', #999, #826 ) ;
#848 = LOCAL_TIME ( 17, 8, 26.00000000000000000, #9 ) ;
#849 = FACE_OUTER_BOUND ( 'NONE', #1467, .T. ) ;
#850 = LINE ( 'NONE', #829, #914 ) ;
#851 = ORIENTED_EDGE ( 'NONE', *, *, #1398, .T. ) ;
#852 = ORIENTED_EDGE ( 'NONE', *, *, #595, .F. ) ;
#853 = ORIENTED_EDGE ( 'NONE', *, *, #1100, .T. ) ;
#854 = ORIENTED_EDGE ( 'NONE', *, *, #230, .F. ) ;
#855 = SECURITY_CLASSIFICATION_LEVEL ( 'unclassified' ) ;
#856 = LINE ( 'NONE', #1254, #644 ) ;
#857 = ADVANCED_FACE ( 'NONE', ( #466 ), #97, .T. ) ;
#858 = LINE ( 'NONE', #2292, #2209 ) ;
#859 = ADVANCED_FACE ( 'NONE', ( #1364 ), #681, .F. ) ;
#860 = LINE ( 'NONE', #1348, #119 ) ;
#861 = ORIENTED_EDGE ( 'NONE', *, *, #1072, .T. ) ;
#862 = ADVANCED_FACE ( 'NONE', ( #1919 ), #2251, .T. ) ;
#863 = CARTESIAN_POINT ( 'NONE',  ( 0.4999999999999999445, 0.5000000000000000000, -1.179921259842519721 ) ) ;
#864 = CARTESIAN_POINT ( 'NONE',  ( -0.4527559055118109410, 0.5000000000000000000, -1.179921259842519721 ) ) ;
#865 = ORIENTED_EDGE ( 'NONE', *, *, #695, .F. ) ;
#866 = VECTOR ( 'NONE', #2133, 39.37007874015748143 ) ;
#867 = VECTOR ( 'NONE', #1124, 39.37007874015748143 ) ;
#868 = ORIENTED_EDGE ( 'NONE', *, *, #2158, .F. ) ;
#869 = AXIS2_PLACEMENT_3D ( 'NONE', #433, #86, #1491 ) ;
#870 = EDGE_LOOP ( 'NONE', ( #660, #513, #1247, #1365, #916 ) ) ;
#871 = APPROVAL_ROLE ( '' ) ;
#872 = VECTOR ( 'NONE', #705, 39.37007874015748143 ) ;
#873 = LINE ( 'NONE', #1092, #311 ) ;
#874 = DIRECTION ( 'NONE',  ( 0.0000000000000000000, 0.0000000000000000000, -1.000000000000000000 ) ) ;
#875 = DIRECTION ( 'NONE',  ( 0.0000000000000000000, 0.0000000000000000000, 1.000000000000000000 ) ) ;
#876 = ORIENTED_EDGE ( 'NONE', *, *, #2255, .T. ) ;
#877 = APPROVAL ( #157, 'UNSPECIFIED' ) ;
#878 = CARTESIAN_POINT ( 'NONE',  ( 0.4527559055118111075, 0.0001516480440326097479, -0.4232283464566930498 ) ) ;
#879 = EDGE_CURVE ( 'NONE', #1931, #1473, #127, .T. ) ;
#880 = EDGE_CURVE ( 'NONE', #2253, #1036, #1698, .T. ) ;
#881 = DIRECTION ( 'NONE',  ( -1.000000000000000000, 0.0000000000000000000, 0.0000000000000000000 ) ) ;
#882 = VERTEX_POINT ( 'NONE', #321 ) ;
#883 = ORIENTED_EDGE ( 'NONE', *, *, #558, .T. ) ;
#884 = VERTEX_POINT ( 'NONE', #477 ) ;
#885 = PERSON_AND_ORGANIZATION ( #169, #1045 ) ;
#886 = CARTESIAN_POINT ( 'NONE',  ( -0.4999999999999999445, 0.0000000000000000000, -0.7618110236220471121 ) ) ;
#887 = CARTESIAN_POINT ( 'NONE',  ( 0.4488188976377951445, 0.05118110236220473064, -0.6771653543307084577 ) ) ;
#888 = CARTESIAN_POINT ( 'NONE',  ( 0.4527559055118108855, 0.5000000000000000000, -0.6771653543307089018 ) ) ;
#889 = ORIENTED_EDGE ( 'NONE', *, *, #1398, .F. ) ;
#890 = DIRECTION ( 'NONE',  ( 0.0000000000000000000, 0.0000000000000000000, 1.000000000000000000 ) ) ;
#891 = EDGE_CURVE ( 'NONE', #1148, #821, #850, .T. ) ;
#892 = LINE ( 'NONE', #919, #2100 ) ;
#893 = EDGE_CURVE ( 'NONE', #808, #1752, #1208, .T. ) ;
#894 = VECTOR ( 'NONE', #501, 39.37007874015748143 ) ;
#895 = ORIENTED_EDGE ( 'NONE', *, *, #1041, .T. ) ;
#896 = VERTEX_POINT ( 'NONE', #1553 ) ;
#897 = ORIENTED_EDGE ( 'NONE', *, *, #983, .T. ) ;
#898 = DATE_AND_TIME ( #2129, #412 ) ;
#899 = CARTESIAN_POINT ( 'NONE',  ( 0.07677165354330703351, 0.0000000000000000000, -0.8106299212598426784 ) ) ;
#900 = LINE ( 'NONE', #1330, #1957 ) ;
#901 = CARTESIAN_POINT ( 'NONE',  ( -0.4527559055118109410, 0.5000000000000000000, -0.2539370078740163517 ) ) ;
#902 = ORIENTED_EDGE ( 'NONE', *, *, #1495, .T. ) ;
#903 = ORIENTED_EDGE ( 'NONE', *, *, #1184, .T. ) ;
#904 = DIRECTION ( 'NONE',  ( -1.000000000000000000, -1.365923996832131856E-16, -0.0000000000000000000 ) ) ;
#905 = DIRECTION ( 'NONE',  ( 1.000000000000000000, 0.0000000000000000000, 0.0000000000000000000 ) ) ;
#906 = VERTEX_POINT ( 'NONE', #298 ) ;
#907 = VECTOR ( 'NONE', #1624, 39.37007874015748143 ) ;
#908 = VECTOR ( 'NONE', #778, 39.37007874015748143 ) ;
#909 = ORIENTED_EDGE ( 'NONE', *, *, #1258, .F. ) ;
#910 = AXIS2_PLACEMENT_3D ( 'NONE', #328, #634, #2086 ) ;
#911 = AXIS2_PLACEMENT_3D ( 'NONE', #418, #1826, #233 ) ;
#912 = VERTEX_POINT ( 'NONE', #1008 ) ;
#913 = EDGE_CURVE ( 'NONE', #676, #958, #1716, .T. ) ;
#914 = VECTOR ( 'NONE', #838, 39.37007874015748143 ) ;
#915 = LINE ( 'NONE', #888, #1471 ) ;
#916 = ORIENTED_EDGE ( 'NONE', *, *, #1168, .F. ) ;
#917 = DIRECTION ( 'NONE',  ( -1.000000000000000000, 0.0000000000000000000, 0.0000000000000000000 ) ) ;
#918 = DIRECTION ( 'NONE',  ( 1.365923996832131856E-16, -1.000000000000000000, 0.0000000000000000000 ) ) ;
#919 = CARTESIAN_POINT ( 'NONE',  ( 0.4527559055118108855, 0.05118110236220471676, -1.179921259842519721 ) ) ;
#920 = ORIENTED_EDGE ( 'NONE', *, *, #844, .T. ) ;
#921 = ORIENTED_EDGE ( 'NONE', *, *, #2158, .T. ) ;
#922 = CARTESIAN_POINT ( 'NONE',  ( 0.07677165354330704738, 0.04724409448818897572, -0.8106299212598425674 ) ) ;
#923 = EDGE_CURVE ( 'NONE', #2163, #1973, #308, .T. ) ;
#924 = LINE ( 'NONE', #1139, #240 ) ;
#925 = DIRECTION ( 'NONE',  ( 0.0000000000000000000, -1.000000000000000000, 0.0000000000000000000 ) ) ;
#926 = DIRECTION ( 'NONE',  ( 0.0000000000000000000, 0.0000000000000000000, -1.000000000000000000 ) ) ;
#927 = ORIENTED_EDGE ( 'NONE', *, *, #1867, .T. ) ;
#928 = VERTEX_POINT ( 'NONE', #1804 ) ;
#929 = FACE_OUTER_BOUND ( 'NONE', #2105, .T. ) ;
#930 = ORIENTED_EDGE ( 'NONE', *, *, #2023, .T. ) ;
#931 = AXIS2_PLACEMENT_3D ( 'NONE', #1868, #775, #1999 ) ;
#932 = ORIENTED_EDGE ( 'NONE', *, *, #484, .F. ) ;
#933 = FACE_OUTER_BOUND ( 'NONE', #1857, .T. ) ;
#934 = DIRECTION ( 'NONE',  ( 0.0000000000000000000, 0.0000000000000000000, -1.000000000000000000 ) ) ;
#935 = EDGE_CURVE ( 'NONE', #1660, #192, #182, .T. ) ;
#936 = DIRECTION ( 'NONE',  ( -0.0000000000000000000, -0.0000000000000000000, -1.000000000000000000 ) ) ;
#937 = FACE_OUTER_BOUND ( 'NONE', #385, .T. ) ;
#938 = VERTEX_POINT ( 'NONE', #718 ) ;
#939 = ADVANCED_FACE ( 'NONE', ( #1766 ), #2140, .T. ) ;
#940 = DIRECTION ( 'NONE',  ( 0.0000000000000000000, 0.0000000000000000000, -1.000000000000000000 ) ) ;
#941 = CARTESIAN_POINT ( 'NONE',  ( -0.4488188976377953110, 0.0000000000000000000, -1.179921259842519721 ) ) ;
#942 = EDGE_LOOP ( 'NONE', ( #21, #1742, #312, #1366 ) ) ;
#943 = EDGE_LOOP ( 'NONE', ( #853, #719, #1352, #762 ) ) ;
#944 = AXIS2_PLACEMENT_3D ( 'NONE', #1830, #1478, #2036 ) ;
#945 = AXIS2_PLACEMENT_3D ( 'NONE', #1452, #545, #1608 ) ;
#946 = LINE ( 'NONE', #1149, #1862 ) ;
#947 = CIRCLE ( 'NONE', #1103, 0.003937007874015724558 ) ;
#948 = PLANE ( 'NONE',  #944 ) ;
#949 = VECTOR ( 'NONE', #1943, 39.37007874015748143 ) ;
#950 = CARTESIAN_POINT ( 'NONE',  ( 0.4491217443973348211, 0.04725575972234533767, -0.1692913385826773642 ) ) ;
#951 = CARTESIAN_POINT ( 'NONE',  ( -0.5000000000000000000, 0.0000000000000000000, -1.179921259842519721 ) ) ;
#952 = VECTOR ( 'NONE', #809, 39.37007874015748854 ) ;
#953 = ORIENTED_EDGE ( 'NONE', *, *, #1086, .F. ) ;
#954 = DIRECTION ( 'NONE',  ( 0.0000000000000000000, 0.0000000000000000000, 1.000000000000000000 ) ) ;
#955 = EDGE_CURVE ( 'NONE', #1002, #2185, #696, .T. ) ;
#956 = CARTESIAN_POINT ( 'NONE',  ( 0.4491217443973348211, 0.04725575972234533767, -0.5078740157480315931 ) ) ;
#957 = EDGE_LOOP ( 'NONE', ( #1155, #1770, #65, #224 ) ) ;
#958 = VERTEX_POINT ( 'NONE', #1075 ) ;
#959 = CARTESIAN_POINT ( 'NONE',  ( -0.4527559055118110520, 0.05118110236220473064, -1.179921259842519721 ) ) ;
#960 = EDGE_LOOP ( 'NONE', ( #6, #1196, #2147, #185 ) ) ;
#961 = CARTESIAN_POINT ( 'NONE',  ( 0.4527559055118111075, 0.0001516480440326097479, -0.4655511811023620439 ) ) ;
#962 = FACE_OUTER_BOUND ( 'NONE', #408, .T. ) ;
#963 = PLANE ( 'NONE',  #1250 ) ;
#964 = ADVANCED_FACE ( 'NONE', ( #1982 ), #30, .T. ) ;
#965 = CARTESIAN_POINT ( 'NONE',  ( 0.4527559055118107745, 0.05118110236220475839, -0.4232283464566934383 ) ) ;
#966 = EDGE_CURVE ( 'NONE', #1111, #2154, #733, .T. ) ;
#967 = ORIENTED_EDGE ( 'NONE', *, *, #526, .T. ) ;
#968 = CARTESIAN_POINT ( 'NONE',  ( -0.4527559055118109410, 0.5000000000000000000, -0.7618110236220473341 ) ) ;
#969 = ORIENTED_EDGE ( 'NONE', *, *, #891, .T. ) ;
#970 = EDGE_CURVE ( 'NONE', #2238, #551, #648, .T. ) ;
#971 = APPROVAL_PERSON_ORGANIZATION ( #1783, #877, #871 ) ;
#972 = CARTESIAN_POINT ( 'NONE',  ( 0.4527559055118108855, 0.5000000000000000000, -0.9311023622047243098 ) ) ;
#973 = PLANE ( 'NONE',  #2277 ) ;
#974 = CARTESIAN_POINT ( 'NONE',  ( -0.4491217443973349877, 0.04725575972234533767, -0.7618110236220471121 ) ) ;
#975 = FACE_OUTER_BOUND ( 'NONE', #144, .T. ) ;
#976 = ORIENTED_EDGE ( 'NONE', *, *, #1383, .T. ) ;
#977 = DIRECTION ( 'NONE',  ( 1.929185360294492124E-16, 0.0000000000000000000, 1.000000000000000000 ) ) ;
#978 = CARTESIAN_POINT ( 'NONE',  ( -0.5000000000000000000, 0.0000000000000000000, 0.0000000000000000000 ) ) ;
#979 = ORIENTED_EDGE ( 'NONE', *, *, #1674, .T. ) ;
#980 = CYLINDRICAL_SURFACE ( 'NONE', #832, 0.003937007874015724558 ) ;
#981 = ORIENTED_EDGE ( 'NONE', *, *, #2065, .F. ) ;
#982 = MECHANICAL_CONTEXT ( 'NONE', #1873, 'mechanical' ) ;
#983 = EDGE_CURVE ( 'NONE', #1923, #301, #892, .T. ) ;
#984 = EDGE_CURVE ( 'NONE', #821, #1090, #1972, .T. ) ;
#985 = FACE_OUTER_BOUND ( 'NONE', #831, .T. ) ;
#986 = LINE ( 'NONE', #1893, #1320 ) ;
#987 = VECTOR ( 'NONE', #585, 39.37007874015748143 ) ;
#988 = VECTOR ( 'NONE', #1107, 39.37007874015748143 ) ;
#989 = DIRECTION ( 'NONE',  ( 0.0000000000000000000, 0.0000000000000000000, 1.000000000000000000 ) ) ;
#990 = VECTOR ( 'NONE', #264, 39.37007874015748143 ) ;
#991 = AXIS2_PLACEMENT_3D ( 'NONE', #1847, #1655, #45 ) ;
#992 = DIRECTION ( 'NONE',  ( 0.0000000000000000000, 0.0000000000000000000, 1.000000000000000000 ) ) ;
#993 = ORIENTED_EDGE ( 'NONE', *, *, #1904, .F. ) ;
#994 = DIRECTION ( 'NONE',  ( 0.07692307692307780165, -0.9970370305242861608, 0.0000000000000000000 ) ) ;
#995 = EDGE_LOOP ( 'NONE', ( #981, #322, #1718, #2171, #198, #604 ) ) ;
#996 = LINE ( 'NONE', #2234, #1173 ) ;
#997 = DIRECTION ( 'NONE',  ( 1.365923996832131856E-16, 1.000000000000000000, 0.0000000000000000000 ) ) ;
#998 = PRODUCT_DEFINITION ( 'UNKNOWN', '', #1087, #268 ) ;
#999 = CARTESIAN_POINT ( 'NONE',  ( 0.4527559055118108855, 0.05118110236220471676, -1.179921259842519721 ) ) ;
#1000 = CARTESIAN_POINT ( 'NONE',  ( 0.5000000000000000000, 0.05118110236220469594, -1.179921259842519721 ) ) ;
#1001 = VERTEX_POINT ( 'NONE', #1098 ) ;
#1002 = VERTEX_POINT ( 'NONE', #343 ) ;
#1003 = LINE ( 'NONE', #2256, #1687 ) ;
#1004 = DIRECTION ( 'NONE',  ( -1.365923996832131609E-16, 1.000000000000000000, 0.0000000000000000000 ) ) ;
#1005 = DIRECTION ( 'NONE',  ( 0.0000000000000000000, 0.0000000000000000000, 1.000000000000000000 ) ) ;
#1006 = AXIS2_PLACEMENT_3D ( 'NONE', #1169, #1890, #291 ) ;
#1007 = EDGE_CURVE ( 'NONE', #1262, #884, #1209, .T. ) ;
#1008 = CARTESIAN_POINT ( 'NONE',  ( 0.4491217443973348211, 0.04725575972234533767, -0.6771653543307084577 ) ) ;
#1009 = VERTEX_POINT ( 'NONE', #1626 ) ;
#1010 = EDGE_LOOP ( 'NONE', ( #1630, #434, #324, #510, #270, #651 ) ) ;
#1011 = DIRECTION ( 'NONE',  ( 0.0000000000000000000, 0.0000000000000000000, 1.000000000000000000 ) ) ;
#1012 = DIRECTION ( 'NONE',  ( 1.365923996832131856E-16, 1.000000000000000000, 0.0000000000000000000 ) ) ;
#1013 = LINE ( 'NONE', #1326, #1993 ) ;
#1014 = DIRECTION ( 'NONE',  ( 0.0000000000000000000, 0.0000000000000000000, -1.000000000000000000 ) ) ;
#1015 = VECTOR ( 'NONE', #271, 39.37007874015748143 ) ;
#1016 = AXIS2_PLACEMENT_3D ( 'NONE', #2096, #2291, #10 ) ;
#1017 = CIRCLE ( 'NONE', #1136, 0.003937007874015724558 ) ;
#1018 = CIRCLE ( 'NONE', #1805, 0.05118110236220468900 ) ;
#1019 = ADVANCED_FACE ( 'NONE', ( #1085 ), #5, .T. ) ;
#1020 = LINE ( 'NONE', #1000, #1064 ) ;
#1021 = AXIS2_PLACEMENT_3D ( 'NONE', #396, #1668, #1817 ) ;
#1022 = ORIENTED_EDGE ( 'NONE', *, *, #295, .F. ) ;
#1023 = EDGE_CURVE ( 'NONE', #1969, #2128, #1410, .T. ) ;
#1024 = EDGE_CURVE ( 'NONE', #1111, #606, #1059, .T. ) ;
#1025 = ORIENTED_EDGE ( 'NONE', *, *, #1144, .F. ) ;
#1026 = AXIS2_PLACEMENT_3D ( 'NONE', #369, #1816, #926 ) ;
#1027 = VERTEX_POINT ( 'NONE', #20 ) ;
#1028 = LINE ( 'NONE', #2245, #1788 ) ;
#1029 = DIRECTION ( 'NONE',  ( 0.0000000000000000000, -1.000000000000000000, 0.0000000000000000000 ) ) ;
#1030 = LINE ( 'NONE', #846, #577 ) ;
#1031 = CARTESIAN_POINT ( 'NONE',  ( -0.4488188976377953110, 0.05118110236220473064, -0.1692913385826775030 ) ) ;
#1032 = LINE ( 'NONE', #260, #1431 ) ;
#1033 = DIRECTION ( 'NONE',  ( 0.0000000000000000000, 0.0000000000000000000, 1.000000000000000000 ) ) ;
#1034 = VERTEX_POINT ( 'NONE', #741 ) ;
#1035 = EDGE_CURVE ( 'NONE', #657, #1408, #360, .T. ) ;
#1036 = VERTEX_POINT ( 'NONE', #509 ) ;
#1037 = EDGE_CURVE ( 'NONE', #348, #1662, #1325, .T. ) ;
#1038 = EDGE_LOOP ( 'NONE', ( #1514, #1122, #619, #1928 ) ) ;
#1039 = COORDINATED_UNIVERSAL_TIME_OFFSET ( 0, 0, .AHEAD. ) ;
#1040 = LINE ( 'NONE', #525, #1356 ) ;
#1041 = EDGE_CURVE ( 'NONE', #882, #1941, #153, .T. ) ;
#1042 = CARTESIAN_POINT ( 'NONE',  ( -0.5000000000000000000, 0.0000000000000000000, -1.179921259842519721 ) ) ;
#1043 = LINE ( 'NONE', #492, #242 ) ;
#1044 = ORIENTED_EDGE ( 'NONE', *, *, #556, .T. ) ;
#1045 = ORGANIZATION ( 'UNSPECIFIED', 'UNSPECIFIED', '' ) ;
#1046 = LINE ( 'NONE', #1525, #952 ) ;
#1047 = DIRECTION ( 'NONE',  ( 0.0000000000000000000, 0.0000000000000000000, 1.000000000000000000 ) ) ;
#1048 = VERTEX_POINT ( 'NONE', #1578 ) ;
#1049 = ORIENTED_EDGE ( 'NONE', *, *, #556, .F. ) ;
#1050 = ORIENTED_EDGE ( 'NONE', *, *, #2201, .T. ) ;
#1051 = DIRECTION ( 'NONE',  ( 1.365923996832131856E-16, 1.000000000000000000, 0.0000000000000000000 ) ) ;
#1052 = CARTESIAN_POINT ( 'NONE',  ( 0.4999999999999997780, 0.0000000000000000000, -0.9311023622047243098 ) ) ;
#1053 = ADVANCED_FACE ( 'NONE', ( #2287 ), #256, .T. ) ;
#1054 = LINE ( 'NONE', #1082, #1724 ) ;
#1055 = EDGE_CURVE ( 'NONE', #808, #512, #760, .T. ) ;
#1056 = ORIENTED_EDGE ( 'NONE', *, *, #137, .T. ) ;
#1057 = LINE ( 'NONE', #878, #790 ) ;
#1058 = VECTOR ( 'NONE', #2084, 39.37007874015748143 ) ;
#1059 = LINE ( 'NONE', #194, #1067 ) ;
#1060 = AXIS2_PLACEMENT_3D ( 'NONE', #1726, #505, #1218 ) ;
#1061 = VECTOR ( 'NONE', #377, 39.37007874015748143 ) ;
#1062 = EDGE_LOOP ( 'NONE', ( #142, #172, #1618, #851 ) ) ;
#1063 = ORIENTED_EDGE ( 'NONE', *, *, #229, .T. ) ;
#1064 = VECTOR ( 'NONE', #141, 39.37007874015748143 ) ;
#1065 = ORIENTED_EDGE ( 'NONE', *, *, #229, .F. ) ;
#1066 = APPROVAL_DATE_TIME ( #199, #2006 ) ;
#1067 = VECTOR ( 'NONE', #170, 39.37007874015748143 ) ;
#1068 = FACE_OUTER_BOUND ( 'NONE', #1333, .T. ) ;
#1069 = CARTESIAN_POINT ( 'NONE',  ( 0.4999999999999998335, 0.5000000000000000000, -0.1692913385826771699 ) ) ;
#1070 = CARTESIAN_POINT ( 'NONE',  ( 0.4999999999999999445, 0.5000000000000000000, -1.179921259842519721 ) ) ;
#1071 = ORIENTED_EDGE ( 'NONE', *, *, #1007, .T. ) ;
#1072 = EDGE_CURVE ( 'NONE', #1566, #1581, #590, .T. ) ;
#1073 = FACE_OUTER_BOUND ( 'NONE', #387, .T. ) ;
#1074 = EDGE_CURVE ( 'NONE', #603, #703, #2003, .T. ) ;
#1075 = CARTESIAN_POINT ( 'NONE',  ( -0.4527559055118110520, 0.05118110236220473064, -0.7618110236220472231 ) ) ;
#1076 = ORIENTED_EDGE ( 'NONE', *, *, #893, .T. ) ;
#1077 = VERTEX_POINT ( 'NONE', #1119 ) ;
#1078 = VERTEX_POINT ( 'NONE', #2172 ) ;
#1079 = DATE_AND_TIME ( #188, #378 ) ;
#1080 = CYLINDRICAL_SURFACE ( 'NONE', #1837, 0.003937007874015724558 ) ;
#1081 = CARTESIAN_POINT ( 'NONE',  ( 0.0000000000000000000, -1.707404996040164512E-17, -0.5893700787401575658 ) ) ;
#1082 = CARTESIAN_POINT ( 'NONE',  ( 0.4999999999999998335, 0.5000000000000000000, -0.1692913385826771699 ) ) ;
#1083 = VERTEX_POINT ( 'NONE', #246 ) ;
#1084 = FACE_OUTER_BOUND ( 'NONE', #16, .T. ) ;
#1085 = FACE_OUTER_BOUND ( 'NONE', #1819, .T. ) ;
#1086 = EDGE_CURVE ( 'NONE', #2288, #151, #1304, .T. ) ;
#1087 = PRODUCT_DEFINITION_FORMATION_WITH_SPECIFIED_SOURCE ( 'ANY', '', #186, .NOT_KNOWN. ) ;
#1088 = ORIENTED_EDGE ( 'NONE', *, *, #1271, .T. ) ;
#1089 = ORIENTED_EDGE ( 'NONE', *, *, #709, .F. ) ;
#1090 = VERTEX_POINT ( 'NONE', #1992 ) ;
#1091 = DATE_AND_TIME ( #1771, #815 ) ;
#1092 = CARTESIAN_POINT ( 'NONE',  ( -0.4527559055118109410, 0.0001516480440325841336, -1.010629921259842412 ) ) ;
#1093 = DIMENSIONAL_EXPONENTS ( 1.000000000000000000, 0.0000000000000000000, 0.0000000000000000000, 0.0000000000000000000, 0.0000000000000000000, 0.0000000000000000000, 0.0000000000000000000 ) ;
#1094 = CARTESIAN_POINT ( 'NONE',  ( -0.4527559055118110520, 0.05118110236220473064, -0.5078740157480318151 ) ) ;
#1095 = ORIENTED_EDGE ( 'NONE', *, *, #546, .T. ) ;
#1096 = CARTESIAN_POINT ( 'NONE',  ( -0.5000000000000000000, 0.05118110236220473758, -0.9311023622047243098 ) ) ;
#1097 = PLANE ( 'NONE',  #1720 ) ;
#1098 = CARTESIAN_POINT ( 'NONE',  ( -0.4527559055118111075, 0.0001516480440326012098, -0.7618110236220471121 ) ) ;
#1099 = VECTOR ( 'NONE', #1599, 39.37007874015748143 ) ;
#1100 = EDGE_CURVE ( 'NONE', #551, #1408, #1329, .T. ) ;
#1101 = AXIS2_PLACEMENT_3D ( 'NONE', #227, #934, #44 ) ;
#1102 = ORIENTED_EDGE ( 'NONE', *, *, #595, .T. ) ;
#1103 = AXIS2_PLACEMENT_3D ( 'NONE', #1870, #1678, #274 ) ;
#1104 = EDGE_LOOP ( 'NONE', ( #498, #1843, #130, #1860, #1223, #2289, #1609, #600, #56, #1484, #1230, #920, #2056, #711, #187, #2091, #218, #1906, #1907, #1962 ) ) ;
#1105 = VECTOR ( 'NONE', #1481, 39.37007874015748143 ) ;
#1106 = DIRECTION ( 'NONE',  ( 0.0000000000000000000, 0.0000000000000000000, 1.000000000000000000 ) ) ;
#1107 = DIRECTION ( 'NONE',  ( 0.07692307692307780165, -0.9970370305242861608, 0.0000000000000000000 ) ) ;
#1108 = CARTESIAN_POINT ( 'NONE',  ( 0.4527559055118109410, 0.0001516480440326012098, -0.2539370078740156300 ) ) ;
#1109 = CARTESIAN_POINT ( 'NONE',  ( 0.4527559055118108855, 0.5000000000000000000, -0.4232283464566934383 ) ) ;
#1110 = DIRECTION ( 'NONE',  ( 0.0000000000000000000, 0.0000000000000000000, 1.000000000000000000 ) ) ;
#1111 = VERTEX_POINT ( 'NONE', #1825 ) ;
#1112 = EDGE_CURVE ( 'NONE', #1526, #2000, #232, .T. ) ;
#1113 = ORIENTED_EDGE ( 'NONE', *, *, #1206, .F. ) ;
#1114 = DIRECTION ( 'NONE',  ( 0.0000000000000000000, 1.000000000000000000, 0.0000000000000000000 ) ) ;
#1115 = EDGE_CURVE ( 'NONE', #833, #1752, #354, .T. ) ;
#1116 = DIRECTION ( 'NONE',  ( -0.9970370305242862718, 0.07692307692307646938, 0.0000000000000000000 ) ) ;
#1117 = LINE ( 'NONE', #254, #907 ) ;
#1118 = FACE_OUTER_BOUND ( 'NONE', #943, .T. ) ;
#1119 = CARTESIAN_POINT ( 'NONE',  ( -0.4999999999999999445, 0.5000000000000000000, -1.010629921259842412 ) ) ;
#1120 = DIRECTION ( 'NONE',  ( 0.0000000000000000000, 0.0000000000000000000, -1.000000000000000000 ) ) ;
#1121 = ORIENTED_EDGE ( 'NONE', *, *, #2023, .F. ) ;
#1122 = ORIENTED_EDGE ( 'NONE', *, *, #1934, .T. ) ;
#1123 = DIRECTION ( 'NONE',  ( 0.0000000000000000000, 0.0000000000000000000, 1.000000000000000000 ) ) ;
#1124 = DIRECTION ( 'NONE',  ( 0.0000000000000000000, 0.0000000000000000000, 1.000000000000000000 ) ) ;
#1125 = FACE_OUTER_BOUND ( 'NONE', #2282, .T. ) ;
#1126 = EDGE_CURVE ( 'NONE', #2210, #154, #2015, .T. ) ;
#1127 = EDGE_CURVE ( 'NONE', #1566, #1083, #1401, .T. ) ;
#1128 = LINE ( 'NONE', #1293, #13 ) ;
#1129 = ORIENTED_EDGE ( 'NONE', *, *, #2186, .F. ) ;
#1130 = CARTESIAN_POINT ( 'NONE',  ( -0.4488188976377953110, 0.05118110236220473064, -1.179921259842519721 ) ) ;
#1131 = LINE ( 'NONE', #978, #1915 ) ;
#1132 = ORIENTED_EDGE ( 'NONE', *, *, #1675, .F. ) ;
#1133 = ORIENTED_EDGE ( 'NONE', *, *, #456, .T. ) ;
#1134 = VECTOR ( 'NONE', #994, 39.37007874015748143 ) ;
#1135 = AXIS2_PLACEMENT_3D ( 'NONE', #450, #1151, #1858 ) ;
#1136 = AXIS2_PLACEMENT_3D ( 'NONE', #1444, #555, #1797 ) ;
#1137 = CARTESIAN_POINT ( 'NONE',  ( -4.064477368823694558E-17, -1.707404996040164512E-17, -0.8106299212598425674 ) ) ;
#1138 = CIRCLE ( 'NONE', #869, 0.05118110236220468900 ) ;
#1139 = CARTESIAN_POINT ( 'NONE',  ( 0.5000000000000000000, 0.05118110236220469594, -1.179921259842519721 ) ) ;
#1140 = VECTOR ( 'NONE', #531, 39.37007874015748143 ) ;
#1141 = CARTESIAN_POINT ( 'NONE',  ( 0.4999999999999997780, 0.0000000000000000000, -0.4232283464566929387 ) ) ;
#1142 = CARTESIAN_POINT ( 'NONE',  ( 0.4999999999999998335, 0.05118110236220469594, -0.6771653543307087908 ) ) ;
#1143 = AXIS2_PLACEMENT_3D ( 'NONE', #611, #61, #96 ) ;
#1144 = EDGE_CURVE ( 'NONE', #688, #1002, #441, .T. ) ;
#1145 = CARTESIAN_POINT ( 'NONE',  ( 0.4527559055118108855, 0.05118110236220469594, -0.5078740157480317041 ) ) ;
#1146 = CARTESIAN_POINT ( 'NONE',  ( -0.4527559055118110520, 0.05118110236220473064, -1.010629921259842412 ) ) ;
#1147 = ORIENTED_EDGE ( 'NONE', *, *, #1619, .T. ) ;
#1148 = VERTEX_POINT ( 'NONE', #2161 ) ;
#1149 = CARTESIAN_POINT ( 'NONE',  ( -0.4999999999999999445, 0.5000000000000000000, -1.179921259842519721 ) ) ;
#1150 = LINE ( 'NONE', #788, #1284 ) ;
#1151 = DIRECTION ( 'NONE',  ( 0.0000000000000000000, 0.0000000000000000000, -1.000000000000000000 ) ) ;
#1152 = CARTESIAN_POINT ( 'NONE',  ( -0.4488188976377953110, 0.05118110236220473064, -1.179921259842519721 ) ) ;
#1153 = CARTESIAN_POINT ( 'NONE',  ( 0.4527559055118108855, 0.5000000000000000000, -1.010629921259842412 ) ) ;
#1154 = DIRECTION ( 'NONE',  ( 0.07692307692308045231, -0.9970370305242858278, 0.0000000000000000000 ) ) ;
#1155 = ORIENTED_EDGE ( 'NONE', *, *, #1922, .F. ) ;
#1156 = ADVANCED_FACE ( 'NONE', ( #929 ), #417, .F. ) ;
#1157 = LINE ( 'NONE', #2089, #1015 ) ;
#1158 = VERTEX_POINT ( 'NONE', #1153 ) ;
#1159 = DIRECTION ( 'NONE',  ( 1.000000000000000000, -1.365923996832131856E-16, 0.0000000000000000000 ) ) ;
#1160 = CARTESIAN_POINT ( 'NONE',  ( -0.5000000000000000000, 0.05118110236220473758, -1.179921259842519721 ) ) ;
#1161 = DIRECTION ( 'NONE',  ( 1.000000000000000000, -1.365923996832131856E-16, 0.0000000000000000000 ) ) ;
#1162 = ORIENTED_EDGE ( 'NONE', *, *, #1115, .T. ) ;
#1163 = PLANE ( 'NONE',  #650 ) ;
#1164 = CARTESIAN_POINT ( 'NONE',  ( -0.4527559055118109410, 0.5000000000000000000, -1.179921259842519721 ) ) ;
#1165 = ORIENTED_EDGE ( 'NONE', *, *, #1184, .F. ) ;
#1166 = CARTESIAN_POINT ( 'NONE',  ( 0.4491217443973348211, 0.04725575972234533767, -1.771620555101095729 ) ) ;
#1167 = ORIENTED_EDGE ( 'NONE', *, *, #1995, .F. ) ;
#1168 = EDGE_CURVE ( 'NONE', #1464, #1969, #1650, .T. ) ;
#1169 = CARTESIAN_POINT ( 'NONE',  ( -0.4488188976377953110, 0.05118110236220473064, -0.6771653543307086798 ) ) ;
#1170 = CARTESIAN_POINT ( 'NONE',  ( -0.5000000000000000000, 0.0000000000000000000, -1.179921259842519721 ) ) ;
#1171 = FACE_OUTER_BOUND ( 'NONE', #1240, .T. ) ;
#1172 = AXIS2_PLACEMENT_3D ( 'NONE', #379, #702, #1106 ) ;
#1173 = VECTOR ( 'NONE', #641, 39.37007874015748143 ) ;
#1174 = FACE_OUTER_BOUND ( 'NONE', #1768, .T. ) ;
#1175 = AXIS2_PLACEMENT_3D ( 'NONE', #1669, #12, #1659 ) ;
#1176 = AXIS2_PLACEMENT_3D ( 'NONE', #731, #559, #1665 ) ;
#1177 = CARTESIAN_POINT ( 'NONE',  ( -0.4527559055118110520, -6.453184237002196221E-18, -0.5078740157480317041 ) ) ;
#1178 = ORIENTED_EDGE ( 'NONE', *, *, #2189, .T. ) ;
#1179 = ORIENTED_EDGE ( 'NONE', *, *, #384, .T. ) ;
#1180 = CARTESIAN_POINT ( 'NONE',  ( -0.5000000000000000000, 0.05118110236220473758, -0.7618110236220472231 ) ) ;
#1181 = DIRECTION ( 'NONE',  ( -1.000000000000000000, -1.365923996832131856E-16, -0.0000000000000000000 ) ) ;
#1182 = LINE ( 'NONE', #1391, #351 ) ;
#1183 = LINE ( 'NONE', #294, #1878 ) ;
#1184 = EDGE_CURVE ( 'NONE', #1701, #1969, #1460, .T. ) ;
#1185 = CARTESIAN_POINT ( 'NONE',  ( -0.5000000000000000000, 0.05118110236220473758, -1.179921259842519721 ) ) ;
#1186 = ORIENTED_EDGE ( 'NONE', *, *, #2088, .F. ) ;
#1187 = ORIENTED_EDGE ( 'NONE', *, *, #2267, .T. ) ;
#1188 = CARTESIAN_POINT ( 'NONE',  ( -0.4999999999999999445, 0.0000000000000000000, -1.010629921259842412 ) ) ;
#1189 = DIRECTION ( 'NONE',  ( 0.0000000000000000000, 0.0000000000000000000, -1.000000000000000000 ) ) ;
#1190 = CARTESIAN_POINT ( 'NONE',  ( -0.4527559055118109410, 0.5000000000000000000, -1.010629921259842412 ) ) ;
#1191 = CARTESIAN_POINT ( 'NONE',  ( 0.4527559055118109410, 0.5000000000000000000, -1.179921259842519721 ) ) ;
#1192 = AXIS2_PLACEMENT_3D ( 'NONE', #1290, #1477, #2019 ) ;
#1193 = EDGE_CURVE ( 'NONE', #1627, #478, #247, .T. ) ;
#1194 = EDGE_CURVE ( 'NONE', #1002, #1027, #727, .T. ) ;
#1195 = DIRECTION ( 'NONE',  ( 1.365923996832131856E-16, 1.000000000000000000, 0.0000000000000000000 ) ) ;
#1196 = ORIENTED_EDGE ( 'NONE', *, *, #26, .F. ) ;
#1197 = EDGE_LOOP ( 'NONE', ( #1412, #745, #1503, #1437, #1317, #2187, #22, #532, #1889, #518, #1585, #1257, #1708, #23, #1841, #1754, #1809, #868, #1065, #852 ) ) ;
#1198 = PERSON_AND_ORGANIZATION ( #169, #1045 ) ;
#1199 = CARTESIAN_POINT ( 'NONE',  ( -0.4527559055118110520, 0.0001516480440325926717, -0.4232283464566929387 ) ) ;
#1200 = DIRECTION ( 'NONE',  ( 0.0000000000000000000, 0.0000000000000000000, 1.000000000000000000 ) ) ;
#1201 = DIRECTION ( 'NONE',  ( 0.0000000000000000000, 1.000000000000000000, 0.0000000000000000000 ) ) ;
#1202 = AXIS2_PLACEMENT_3D ( 'NONE', #2124, #2150, #890 ) ;
#1203 = VECTOR ( 'NONE', #1756, 39.37007874015748143 ) ;
#1204 = LINE ( 'NONE', #1515, #1836 ) ;
#1205 = AXIS2_PLACEMENT_3D ( 'NONE', #77, #1123, #421 ) ;
#1206 = EDGE_CURVE ( 'NONE', #1048, #703, #749, .T. ) ;
#1207 = AXIS2_PLACEMENT_3D ( 'NONE', #1081, #2016, #2175 ) ;
#1208 = LINE ( 'NONE', #1896, #1617 ) ;
#1209 = CIRCLE ( 'NONE', #830, 0.003937007874015724558 ) ;
#1210 = VERTEX_POINT ( 'NONE', #1145 ) ;
#1211 = ADVANCED_FACE ( 'NONE', ( #222 ), #963, .F. ) ;
#1212 = VERTEX_POINT ( 'NONE', #1511 ) ;
#1213 = ORIENTED_EDGE ( 'NONE', *, *, #625, .F. ) ;
#1214 = ORIENTED_EDGE ( 'NONE', *, *, #1007, .F. ) ;
#1215 = PERSON_AND_ORGANIZATION_ROLE ( 'design_owner' ) ;
#1216 = LINE ( 'NONE', #1977, #1203 ) ;
#1217 = LINE ( 'NONE', #1583, #756 ) ;
#1218 = DIRECTION ( 'NONE',  ( 1.000000000000000000, 0.0000000000000000000, 0.0000000000000000000 ) ) ;
#1219 = ORIENTED_EDGE ( 'NONE', *, *, #1983, .T. ) ;
#1220 = CARTESIAN_POINT ( 'NONE',  ( -0.4999999999999999445, 0.5000000000000000000, -0.2539370078740158521 ) ) ;
#1221 = DIRECTION ( 'NONE',  ( 0.0000000000000000000, 0.0000000000000000000, 1.000000000000000000 ) ) ;
#1222 = EDGE_LOOP ( 'NONE', ( #1683, #2033, #2142, #1740 ) ) ;
#1223 = ORIENTED_EDGE ( 'NONE', *, *, #970, .T. ) ;
#1224 = EDGE_CURVE ( 'NONE', #1462, #470, #1338, .T. ) ;
#1225 = EDGE_LOOP ( 'NONE', ( #1623, #1386, #179, #445, #1088, #1898 ) ) ;
#1226 = COORDINATED_UNIVERSAL_TIME_OFFSET ( 0, 0, .AHEAD. ) ;
#1227 = LINE ( 'NONE', #2265, #1061 ) ;
#1228 = DIRECTION ( 'NONE',  ( 1.000000000000000000, 0.0000000000000000000, 0.0000000000000000000 ) ) ;
#1229 = LINE ( 'NONE', #728, #539 ) ;
#1230 = ORIENTED_EDGE ( 'NONE', *, *, #834, .T. ) ;
#1231 = LINE ( 'NONE', #1241, #388 ) ;
#1232 = CARTESIAN_POINT ( 'NONE',  ( 0.07677165354330708902, 0.04724409448818897572, -0.5893700787401575658 ) ) ;
#1233 = VERTEX_POINT ( 'NONE', #1301 ) ;
#1234 = ORIENTED_EDGE ( 'NONE', *, *, #935, .F. ) ;
#1235 = CC_DESIGN_PERSON_AND_ORGANIZATION_ASSIGNMENT ( #2290, #1743, ( #998 ) ) ;
#1236 = CARTESIAN_POINT ( 'NONE',  ( -0.4527559055118109410, 0.0001516480440326097479, -0.9311023622047243098 ) ) ;
#1237 = FACE_OUTER_BOUND ( 'NONE', #1038, .T. ) ;
#1238 = CARTESIAN_POINT ( 'NONE',  ( -0.4527559055118110520, 0.0001516480440326097479, -0.1692913385826775030 ) ) ;
#1239 = ADVANCED_FACE ( 'NONE', ( #1292 ), #1641, .F. ) ;
#1240 = EDGE_LOOP ( 'NONE', ( #1446, #2112, #1343, #1263, #783, #1924 ) ) ;
#1241 = CARTESIAN_POINT ( 'NONE',  ( 0.4527559055118109410, 0.5000000000000000000, -1.179921259842519721 ) ) ;
#1242 = AXIS2_PLACEMENT_3D ( 'NONE', #694, #2113, #1854 ) ;
#1243 = AXIS2_PLACEMENT_3D ( 'NONE', #123, #1712, #654 ) ;
#1244 = DIRECTION ( 'NONE',  ( 0.0000000000000000000, 0.0000000000000000000, -1.000000000000000000 ) ) ;
#1245 = AXIS2_PLACEMENT_3D ( 'NONE', #1031, #464, #1392 ) ;
#1246 = VECTOR ( 'NONE', #2184, 39.37007874015748143 ) ;
#1247 = ORIENTED_EDGE ( 'NONE', *, *, #2189, .F. ) ;
#1248 = ORIENTED_EDGE ( 'NONE', *, *, #739, .T. ) ;
#1249 = PRODUCT_DEFINITION_SHAPE ( 'NONE', 'NONE',  #998 ) ;
#1250 = AXIS2_PLACEMENT_3D ( 'NONE', #795, #2220, #626 ) ;
#1251 = ORIENTED_EDGE ( 'NONE', *, *, #1370, .F. ) ;
#1252 = APPLICATION_PROTOCOL_DEFINITION ( 'international standard', 'config_control_design', 1994, #1367 ) ;
#1253 = VECTOR ( 'NONE', #1700, 39.37007874015748143 ) ;
#1254 = CARTESIAN_POINT ( 'NONE',  ( -0.4527559055118111075, 0.0001516480440326012098, -0.6771653543307085688 ) ) ;
#1255 = DIRECTION ( 'NONE',  ( -1.000000000000000000, 0.0000000000000000000, 0.0000000000000000000 ) ) ;
#1256 = CARTESIAN_POINT ( 'NONE',  ( 0.4999999999999997780, 0.0000000000000000000, -0.5078740157480314821 ) ) ;
#1257 = ORIENTED_EDGE ( 'NONE', *, *, #526, .F. ) ;
#1258 = EDGE_CURVE ( 'NONE', #478, #82, #1456, .T. ) ;
#1259 = CARTESIAN_POINT ( 'NONE',  ( -0.4999999999999999445, 0.5000000000000000000, -0.7618110236220471121 ) ) ;
#1260 = DIRECTION ( 'NONE',  ( 0.0000000000000000000, 0.0000000000000000000, 1.000000000000000000 ) ) ;
#1261 = ORIENTED_EDGE ( 'NONE', *, *, #1369, .T. ) ;
#1262 = VERTEX_POINT ( 'NONE', #950 ) ;
#1263 = ORIENTED_EDGE ( 'NONE', *, *, #1792, .F. ) ;
#1264 = PERSON_AND_ORGANIZATION ( #169, #1045 ) ;
#1265 = CARTESIAN_POINT ( 'NONE',  ( 0.4488188976377951445, 0.05118110236220471676, -1.179921259842519721 ) ) ;
#1266 = FACE_OUTER_BOUND ( 'NONE', #995, .T. ) ;
#1267 = ORIENTED_EDGE ( 'NONE', *, *, #201, .F. ) ;
#1268 = CARTESIAN_POINT ( 'NONE',  ( 0.4527559055118108855, 0.05118110236220471676, 0.0000000000000000000 ) ) ;
#1269 = DIRECTION ( 'NONE',  ( 0.0000000000000000000, 0.0000000000000000000, 1.000000000000000000 ) ) ;
#1270 = ADVANCED_FACE ( 'NONE', ( #2011 ), #219, .F. ) ;
#1271 = EDGE_CURVE ( 'NONE', #1794, #699, #1842, .T. ) ;
#1272 = CC_DESIGN_APPROVAL ( #2006, ( #1087 ) ) ;
#1273 = CARTESIAN_POINT ( 'NONE',  ( -0.07677165354330708902, -1.707404996040164512E-17, -0.5893700787401575658 ) ) ;
#1274 = EDGE_LOOP ( 'NONE', ( #2261, #375, #1554, #522 ) ) ;
#1275 = ORIENTED_EDGE ( 'NONE', *, *, #1934, .F. ) ;
#1276 = CARTESIAN_POINT ( 'NONE',  ( -0.4999999999999999445, 0.5000000000000000000, -1.179921259842519721 ) ) ;
#1277 = LINE ( 'NONE', #1987, #2170 ) ;
#1278 = CARTESIAN_POINT ( 'NONE',  ( -0.4488188976377953110, 0.05118110236220473064, -1.010629921259842412 ) ) ;
#1279 = DIRECTION ( 'NONE',  ( 1.000000000000000000, -1.365923996832131856E-16, 0.0000000000000000000 ) ) ;
#1280 = EDGE_CURVE ( 'NONE', #470, #299, #767, .T. ) ;
#1281 = CARTESIAN_POINT ( 'NONE',  ( 0.07677165354330708902, -1.707404996040164512E-17, -0.5893700787401575658 ) ) ;
#1282 = EDGE_CURVE ( 'NONE', #1923, #2163, #1631, .T. ) ;
#1283 = VECTOR ( 'NONE', #319, 39.37007874015748854 ) ;
#1284 = VECTOR ( 'NONE', #253, 39.37007874015748143 ) ;
#1285 = ORIENTED_EDGE ( 'NONE', *, *, #1194, .F. ) ;
#1286 = ADVANCED_FACE ( 'NONE', ( #2148 ), #738, .T. ) ;
#1287 = VECTOR ( 'NONE', #1852, 39.37007874015748143 ) ;
#1288 = ORIENTED_EDGE ( 'NONE', *, *, #11, .F. ) ;
#1289 = AXIS2_PLACEMENT_3D ( 'NONE', #1278, #207, #1831 ) ;
#1290 = CARTESIAN_POINT ( 'NONE',  ( -4.064477368823694558E-17, 0.04724409448818897572, -0.8106299212598425674 ) ) ;
#1291 = DIRECTION ( 'NONE',  ( 0.0000000000000000000, 0.0000000000000000000, 1.000000000000000000 ) ) ;
#1292 = FACE_OUTER_BOUND ( 'NONE', #1010, .T. ) ;
#1293 = CARTESIAN_POINT ( 'NONE',  ( 0.4999999999999997780, 0.0000000000000000000, -0.4232283464566929387 ) ) ;
#1294 = DIRECTION ( 'NONE',  ( -1.365923996832131609E-16, 1.000000000000000000, 0.0000000000000000000 ) ) ;
#1295 = DIRECTION ( 'NONE',  ( -0.9970370305242863829, 0.07692307692307512323, 0.0000000000000000000 ) ) ;
#1296 = VERTEX_POINT ( 'NONE', #1096 ) ;
#1297 = ORIENTED_EDGE ( 'NONE', *, *, #627, .T. ) ;
#1298 = EDGE_CURVE ( 'NONE', #1210, #729, #1884, .T. ) ;
#1299 = CARTESIAN_POINT ( 'NONE',  ( 0.07677165354330708902, -1.707404996040164512E-17, -0.5893700787401575658 ) ) ;
#1300 = PLANE ( 'NONE',  #47 ) ;
#1301 = CARTESIAN_POINT ( 'NONE',  ( 0.4527559055118108855, 0.5000000000000000000, -0.5078740157480317041 ) ) ;
#1302 = LINE ( 'NONE', #1498, #346 ) ;
#1303 = ORIENTED_EDGE ( 'NONE', *, *, #679, .T. ) ;
#1304 = LINE ( 'NONE', #1644, #432 ) ;
#1305 = LINE ( 'NONE', #602, #17 ) ;
#1306 = ORIENTED_EDGE ( 'NONE', *, *, #1633, .T. ) ;
#1307 = VERTEX_POINT ( 'NONE', #1268 ) ;
#1308 = ADVANCED_FACE ( 'NONE', ( #1980 ), #1479, .T. ) ;
#1309 = DIRECTION ( 'NONE',  ( 0.0000000000000000000, 0.0000000000000000000, -1.000000000000000000 ) ) ;
#1310 = EDGE_CURVE ( 'NONE', #1090, #470, #2212, .T. ) ;
#1311 = PLANE ( 'NONE',  #85 ) ;
#1312 = CARTESIAN_POINT ( 'NONE',  ( 0.4527559055118108855, 0.5000000000000000000, -0.9311023622047243098 ) ) ;
#1313 = LINE ( 'NONE', #241, #310 ) ;
#1314 = VERTEX_POINT ( 'NONE', #60 ) ;
#1315 = DIRECTION ( 'NONE',  ( 0.0000000000000000000, 1.000000000000000000, 0.0000000000000000000 ) ) ;
#1316 = DIRECTION ( 'NONE',  ( 0.0000000000000000000, 0.0000000000000000000, 1.000000000000000000 ) ) ;
#1317 = ORIENTED_EDGE ( 'NONE', *, *, #966, .T. ) ;
#1318 = ORIENTED_EDGE ( 'NONE', *, *, #1821, .T. ) ;
#1319 = VECTOR ( 'NONE', #2138, 39.37007874015748143 ) ;
#1320 = VECTOR ( 'NONE', #1703, 39.37007874015748143 ) ;
#1321 = VECTOR ( 'NONE', #837, 39.37007874015748143 ) ;
#1322 = CARTESIAN_POINT ( 'NONE',  ( 0.4999999999999997780, 0.0000000000000000000, -0.1692913385826771699 ) ) ;
#1323 = AXIS2_PLACEMENT_3D ( 'NONE', #1, #874, #1427 ) ;
#1324 = ORIENTED_EDGE ( 'NONE', *, *, #1282, .F. ) ;
#1325 = CIRCLE ( 'NONE', #1767, 0.05118110236220468900 ) ;
#1326 = CARTESIAN_POINT ( 'NONE',  ( 0.4527559055118111075, 0.0001516480440326097479, -1.010629921259842412 ) ) ;
#1327 = CARTESIAN_POINT ( 'NONE',  ( -0.5000000000000000000, 0.0000000000000000000, -1.179921259842519721 ) ) ;
#1328 = EDGE_CURVE ( 'NONE', #82, #1568, #281, .T. ) ;
#1329 = LINE ( 'NONE', #405, #2032 ) ;
#1330 = CARTESIAN_POINT ( 'NONE',  ( -0.4999999999999999445, 0.5000000000000000000, -1.179921259842519721 ) ) ;
#1331 = EDGE_LOOP ( 'NONE', ( #2108, #1637, #670, #1945 ) ) ;
#1332 = CARTESIAN_POINT ( 'NONE',  ( 0.4999999999999997780, 0.0000000000000000000, -0.2539370078740157410 ) ) ;
#1333 = EDGE_LOOP ( 'NONE', ( #1985, #373, #2144, #2064, #118, #506, #1251, #1775, #1351, #1022, #1798, #734, #1267, #2264, #272, #98, #398, #1695, #1580, #1214 ) ) ;
#1334 = DIRECTION ( 'NONE',  ( 1.000000000000000000, 0.0000000000000000000, 0.0000000000000000000 ) ) ;
#1335 = CARTESIAN_POINT ( 'NONE',  ( 0.4488188976377951445, 0.05118110236220473064, -0.7618110236220471121 ) ) ;
#1336 = CARTESIAN_POINT ( 'NONE',  ( 0.4527559055118108855, 0.05118110236220471676, -1.179921259842519721 ) ) ;
#1337 = DIRECTION ( 'NONE',  ( 1.000000000000000000, -1.365923996832131856E-16, 0.0000000000000000000 ) ) ;
#1338 = LINE ( 'NONE', #2050, #19 ) ;
#1339 = ADVANCED_FACE ( 'NONE', ( #2167 ), #1799, .T. ) ;
#1340 = FACE_OUTER_BOUND ( 'NONE', #1590, .T. ) ;
#1341 = ORIENTED_EDGE ( 'NONE', *, *, #494, .T. ) ;
#1342 = PLANE ( 'NONE',  #1801 ) ;
#1343 = ORIENTED_EDGE ( 'NONE', *, *, #637, .T. ) ;
#1344 = CIRCLE ( 'NONE', #1192, 0.07677165354330710290 ) ;
#1345 =( CONVERSION_BASED_UNIT ( 'INCH', #2094 ) LENGTH_UNIT ( ) NAMED_UNIT ( #1093 ) );
#1346 = PLANE ( 'NONE',  #1537 ) ;
#1347 = CARTESIAN_POINT ( 'NONE',  ( 0.4488188976377951445, 0.05118110236220473064, -0.4232283464566930498 ) ) ;
#1348 = CARTESIAN_POINT ( 'NONE',  ( 0.4527559055118108855, 0.05118110236220471676, -1.179921259842519721 ) ) ;
#1349 = DIRECTION ( 'NONE',  ( 1.365923996832131856E-16, -1.000000000000000000, 0.0000000000000000000 ) ) ;
#1350 = CC_DESIGN_PERSON_AND_ORGANIZATION_ASSIGNMENT ( #1198, #1215, ( #186 ) ) ;
#1351 = ORIENTED_EDGE ( 'NONE', *, *, #805, .F. ) ;
#1352 = ORIENTED_EDGE ( 'NONE', *, *, #2267, .F. ) ;
#1353 = EDGE_CURVE ( 'NONE', #682, #1158, #1117, .T. ) ;
#1354 = CARTESIAN_POINT ( 'NONE',  ( 0.4999999999999998335, 0.5000000000000000000, -0.4232283464566929387 ) ) ;
#1355 = CIRCLE ( 'NONE', #1952, 0.07677165354330710290 ) ;
#1356 = VECTOR ( 'NONE', #1390, 39.37007874015748143 ) ;
#1357 = LINE ( 'NONE', #2068, #203 ) ;
#1358 = DIRECTION ( 'NONE',  ( 0.0000000000000000000, 0.0000000000000000000, 1.000000000000000000 ) ) ;
#1359 = CIRCLE ( 'NONE', #1060, 0.003937007874015724558 ) ;
#1360 = VECTOR ( 'NONE', #1200, 39.37007874015748143 ) ;
#1361 = LINE ( 'NONE', #1560, #1838 ) ;
#1362 = AXIS2_PLACEMENT_3D ( 'NONE', #669, #1729, #1349 ) ;
#1363 = AXIS2_PLACEMENT_3D ( 'NONE', #1988, #936, #393 ) ;
#1364 = FACE_OUTER_BOUND ( 'NONE', #671, .T. ) ;
#1365 = ORIENTED_EDGE ( 'NONE', *, *, #1023, .F. ) ;
#1366 = ORIENTED_EDGE ( 'NONE', *, *, #384, .F. ) ;
#1367 = APPLICATION_CONTEXT ( 'configuration controlled 3d designs of mechanical parts and assemblies' ) ;
#1368 = CARTESIAN_POINT ( 'NONE',  ( 0.4527559055118108855, 0.05118110236220469594, -0.2539370078740160741 ) ) ;
#1369 = EDGE_CURVE ( 'NONE', #1314, #1034, #1823, .T. ) ;
#1370 = EDGE_CURVE ( 'NONE', #1078, #1210, #2181, .T. ) ;
#1371 = LINE ( 'NONE', #1377, #1058 ) ;
#1372 = CARTESIAN_POINT ( 'NONE',  ( 0.4488188976377951445, 0.05118110236220473064, -1.010629921259842412 ) ) ;
#1373 = PLANE ( 'NONE',  #2276 ) ;
#1374 = PLANE ( 'NONE',  #1615 ) ;
#1375 = ORIENTED_EDGE ( 'NONE', *, *, #923, .T. ) ;
#1376 = ORIENTED_EDGE ( 'NONE', *, *, #1619, .F. ) ;
#1377 = CARTESIAN_POINT ( 'NONE',  ( -0.4491217443973349877, 0.04725575972234533767, -1.393274098408182615 ) ) ;
#1378 = ADVANCED_FACE ( 'NONE', ( #1125 ), #424, .T. ) ;
#1379 = DIRECTION ( 'NONE',  ( -1.000000000000000000, 0.0000000000000000000, 0.0000000000000000000 ) ) ;
#1380 = EDGE_CURVE ( 'NONE', #512, #1001, #1204, .T. ) ;
#1381 = CARTESIAN_POINT ( 'NONE',  ( 0.4527559055118109410, 0.5000000000000000000, -1.179921259842519721 ) ) ;
#1382 = APPROVAL_PERSON_ORGANIZATION ( #2301, #2006, #712 ) ;
#1383 = EDGE_CURVE ( 'NONE', #2263, #1212, #1046, .T. ) ;
#1384 = CARTESIAN_POINT ( 'NONE',  ( 0.4527559055118109410, 0.0001516480440326012098, -0.6771653543307084577 ) ) ;
#1385 = DIRECTION ( 'NONE',  ( 1.365923996832131856E-16, -1.000000000000000000, 0.0000000000000000000 ) ) ;
#1386 = ORIENTED_EDGE ( 'NONE', *, *, #2022, .F. ) ;
#1387 = VERTEX_POINT ( 'NONE', #1876 ) ;
#1388 = VERTEX_POINT ( 'NONE', #968 ) ;
#1389 = CARTESIAN_POINT ( 'NONE',  ( 0.0000000000000000000, 0.0000000000000000000, 0.0000000000000000000 ) ) ;
#1390 = DIRECTION ( 'NONE',  ( 0.0000000000000000000, 0.0000000000000000000, 1.000000000000000000 ) ) ;
#1391 = CARTESIAN_POINT ( 'NONE',  ( -0.4999999999999999445, 0.5000000000000000000, -1.179921259842519721 ) ) ;
#1392 = DIRECTION ( 'NONE',  ( 1.000000000000000000, 0.0000000000000000000, 0.0000000000000000000 ) ) ;
#1393 = ORIENTED_EDGE ( 'NONE', *, *, #710, .F. ) ;
#1394 = CIRCLE ( 'NONE', #683, 0.003937007874015724558 ) ;
#1395 = AXIS2_PLACEMENT_3D ( 'NONE', #2058, #462, #2226 ) ;
#1396 = DIRECTION ( 'NONE',  ( 1.365923996832131856E-16, -1.000000000000000000, 0.0000000000000000000 ) ) ;
#1397 = VECTOR ( 'NONE', #1564, 39.37007874015748143 ) ;
#1398 = EDGE_CURVE ( 'NONE', #362, #1662, #1157, .T. ) ;
#1399 = ADVANCED_FACE ( 'NONE', ( #2259 ), #980, .F. ) ;
#1400 = CARTESIAN_POINT ( 'NONE',  ( -0.4999999999999999445, 0.5000000000000000000, -0.9311023622047243098 ) ) ;
#1401 = CIRCLE ( 'NONE', #1693, 0.05118110236220468900 ) ;
#1402 = VERTEX_POINT ( 'NONE', #1563 ) ;
#1403 = ORIENTED_EDGE ( 'NONE', *, *, #748, .F. ) ;
#1404 = ORIENTED_EDGE ( 'NONE', *, *, #843, .T. ) ;
#1405 = CYLINDRICAL_SURFACE ( 'NONE', #1504, 0.05118110236220468900 ) ;
#1406 = DIRECTION ( 'NONE',  ( 1.000000000000000000, 0.0000000000000000000, 0.0000000000000000000 ) ) ;
#1407 = DIRECTION ( 'NONE',  ( 0.07692307692307780165, -0.9970370305242861608, 0.0000000000000000000 ) ) ;
#1408 = VERTEX_POINT ( 'NONE', #75 ) ;
#1409 = FACE_OUTER_BOUND ( 'NONE', #1274, .T. ) ;
#1410 = LINE ( 'NONE', #1232, #872 ) ;
#1411 = ADVANCED_FACE ( 'NONE', ( #849 ), #1342, .F. ) ;
#1412 = ORIENTED_EDGE ( 'NONE', *, *, #2149, .T. ) ;
#1413 = ORIENTED_EDGE ( 'NONE', *, *, #1811, .T. ) ;
#1414 = CARTESIAN_POINT ( 'NONE',  ( 0.4527559055118108855, 0.05118110236220469594, -0.7618110236220473341 ) ) ;
#1415 = LINE ( 'NONE', #1559, #244 ) ;
#1416 = CARTESIAN_POINT ( 'NONE',  ( 0.4527559055118111075, 0.0001516480440326097479, -0.5078740157480310380 ) ) ;
#1417 = ORIENTED_EDGE ( 'NONE', *, *, #2088, .T. ) ;
#1418 = VECTOR ( 'NONE', #1011, 39.37007874015748143 ) ;
#1419 = LINE ( 'NONE', #1259, #84 ) ;
#1420 = DIRECTION ( 'NONE',  ( 0.0000000000000000000, 0.0000000000000000000, -1.000000000000000000 ) ) ;
#1421 = VERTEX_POINT ( 'NONE', #458 ) ;
#1422 = ORIENTED_EDGE ( 'NONE', *, *, #137, .F. ) ;
#1423 = ORIENTED_EDGE ( 'NONE', *, *, #710, .T. ) ;
#1424 = PERSON_AND_ORGANIZATION_ROLE ( 'classification_officer' ) ;
#1425 = DIRECTION ( 'NONE',  ( 0.0000000000000000000, -0.0000000000000000000, 1.000000000000000000 ) ) ;
#1426 = EDGE_CURVE ( 'NONE', #1781, #2299, #668, .T. ) ;
#1427 = DIRECTION ( 'NONE',  ( 0.0000000000000000000, 1.000000000000000000, 0.0000000000000000000 ) ) ;
#1428 = DIRECTION ( 'NONE',  ( 0.0000000000000000000, 0.0000000000000000000, -1.000000000000000000 ) ) ;
#1429 = ORIENTED_EDGE ( 'NONE', *, *, #1074, .F. ) ;
#1430 = DIRECTION ( 'NONE',  ( 0.0000000000000000000, 1.000000000000000000, 0.0000000000000000000 ) ) ;
#1431 = VECTOR ( 'NONE', #680, 39.37007874015748143 ) ;
#1432 = VECTOR ( 'NONE', #664, 39.37007874015748143 ) ;
#1433 = CARTESIAN_POINT ( 'NONE',  ( 0.4999999999999997780, 0.0000000000000000000, -0.6771653543307086798 ) ) ;
#1434 = AXIS2_PLACEMENT_3D ( 'NONE', #163, #875, #528 ) ;
#1435 = VECTOR ( 'NONE', #1482, 39.37007874015748143 ) ;
#1436 = ORIENTED_EDGE ( 'NONE', *, *, #2162, .F. ) ;
#1437 = ORIENTED_EDGE ( 'NONE', *, *, #2101, .F. ) ;
#1438 = AXIS2_PLACEMENT_3D ( 'NONE', #769, #40, #2196 ) ;
#1439 = ORIENTED_EDGE ( 'NONE', *, *, #39, .T. ) ;
#1440 = AXIS2_PLACEMENT_3D ( 'NONE', #578, #598, #2021 ) ;
#1441 = DIRECTION ( 'NONE',  ( -0.07692307692307517875, -0.9970370305242863829, 0.0000000000000000000 ) ) ;
#1442 = CARTESIAN_POINT ( 'NONE',  ( 0.07677165354330708902, -1.707404996040164512E-17, -0.5893700787401575658 ) ) ;
#1443 = EDGE_CURVE ( 'NONE', #928, #1262, #519, .T. ) ;
#1444 = CARTESIAN_POINT ( 'NONE',  ( -0.4488188976377953110, 0.05118110236220473064, 0.0000000000000000000 ) ) ;
#1445 = EDGE_CURVE ( 'NONE', #299, #1941, #280, .T. ) ;
#1446 = ORIENTED_EDGE ( 'NONE', *, *, #1024, .F. ) ;
#1447 = CARTESIAN_POINT ( 'NONE',  ( -0.4488188976377953110, 0.05118110236220473064, -0.2539370078740157965 ) ) ;
#1448 = CARTESIAN_POINT ( 'NONE',  ( -0.4999999999999999445, 0.0000000000000000000, -0.1692913385826771699 ) ) ;
#1449 = DIRECTION ( 'NONE',  ( -0.07692307692307645550, -0.9970370305242861608, 0.0000000000000000000 ) ) ;
#1450 = PERSON_AND_ORGANIZATION_ROLE ( 'creator' ) ;
#1451 = ORIENTED_EDGE ( 'NONE', *, *, #984, .T. ) ;
#1452 = CARTESIAN_POINT ( 'NONE',  ( -0.4999999999999999445, 0.5000000000000000000, -1.179921259842519721 ) ) ;
#1453 = EDGE_CURVE ( 'NONE', #912, #154, #1502, .T. ) ;
#1454 = EDGE_LOOP ( 'NONE', ( #488, #1673, #1436, #2191, #279, #876 ) ) ;
#1455 = EDGE_CURVE ( 'NONE', #1627, #2199, #630, .T. ) ;
#1456 = LINE ( 'NONE', #1108, #1543 ) ;
#1457 = CARTESIAN_POINT ( 'NONE',  ( -0.5000000000000000000, 0.5000000000000000000, -0.5078740157480314821 ) ) ;
#1458 = ADVANCED_FACE ( 'NONE', ( #1409 ), #1750, .T. ) ;
#1459 = VECTOR ( 'NONE', #236, 39.37007874015748143 ) ;
#1460 = LINE ( 'NONE', #1281, #1727 ) ;
#1461 = ORIENTED_EDGE ( 'NONE', *, *, #2296, .T. ) ;
#1462 = VERTEX_POINT ( 'NONE', #320 ) ;
#1463 = CARTESIAN_POINT ( 'NONE',  ( -0.4999999999999999445, 0.5000000000000000000, -0.4232283464566931608 ) ) ;
#1464 = VERTEX_POINT ( 'NONE', #1918 ) ;
#1465 = DIRECTION ( 'NONE',  ( 0.0000000000000000000, 0.0000000000000000000, 1.000000000000000000 ) ) ;
#1466 = CARTESIAN_POINT ( 'NONE',  ( 0.4999999999999998335, 0.5000000000000000000, -1.010629921259842412 ) ) ;
#1467 = EDGE_LOOP ( 'NONE', ( #1475, #1417, #245, #374 ) ) ;
#1468 = DIRECTION ( 'NONE',  ( -0.0000000000000000000, -0.0000000000000000000, -1.000000000000000000 ) ) ;
#1469 = EDGE_CURVE ( 'NONE', #688, #906, #1032, .T. ) ;
#1470 = ADVANCED_FACE ( 'NONE', ( #1738 ), #140, .F. ) ;
#1471 = VECTOR ( 'NONE', #2, 39.37007874015748143 ) ;
#1472 = CIRCLE ( 'NONE', #465, 0.003937007874015724558 ) ;
#1473 = VERTEX_POINT ( 'NONE', #618 ) ;
#1474 = AXIS2_PLACEMENT_3D ( 'NONE', #1347, #463, #642 ) ;
#1475 = ORIENTED_EDGE ( 'NONE', *, *, #287, .T. ) ;
#1476 = VECTOR ( 'NONE', #1449, 39.37007874015748854 ) ;
#1477 = DIRECTION ( 'NONE',  ( 0.0000000000000000000, 1.000000000000000000, 0.0000000000000000000 ) ) ;
#1478 = DIRECTION ( 'NONE',  ( 0.0000000000000000000, -1.000000000000000000, 0.0000000000000000000 ) ) ;
#1479 = PLANE ( 'NONE',  #1917 ) ;
#1480 = DIRECTION ( 'NONE',  ( 0.0000000000000000000, 1.000000000000000000, 0.0000000000000000000 ) ) ;
#1481 = DIRECTION ( 'NONE',  ( 0.0000000000000000000, 1.000000000000000000, 0.0000000000000000000 ) ) ;
#1482 = DIRECTION ( 'NONE',  ( 1.365923996832131609E-16, -1.000000000000000000, 0.0000000000000000000 ) ) ;
#1483 = ADVANCED_FACE ( 'NONE', ( #1577 ), #2284, .T. ) ;
#1484 = ORIENTED_EDGE ( 'NONE', *, *, #2269, .T. ) ;
#1485 = ORIENTED_EDGE ( 'NONE', *, *, #1037, .T. ) ;
#1486 = DIRECTION ( 'NONE',  ( 1.000000000000000000, 0.0000000000000000000, 0.0000000000000000000 ) ) ;
#1487 = FACE_OUTER_BOUND ( 'NONE', #221, .T. ) ;
#1488 = CARTESIAN_POINT ( 'NONE',  ( -0.4999999999999999445, 0.5000000000000000000, -1.179921259842519721 ) ) ;
#1489 = DIRECTION ( 'NONE',  ( 0.0000000000000000000, 0.0000000000000000000, 1.000000000000000000 ) ) ;
#1490 = DIRECTION ( 'NONE',  ( 0.0000000000000000000, 0.0000000000000000000, 1.000000000000000000 ) ) ;
#1491 = DIRECTION ( 'NONE',  ( 1.000000000000000000, 0.0000000000000000000, 0.0000000000000000000 ) ) ;
#1492 = ORIENTED_EDGE ( 'NONE', *, *, #1453, .F. ) ;
#1493 = ORIENTED_EDGE ( 'NONE', *, *, #2103, .T. ) ;
#1494 = CARTESIAN_POINT ( 'NONE',  ( 0.5000000000000000000, 0.05118110236220469594, 0.0000000000000000000 ) ) ;
#1495 = EDGE_CURVE ( 'NONE', #31, #2163, #2044, .T. ) ;
#1496 = CARTESIAN_POINT ( 'NONE',  ( 0.4999999999999998335, 0.05118110236220469594, -0.4232283464566931608 ) ) ;
#1497 = LINE ( 'NONE', #1902, #206 ) ;
#1498 = CARTESIAN_POINT ( 'NONE',  ( 0.4999999999999997780, 0.0000000000000000000, -0.5078740157480314821 ) ) ;
#1499 = CARTESIAN_POINT ( 'NONE',  ( 0.4999999999999999445, 0.5000000000000000000, -1.179921259842519721 ) ) ;
#1500 = CARTESIAN_POINT ( 'NONE',  ( -0.4527559055118109410, 0.0001516480440325841336, -0.9708661417322833609 ) ) ;
#1501 = ORIENTED_EDGE ( 'NONE', *, *, #78, .F. ) ;
#1502 = LINE ( 'NONE', #1384, #1134 ) ;
#1503 = ORIENTED_EDGE ( 'NONE', *, *, #891, .F. ) ;
#1504 = AXIS2_PLACEMENT_3D ( 'NONE', #2109, #160, #483 ) ;
#1505 = DIRECTION ( 'NONE',  ( 1.000000000000000000, 0.0000000000000000000, -1.929185360294492124E-16 ) ) ;
#1506 = CIRCLE ( 'NONE', #2030, 0.003937007874015724558 ) ;
#1507 = LINE ( 'NONE', #886, #791 ) ;
#1508 = LINE ( 'NONE', #1713, #2098 ) ;
#1509 = EDGE_CURVE ( 'NONE', #1709, #606, #704, .T. ) ;
#1510 = PLANE ( 'NONE',  #124 ) ;
#1511 = CARTESIAN_POINT ( 'NONE',  ( -0.4527559055118110520, 0.0001516480440326097479, -0.4232283464566931608 ) ) ;
#1512 = EDGE_CURVE ( 'NONE', #1027, #1701, #1728, .T. ) ;
#1513 = CARTESIAN_POINT ( 'NONE',  ( 0.4527559055118108855, 0.05118110236220469594, -1.010629921259842412 ) ) ;
#1514 = ORIENTED_EDGE ( 'NONE', *, *, #2201, .F. ) ;
#1515 = CARTESIAN_POINT ( 'NONE',  ( -0.4527559055118111075, 0.0001516480440326012098, -0.7618110236220471121 ) ) ;
#1516 = ORIENTED_EDGE ( 'NONE', *, *, #460, .T. ) ;
#1517 = DIRECTION ( 'NONE',  ( 1.929185360294492124E-16, 0.0000000000000000000, 1.000000000000000000 ) ) ;
#1518 = DIRECTION ( 'NONE',  ( -1.000000000000000000, 0.0000000000000000000, 0.0000000000000000000 ) ) ;
#1519 = DIRECTION ( 'NONE',  ( -1.794691455157470616E-29, -3.586506512827682458E-14, -1.000000000000000000 ) ) ;
#1520 = DIRECTION ( 'NONE',  ( 1.365923996832131856E-16, -1.000000000000000000, 0.0000000000000000000 ) ) ;
#1521 = ADVANCED_FACE ( 'NONE', ( #1989, #220 ), #394, .T. ) ;
#1522 = EDGE_CURVE ( 'NONE', #750, #1596, #1610, .T. ) ;
#1523 = PLANE ( 'NONE',  #278 ) ;
#1524 = ORIENTED_EDGE ( 'NONE', *, *, #1353, .F. ) ;
#1525 = CARTESIAN_POINT ( 'NONE',  ( -0.4527559055118110520, 0.0001516480440326097479, -0.4232283464566931608 ) ) ;
#1526 = VERTEX_POINT ( 'NONE', #1971 ) ;
#1527 = CARTESIAN_POINT ( 'NONE',  ( 0.4527559055118108855, 0.5000000000000000000, -0.7618110236220473341 ) ) ;
#1528 = LINE ( 'NONE', #789, #50 ) ;
#1529 = LINE ( 'NONE', #643, #1914 ) ;
#1530 = LINE ( 'NONE', #1185, #314 ) ;
#1531 = ORIENTED_EDGE ( 'NONE', *, *, #1455, .F. ) ;
#1532 = ADVANCED_FACE ( 'NONE', ( #1073 ), #168, .T. ) ;
#1533 = EDGE_CURVE ( 'NONE', #2043, #1233, #1231, .T. ) ;
#1534 = VERTEX_POINT ( 'NONE', #1958 ) ;
#1535 = DIRECTION ( 'NONE',  ( -1.000000000000000000, 0.0000000000000000000, 0.0000000000000000000 ) ) ;
#1536 = VECTOR ( 'NONE', #1542, 39.37007874015748143 ) ;
#1537 = AXIS2_PLACEMENT_3D ( 'NONE', #1170, #1883, #92 ) ;
#1538 = CARTESIAN_POINT ( 'NONE',  ( 0.4527559055118108855, 0.5000000000000000000, -0.2539370078740160741 ) ) ;
#1539 = LINE ( 'NONE', #2217, #1612 ) ;
#1540 = AXIS2_PLACEMENT_3D ( 'NONE', #1381, #2250, #677 ) ;
#1541 = AXIS2_PLACEMENT_3D ( 'NONE', #1887, #1707, #2072 ) ;
#1542 = DIRECTION ( 'NONE',  ( 0.0000000000000000000, 1.000000000000000000, 0.0000000000000000000 ) ) ;
#1543 = VECTOR ( 'NONE', #2157, 39.37007874015748143 ) ;
#1544 = AXIS2_PLACEMENT_3D ( 'NONE', #863, #2270, #1396 ) ;
#1545 = CARTESIAN_POINT ( 'NONE',  ( 0.4527559055118109410, 0.0001516480440326012098, -0.7194881889763776739 ) ) ;
#1546 = VERTEX_POINT ( 'NONE', #1634 ) ;
#1547 = EDGE_CURVE ( 'NONE', #1984, #2178, #1057, .T. ) ;
#1548 = ORIENTED_EDGE ( 'NONE', *, *, #167, .T. ) ;
#1549 = ORIENTED_EDGE ( 'NONE', *, *, #2269, .F. ) ;
#1550 = LINE ( 'NONE', #2215, #159 ) ;
#1551 = PLANE ( 'NONE',  #467 ) ;
#1552 = CARTESIAN_POINT ( 'NONE',  ( -0.4527559055118110520, 0.05118110236220473064, -0.2539370078740160741 ) ) ;
#1553 = CARTESIAN_POINT ( 'NONE',  ( 0.4488188976377951445, 0.04724409448818897572, -1.179921259842519721 ) ) ;
#1554 = ORIENTED_EDGE ( 'NONE', *, *, #913, .F. ) ;
#1555 = EDGE_LOOP ( 'NONE', ( #661, #171, #1782, #1853 ) ) ;
#1556 = EDGE_LOOP ( 'NONE', ( #1178, #1638, #2007, #165 ) ) ;
#1557 = CC_DESIGN_PERSON_AND_ORGANIZATION_ASSIGNMENT ( #1264, #1450, ( #1087 ) ) ;
#1558 = CARTESIAN_POINT ( 'NONE',  ( -0.4491217443973349877, 0.04725575972234533767, -0.5078740157480314821 ) ) ;
#1559 = CARTESIAN_POINT ( 'NONE',  ( 0.4527559055118109410, 0.5000000000000000000, -1.179921259842519721 ) ) ;
#1560 = CARTESIAN_POINT ( 'NONE',  ( 0.4999999999999999445, 0.5000000000000000000, -1.179921259842519721 ) ) ;
#1561 = ADVANCED_FACE ( 'NONE', ( #1084 ), #38, .T. ) ;
#1562 = ORIENTED_EDGE ( 'NONE', *, *, #442, .F. ) ;
#1563 = CARTESIAN_POINT ( 'NONE',  ( 0.4488188976377951445, 0.04724409448818897572, 0.0000000000000000000 ) ) ;
#1564 = DIRECTION ( 'NONE',  ( 0.0000000000000000000, 0.0000000000000000000, 1.000000000000000000 ) ) ;
#1565 = ORIENTED_EDGE ( 'NONE', *, *, #697, .F. ) ;
#1566 = VERTEX_POINT ( 'NONE', #1586 ) ;
#1567 = ORIENTED_EDGE ( 'NONE', *, *, #2039, .T. ) ;
#1568 = VERTEX_POINT ( 'NONE', #180 ) ;
#1569 = APPROVAL_DATE_TIME ( #1091, #1643 ) ;
#1570 = LINE ( 'NONE', #1772, #536 ) ;
#1571 = DIRECTION ( 'NONE',  ( 0.0000000000000000000, 1.000000000000000000, 0.0000000000000000000 ) ) ;
#1572 = DIRECTION ( 'NONE',  ( 0.0000000000000000000, 0.0000000000000000000, 1.000000000000000000 ) ) ;
#1573 = ORIENTED_EDGE ( 'NONE', *, *, #1547, .T. ) ;
#1574 = AXIS2_PLACEMENT_3D ( 'NONE', #1584, #1595, #1978 ) ;
#1575 = EDGE_CURVE ( 'NONE', #2273, #1596, #2295, .T. ) ;
#1576 = CIRCLE ( 'NONE', #1762, 0.05118110236220468900 ) ;
#1577 = FACE_OUTER_BOUND ( 'NONE', #1222, .T. ) ;
#1578 = CARTESIAN_POINT ( 'NONE',  ( 0.4527559055118109410, 0.5000000000000000000, 0.0000000000000000000 ) ) ;
#1579 = VECTOR ( 'NONE', #372, 39.37007874015748143 ) ;
#1580 = ORIENTED_EDGE ( 'NONE', *, *, #763, .F. ) ;
#1581 = VERTEX_POINT ( 'NONE', #1466 ) ;
#1582 = CARTESIAN_POINT ( 'NONE',  ( -0.4527559055118110520, 0.05118110236220473064, -0.4232283464566931608 ) ) ;
#1583 = CARTESIAN_POINT ( 'NONE',  ( 0.4999999999999999445, 0.5000000000000000000, 0.0000000000000000000 ) ) ;
#1584 = CARTESIAN_POINT ( 'NONE',  ( -0.4488188976377953110, 0.05118110236220473064, -0.4232283464566931608 ) ) ;
#1585 = ORIENTED_EDGE ( 'NONE', *, *, #430, .F. ) ;
#1586 = CARTESIAN_POINT ( 'NONE',  ( 0.4999999999999998335, 0.05118110236220470982, -1.010629921259842412 ) ) ;
#1587 = DIRECTION ( 'NONE',  ( 0.0000000000000000000, 0.0000000000000000000, 1.000000000000000000 ) ) ;
#1588 = EDGE_CURVE ( 'NONE', #1387, #1388, #1419, .T. ) ;
#1589 = ORIENTED_EDGE ( 'NONE', *, *, #1469, .T. ) ;
#1590 = EDGE_LOOP ( 'NONE', ( #716, #1964, #662, #1165 ) ) ;
#1591 = ORIENTED_EDGE ( 'NONE', *, *, #78, .T. ) ;
#1592 = DATE_TIME_ROLE ( 'creation_date' ) ;
#1593 = DIRECTION ( 'NONE',  ( 0.0000000000000000000, 1.000000000000000000, 0.0000000000000000000 ) ) ;
#1594 = FACE_OUTER_BOUND ( 'NONE', #686, .T. ) ;
#1595 = DIRECTION ( 'NONE',  ( 0.0000000000000000000, 0.0000000000000000000, 1.000000000000000000 ) ) ;
#1596 = VERTEX_POINT ( 'NONE', #717 ) ;
#1597 = ORIENTED_EDGE ( 'NONE', *, *, #1970, .F. ) ;
#1598 = CIRCLE ( 'NONE', #1006, 0.003937007874015724558 ) ;
#1599 = DIRECTION ( 'NONE',  ( -1.000000000000000000, -1.365923996832131856E-16, -0.0000000000000000000 ) ) ;
#1600 = CARTESIAN_POINT ( 'NONE',  ( -0.4527559055118110520, 0.0001516480440325926717, -0.2539370078740157965 ) ) ;
#1601 = ORIENTED_EDGE ( 'NONE', *, *, #1821, .F. ) ;
#1602 = ORIENTED_EDGE ( 'NONE', *, *, #213, .F. ) ;
#1603 = EDGE_CURVE ( 'NONE', #131, #1077, #732, .T. ) ;
#1604 = EDGE_CURVE ( 'NONE', #593, #1709, #18, .T. ) ;
#1605 = ORIENTED_EDGE ( 'NONE', *, *, #608, .T. ) ;
#1606 = CARTESIAN_POINT ( 'NONE',  ( -0.5000000000000000000, 0.0000000000000000000, -0.4232283464566929387 ) ) ;
#1607 = CARTESIAN_POINT ( 'NONE',  ( 0.4999999999999999445, 0.5000000000000000000, 0.0000000000000000000 ) ) ;
#1608 = DIRECTION ( 'NONE',  ( 0.0000000000000000000, 0.0000000000000000000, -1.000000000000000000 ) ) ;
#1609 = ORIENTED_EDGE ( 'NONE', *, *, #652, .F. ) ;
#1610 = LINE ( 'NONE', #1109, #2026 ) ;
#1611 = VECTOR ( 'NONE', #1927, 39.37007874015748143 ) ;
#1612 = VECTOR ( 'NONE', #656, 39.37007874015748143 ) ;
#1613 = DIRECTION ( 'NONE',  ( 0.0000000000000000000, -0.0000000000000000000, 1.000000000000000000 ) ) ;
#1614 = CIRCLE ( 'NONE', #752, 0.003937007874015724558 ) ;
#1615 = AXIS2_PLACEMENT_3D ( 'NONE', #1545, #2237, #1033 ) ;
#1616 = ORIENTED_EDGE ( 'NONE', *, *, #1115, .F. ) ;
#1617 = VECTOR ( 'NONE', #2260, 39.37007874015748143 ) ;
#1618 = ORIENTED_EDGE ( 'NONE', *, *, #511, .F. ) ;
#1619 = EDGE_CURVE ( 'NONE', #192, #2127, #1981, .T. ) ;
#1620 = VERTEX_POINT ( 'NONE', #382 ) ;
#1621 = LINE ( 'NONE', #1416, #1761 ) ;
#1622 = ADVANCED_FACE ( 'NONE', ( #2168 ), #1097, .F. ) ;
#1623 = ORIENTED_EDGE ( 'NONE', *, *, #460, .F. ) ;
#1624 = DIRECTION ( 'NONE',  ( -1.365923996832131609E-16, 1.000000000000000000, 0.0000000000000000000 ) ) ;
#1625 = CARTESIAN_POINT ( 'NONE',  ( 0.4999999999999999445, 0.5000000000000000000, -1.179921259842519721 ) ) ;
#1626 = CARTESIAN_POINT ( 'NONE',  ( -0.4527559055118110520, 0.05118110236220473064, -1.179921259842519721 ) ) ;
#1627 = VERTEX_POINT ( 'NONE', #29 ) ;
#1628 = ORIENTED_EDGE ( 'NONE', *, *, #2188, .F. ) ;
#1629 = DIRECTION ( 'NONE',  ( 0.0000000000000000000, 1.000000000000000000, 0.0000000000000000000 ) ) ;
#1630 = ORIENTED_EDGE ( 'NONE', *, *, #1575, .F. ) ;
#1631 = LINE ( 'NONE', #1312, #2139 ) ;
#1632 = EDGE_CURVE ( 'NONE', #1034, #2164, #740, .T. ) ;
#1633 = EDGE_CURVE ( 'NONE', #2185, #1464, #1355, .T. ) ;
#1634 = CARTESIAN_POINT ( 'NONE',  ( 0.4999999999999998335, 0.05118110236220470982, -0.5078740157480315931 ) ) ;
#1635 = VERTEX_POINT ( 'NONE', #2193 ) ;
#1636 = CARTESIAN_POINT ( 'NONE',  ( 0.4999999999999997780, 0.0000000000000000000, -1.010629921259842412 ) ) ;
#1637 = ORIENTED_EDGE ( 'NONE', *, *, #805, .T. ) ;
#1638 = ORIENTED_EDGE ( 'NONE', *, *, #1469, .F. ) ;
#1639 = DIRECTION ( 'NONE',  ( 0.0000000000000000000, 1.000000000000000000, 0.0000000000000000000 ) ) ;
#1640 = ORIENTED_EDGE ( 'NONE', *, *, #1024, .T. ) ;
#1641 = PLANE ( 'NONE',  #615 ) ;
#1642 = CARTESIAN_POINT ( 'NONE',  ( -0.4527559055118110520, -6.453184237002196221E-18, 0.0000000000000000000 ) ) ;
#1643 = APPROVAL ( #1976, 'UNSPECIFIED' ) ;
#1644 = CARTESIAN_POINT ( 'NONE',  ( 0.4527559055118108855, 0.5000000000000000000, -0.2539370078740160741 ) ) ;
#1645 = CIRCLE ( 'NONE', #239, 0.003937007874015724558 ) ;
#1646 = CIRCLE ( 'NONE', #1574, 0.05118110236220468900 ) ;
#1647 = LINE ( 'NONE', #1785, #794 ) ;
#1648 = VECTOR ( 'NONE', #2121, 39.37007874015748143 ) ;
#1649 = ORIENTED_EDGE ( 'NONE', *, *, #1383, .F. ) ;
#1650 = CIRCLE ( 'NONE', #689, 0.07677165354330710290 ) ;
#1651 = ORIENTED_EDGE ( 'NONE', *, *, #1715, .T. ) ;
#1652 = VECTOR ( 'NONE', #954, 39.37007874015748143 ) ;
#1653 = CARTESIAN_POINT ( 'NONE',  ( 0.07677165354330704738, -1.707404996040164512E-17, -0.8106299212598425674 ) ) ;
#1654 = CARTESIAN_POINT ( 'NONE',  ( 0.4527559055118109410, 0.0001516480440326012098, -0.7618110236220471121 ) ) ;
#1655 = DIRECTION ( 'NONE',  ( -0.9970370305242861608, 0.07692307692307780165, 0.0000000000000000000 ) ) ;
#1656 = DIRECTION ( 'NONE',  ( 0.0000000000000000000, 1.000000000000000000, 0.0000000000000000000 ) ) ;
#1657 = ORIENTED_EDGE ( 'NONE', *, *, #1834, .T. ) ;
#1658 = DIRECTION ( 'NONE',  ( 1.000000000000000000, 0.0000000000000000000, 0.0000000000000000000 ) ) ;
#1659 = DIRECTION ( 'NONE',  ( 0.0000000000000000000, 1.000000000000000000, 0.0000000000000000000 ) ) ;
#1660 = VERTEX_POINT ( 'NONE', #1142 ) ;
#1661 = EDGE_CURVE ( 'NONE', #1546, #2127, #1302, .T. ) ;
#1662 = VERTEX_POINT ( 'NONE', #2038 ) ;
#1663 = CARTESIAN_POINT ( 'NONE',  ( -0.4999999999999999445, 0.5000000000000000000, -0.6771653543307086798 ) ) ;
#1664 = DIRECTION ( 'NONE',  ( 1.000000000000000000, -1.365923996832131856E-16, 0.0000000000000000000 ) ) ;
#1665 = DIRECTION ( 'NONE',  ( 1.000000000000000000, 0.0000000000000000000, 0.0000000000000000000 ) ) ;
#1666 = DIRECTION ( 'NONE',  ( 0.0000000000000000000, 1.000000000000000000, 0.0000000000000000000 ) ) ;
#1667 = EDGE_LOOP ( 'NONE', ( #927, #840, #195, #1248 ) ) ;
#1668 = DIRECTION ( 'NONE',  ( 0.0000000000000000000, 1.000000000000000000, 0.0000000000000000000 ) ) ;
#1669 = CARTESIAN_POINT ( 'NONE',  ( -0.4999999999999999445, 0.0000000000000000000, -0.6771653543307085688 ) ) ;
#1670 = VERTEX_POINT ( 'NONE', #2218 ) ;
#1671 = CARTESIAN_POINT ( 'NONE',  ( -0.4488188976377953110, 0.05118110236220473064, -1.179921259842519721 ) ) ;
#1672 = CC_DESIGN_SECURITY_CLASSIFICATION ( #34, ( #1087 ) ) ;
#1673 = ORIENTED_EDGE ( 'NONE', *, *, #248, .F. ) ;
#1674 = EDGE_CURVE ( 'NONE', #2154, #500, #779, .T. ) ;
#1675 = EDGE_CURVE ( 'NONE', #1660, #1546, #1313, .T. ) ;
#1676 = CARTESIAN_POINT ( 'NONE',  ( 0.4999999999999998335, 0.5000000000000000000, -0.6771653543307086798 ) ) ;
#1677 = CARTESIAN_POINT ( 'NONE',  ( -0.4527559055118110520, 0.0001516480440325926717, -0.2116141732283466637 ) ) ;
#1678 = DIRECTION ( 'NONE',  ( 0.0000000000000000000, 0.0000000000000000000, 1.000000000000000000 ) ) ;
#1679 = CARTESIAN_POINT ( 'NONE',  ( 0.0000000000000000000, 0.04724409448818897572, -0.5893700787401575658 ) ) ;
#1680 = ORIENTED_EDGE ( 'NONE', *, *, #561, .T. ) ;
#1681 = CARTESIAN_POINT ( 'NONE',  ( 0.4527559055118109410, 0.5000000000000000000, 0.0000000000000000000 ) ) ;
#1682 = DIRECTION ( 'NONE',  ( -1.000000000000000000, -1.365923996832131856E-16, -0.0000000000000000000 ) ) ;
#1683 = ORIENTED_EDGE ( 'NONE', *, *, #1810, .T. ) ;
#1684 = DIRECTION ( 'NONE',  ( 1.000000000000000000, 0.0000000000000000000, 0.0000000000000000000 ) ) ;
#1685 = EDGE_LOOP ( 'NONE', ( #698, #1979, #2017, #1731, #921, #1404 ) ) ;
#1686 = VECTOR ( 'NONE', #587, 39.37007874015748143 ) ;
#1687 = VECTOR ( 'NONE', #1012, 39.37007874015748143 ) ;
#1688 = EDGE_CURVE ( 'NONE', #1931, #1009, #1645, .T. ) ;
#1689 = LINE ( 'NONE', #1734, #2014 ) ;
#1690 = ADVANCED_FACE ( 'NONE', ( #265 ), #624, .F. ) ;
#1691 = VECTOR ( 'NONE', #1195, 39.37007874015748143 ) ;
#1692 = PLANE ( 'NONE',  #684 ) ;
#1693 = AXIS2_PLACEMENT_3D ( 'NONE', #781, #940, #1849 ) ;
#1694 = CARTESIAN_POINT ( 'NONE',  ( 0.4488188976377951445, 0.05118110236220473064, -0.5078740157480315931 ) ) ;
#1695 = ORIENTED_EDGE ( 'NONE', *, *, #1834, .F. ) ;
#1696 = FACE_BOUND ( 'NONE', #1717, .T. ) ;
#1697 = ADVANCED_FACE ( 'NONE', ( #937 ), #2024, .F. ) ;
#1698 = LINE ( 'NONE', #1400, #543 ) ;
#1699 = ORIENTED_EDGE ( 'NONE', *, *, #409, .T. ) ;
#1700 = DIRECTION ( 'NONE',  ( 0.0000000000000000000, 1.000000000000000000, 0.0000000000000000000 ) ) ;
#1701 = VERTEX_POINT ( 'NONE', #451 ) ;
#1702 = LINE ( 'NONE', #1527, #2240 ) ;
#1703 = DIRECTION ( 'NONE',  ( -0.0000000000000000000, -0.0000000000000000000, -1.000000000000000000 ) ) ;
#1704 = ORIENTED_EDGE ( 'NONE', *, *, #1850, .T. ) ;
#1705 = CARTESIAN_POINT ( 'NONE',  ( -0.4488188976377953110, 0.04724409448818897572, -1.179921259842519721 ) ) ;
#1706 = EDGE_CURVE ( 'NONE', #8, #2273, #1128, .T. ) ;
#1707 = DIRECTION ( 'NONE',  ( -1.000000000000000000, -1.365923996832131856E-16, 0.0000000000000000000 ) ) ;
#1708 = ORIENTED_EDGE ( 'NONE', *, *, #913, .T. ) ;
#1709 = VERTEX_POINT ( 'NONE', #439 ) ;
#1710 = CC_DESIGN_APPROVAL ( #1643, ( #998 ) ) ;
#1711 = CARTESIAN_POINT ( 'NONE',  ( -0.4527559055118110520, -6.453184237002196221E-18, -0.7618110236220472231 ) ) ;
#1712 = DIRECTION ( 'NONE',  ( 0.0000000000000000000, -1.000000000000000000, 0.0000000000000000000 ) ) ;
#1713 = CARTESIAN_POINT ( 'NONE',  ( -0.4527559055118110520, -6.453184237002196221E-18, -0.6771653543307086798 ) ) ;
#1714 = CARTESIAN_POINT ( 'NONE',  ( 0.0000000000000000000, -1.707404996040164512E-17, -0.5125984251968503935 ) ) ;
#1715 = EDGE_CURVE ( 'NONE', #821, #1864, #1394, .T. ) ;
#1716 = LINE ( 'NONE', #659, #395 ) ;
#1717 = EDGE_LOOP ( 'NONE', ( #2153, #742, #356, #1423, #1493 ) ) ;
#1718 = ORIENTED_EDGE ( 'NONE', *, *, #2041, .T. ) ;
#1719 = DIRECTION ( 'NONE',  ( 0.0000000000000000000, 1.000000000000000000, 0.0000000000000000000 ) ) ;
#1720 = AXIS2_PLACEMENT_3D ( 'NONE', #208, #1942, #918 ) ;
#1721 = AXIS2_PLACEMENT_3D ( 'NONE', #607, #1358, #2048 ) ;
#1722 = PLANE ( 'NONE',  #1243 ) ;
#1723 = DIRECTION ( 'NONE',  ( 0.0000000000000000000, 0.0000000000000000000, -1.000000000000000000 ) ) ;
#1724 = VECTOR ( 'NONE', #340, 39.37007874015748143 ) ;
#1725 = CIRCLE ( 'NONE', #687, 0.003937007874015724558 ) ;
#1726 = CARTESIAN_POINT ( 'NONE',  ( 0.4488188976377951445, 0.05118110236220471676, 0.0000000000000000000 ) ) ;
#1727 = VECTOR ( 'NONE', #1861, 39.37007874015748143 ) ;
#1728 = CIRCLE ( 'NONE', #1202, 0.07677165354330710290 ) ;
#1729 = DIRECTION ( 'NONE',  ( -1.000000000000000000, -1.365923996832131856E-16, 0.0000000000000000000 ) ) ;
#1730 = ORIENTED_EDGE ( 'NONE', *, *, #1533, .T. ) ;
#1731 = ORIENTED_EDGE ( 'NONE', *, *, #1921, .F. ) ;
#1732 = ORIENTED_EDGE ( 'NONE', *, *, #880, .F. ) ;
#1733 = ADVANCED_FACE ( 'NONE', ( #962 ), #768, .F. ) ;
#1734 = CARTESIAN_POINT ( 'NONE',  ( -0.07677165354330708902, 0.04724409448818897572, -0.5893700787401575658 ) ) ;
#1735 = FACE_OUTER_BOUND ( 'NONE', #1963, .T. ) ;
#1736 = DIRECTION ( 'NONE',  ( 1.365923996832131856E-16, 1.000000000000000000, 0.0000000000000000000 ) ) ;
#1737 = CARTESIAN_POINT ( 'NONE',  ( -0.4527559055118109410, 0.5000000000000000000, -1.179921259842519721 ) ) ;
#1738 = FACE_OUTER_BOUND ( 'NONE', #1920, .T. ) ;
#1739 = CARTESIAN_POINT ( 'NONE',  ( -0.4488188976377953110, 0.04724409448818897572, -1.179921259842519721 ) ) ;
#1740 = ORIENTED_EDGE ( 'NONE', *, *, #1522, .F. ) ;
#1741 = ORIENTED_EDGE ( 'NONE', *, *, #1688, .F. ) ;
#1742 = ORIENTED_EDGE ( 'NONE', *, *, #1055, .T. ) ;
#1743 = PERSON_AND_ORGANIZATION_ROLE ( 'creator' ) ;
#1744 = ADVANCED_FACE ( 'NONE', ( #1696, #1118 ), #1163, .F. ) ;
#1745 = FACE_OUTER_BOUND ( 'NONE', #2073, .T. ) ;
#1746 = AXIS2_PLACEMENT_3D ( 'NONE', #1188, #461, #1719 ) ;
#1747 = DIRECTION ( 'NONE',  ( 1.365923996832131609E-16, 1.000000000000000000, 0.0000000000000000000 ) ) ;
#1748 = CARTESIAN_POINT ( 'NONE',  ( -0.4527559055118110520, 0.0001516480440325926717, -0.5078740157480314821 ) ) ;
#1749 = ORIENTED_EDGE ( 'NONE', *, *, #1127, .F. ) ;
#1750 = PLANE ( 'NONE',  #497 ) ;
#1751 = CARTESIAN_POINT ( 'NONE',  ( -0.4488188976377953110, 0.05118110236220473064, -1.010629921259842412 ) ) ;
#1752 = VERTEX_POINT ( 'NONE', #70 ) ;
#1753 = EDGE_LOOP ( 'NONE', ( #818, #969, #1451, #106 ) ) ;
#1754 = ORIENTED_EDGE ( 'NONE', *, *, #2296, .F. ) ;
#1755 = COORDINATED_UNIVERSAL_TIME_OFFSET ( 0, 0, .AHEAD. ) ;
#1756 = DIRECTION ( 'NONE',  ( 0.0000000000000000000, 0.0000000000000000000, 1.000000000000000000 ) ) ;
#1757 = DIRECTION ( 'NONE',  ( 0.0000000000000000000, 0.0000000000000000000, 1.000000000000000000 ) ) ;
#1758 = ADVANCED_FACE ( 'NONE', ( #975 ), #599, .T. ) ;
#1759 = CARTESIAN_POINT ( 'NONE',  ( -0.4527559055118110520, 0.0001516480440325926717, -0.5078740157480314821 ) ) ;
#1760 = EDGE_LOOP ( 'NONE', ( #895, #1877, #800, #363 ) ) ;
#1761 = VECTOR ( 'NONE', #389, 39.37007874015748854 ) ;
#1762 = AXIS2_PLACEMENT_3D ( 'NONE', #2076, #1189, #632 ) ;
#1763 = ADVANCED_FACE ( 'NONE', ( #792 ), #1510, .T. ) ;
#1764 = DIRECTION ( 'NONE',  ( 0.0000000000000000000, 0.0000000000000000000, 1.000000000000000000 ) ) ;
#1765 = AXIS2_PLACEMENT_3D ( 'NONE', #2279, #1757, #665 ) ;
#1766 = FACE_OUTER_BOUND ( 'NONE', #1760, .T. ) ;
#1767 = AXIS2_PLACEMENT_3D ( 'NONE', #1751, #1420, #881 ) ;
#1768 = EDGE_LOOP ( 'NONE', ( #902, #1375, #2053, #1186 ) ) ;
#1769 = ORIENTED_EDGE ( 'NONE', *, *, #150, .T. ) ;
#1770 = ORIENTED_EDGE ( 'NONE', *, *, #494, .F. ) ;
#1771 = CALENDAR_DATE ( 2019, 25, 10 ) ;
#1772 = CARTESIAN_POINT ( 'NONE',  ( 0.4999999999999997780, 0.0000000000000000000, -0.9311023622047243098 ) ) ;
#1773 = CARTESIAN_POINT ( 'NONE',  ( 0.4527559055118109410, 0.0001516480440326012098, -0.2539370078740156300 ) ) ;
#1774 = DIRECTION ( 'NONE',  ( 0.0000000000000000000, 1.000000000000000000, 0.0000000000000000000 ) ) ;
#1775 = ORIENTED_EDGE ( 'NONE', *, *, #558, .F. ) ;
#1776 = DIRECTION ( 'NONE',  ( 0.0000000000000000000, 0.0000000000000000000, 1.000000000000000000 ) ) ;
#1777 = EDGE_CURVE ( 'NONE', #1864, #1941, #758, .T. ) ;
#1778 = EDGE_CURVE ( 'NONE', #699, #440, #2182, .T. ) ;
#1779 = DIRECTION ( 'NONE',  ( 1.000000000000000000, -1.365923996832131856E-16, 0.0000000000000000000 ) ) ;
#1780 = EDGE_LOOP ( 'NONE', ( #1524, #617, #1133, #1749, #861, #1318 ) ) ;
#1781 = VERTEX_POINT ( 'NONE', #658 ) ;
#1782 = ORIENTED_EDGE ( 'NONE', *, *, #828, .T. ) ;
#1783 = PERSON_AND_ORGANIZATION ( #169, #1045 ) ;
#1784 = PLANE ( 'NONE',  #1016 ) ;
#1785 = CARTESIAN_POINT ( 'NONE',  ( 0.4527559055118108855, 0.05118110236220471676, -1.179921259842519721 ) ) ;
#1786 = DIRECTION ( 'NONE',  ( 0.0000000000000000000, 0.0000000000000000000, 1.000000000000000000 ) ) ;
#1787 = VERTEX_POINT ( 'NONE', #1737 ) ;
#1788 = VECTOR ( 'NONE', #2225, 39.37007874015748143 ) ;
#1789 = CARTESIAN_POINT ( 'NONE',  ( -0.4999999999999999445, 0.5000000000000000000, -1.179921259842519721 ) ) ;
#1790 = EDGE_CURVE ( 'NONE', #1027, #1464, #2099, .T. ) ;
#1791 = DIRECTION ( 'NONE',  ( 0.0000000000000000000, 1.000000000000000000, 0.0000000000000000000 ) ) ;
#1792 = EDGE_CURVE ( 'NONE', #593, #2005, #535, .T. ) ;
#1793 = ORIENTED_EDGE ( 'NONE', *, *, #652, .T. ) ;
#1794 = VERTEX_POINT ( 'NONE', #1895 ) ;
#1795 = EDGE_LOOP ( 'NONE', ( #57, #489, #631, #629, #1651, #810 ) ) ;
#1796 = FACE_OUTER_BOUND ( 'NONE', #1104, .T. ) ;
#1797 = DIRECTION ( 'NONE',  ( 1.000000000000000000, 0.0000000000000000000, 0.0000000000000000000 ) ) ;
#1798 = ORIENTED_EDGE ( 'NONE', *, *, #983, .F. ) ;
#1799 = PLANE ( 'NONE',  #1440 ) ;
#1800 = DIRECTION ( 'NONE',  ( -1.365923996832131609E-16, 1.000000000000000000, 0.0000000000000000000 ) ) ;
#1801 = AXIS2_PLACEMENT_3D ( 'NONE', #330, #2055, #799 ) ;
#1802 = AXIS2_PLACEMENT_3D ( 'NONE', #1925, #326, #674 ) ;
#1803 = MANIFOLD_SOLID_BREP ( 'Cut-Extrude3', #2063 ) ;
#1804 = CARTESIAN_POINT ( 'NONE',  ( 0.4491217443973348211, 0.04725575972234533767, -0.2539370078740159076 ) ) ;
#1805 = AXIS2_PLACEMENT_3D ( 'NONE', #542, #691, #1255 ) ;
#1806 = ADVANCED_FACE ( 'NONE', ( #2228 ), #1373, .T. ) ;
#1807 = AXIS2_PLACEMENT_3D ( 'NONE', #550, #2152, #562 ) ;
#1808 = ORIENTED_EDGE ( 'NONE', *, *, #1426, .T. ) ;
#1809 = ORIENTED_EDGE ( 'NONE', *, *, #1112, .T. ) ;
#1810 = EDGE_CURVE ( 'NONE', #750, #2288, #860, .T. ) ;
#1811 = EDGE_CURVE ( 'NONE', #1787, #440, #2236, .T. ) ;
#1812 = CARTESIAN_POINT ( 'NONE',  ( 0.4527559055118108855, 0.5000000000000000000, -0.6771653543307087908 ) ) ;
#1813 = PLANE ( 'NONE',  #1101 ) ;
#1814 = ORIENTED_EDGE ( 'NONE', *, *, #2186, .T. ) ;
#1815 = DIRECTION ( 'NONE',  ( 0.0000000000000000000, 0.0000000000000000000, -1.000000000000000000 ) ) ;
#1816 = DIRECTION ( 'NONE',  ( -0.9970370305242862718, 0.07692307692307646938, 0.0000000000000000000 ) ) ;
#1817 = DIRECTION ( 'NONE',  ( 0.0000000000000000000, 0.0000000000000000000, 1.000000000000000000 ) ) ;
#1818 = ORIENTED_EDGE ( 'NONE', *, *, #955, .F. ) ;
#1819 = EDGE_LOOP ( 'NONE', ( #953, #1975, #1044, #2107, #557, #2213 ) ) ;
#1820 = DIRECTION ( 'NONE',  ( -1.929185360294492124E-16, 0.0000000000000000000, -1.000000000000000000 ) ) ;
#1821 = EDGE_CURVE ( 'NONE', #1581, #1158, #1529, .T. ) ;
#1822 = FACE_OUTER_BOUND ( 'NONE', #1795, .T. ) ;
#1823 = LINE ( 'NONE', #28, #2248 ) ;
#1824 = DIRECTION ( 'NONE',  ( 1.000000000000000000, -1.365923996832131856E-16, 0.0000000000000000000 ) ) ;
#1825 = CARTESIAN_POINT ( 'NONE',  ( -0.4527559055118110520, 0.05118110236220473064, -0.1692913385826775030 ) ) ;
#1826 = DIRECTION ( 'NONE',  ( 0.0000000000000000000, 0.0000000000000000000, -1.000000000000000000 ) ) ;
#1827 = EDGE_LOOP ( 'NONE', ( #290, #1640, #1875, #332 ) ) ;
#1828 = ORIENTED_EDGE ( 'NONE', *, *, #1282, .T. ) ;
#1829 = LINE ( 'NONE', #620, #205 ) ;
#1830 = CARTESIAN_POINT ( 'NONE',  ( -0.4999999999999999445, 0.5000000000000000000, -1.179921259842519721 ) ) ;
#1831 = DIRECTION ( 'NONE',  ( 1.000000000000000000, 0.0000000000000000000, 0.0000000000000000000 ) ) ;
#1832 = CARTESIAN_POINT ( 'NONE',  ( 0.0000000000000000000, -1.707404996040164512E-17, -0.5893700787401575658 ) ) ;
#1833 = ORIENTED_EDGE ( 'NONE', *, *, #627, .F. ) ;
#1834 = EDGE_CURVE ( 'NONE', #1307, #1402, #1359, .T. ) ;
#1835 = DIRECTION ( 'NONE',  ( 0.0000000000000000000, 0.0000000000000000000, 1.000000000000000000 ) ) ;
#1836 = VECTOR ( 'NONE', #1929, 39.37007874015748143 ) ;
#1837 = AXIS2_PLACEMENT_3D ( 'NONE', #1265, #1936, #147 ) ;
#1838 = VECTOR ( 'NONE', #476, 39.37007874015748143 ) ;
#1839 = CYLINDRICAL_SURFACE ( 'NONE', #1207, 0.07677165354330710290 ) ;
#1840 = AXIS2_PLACEMENT_3D ( 'NONE', #1042, #327, #1736 ) ;
#1841 = ORIENTED_EDGE ( 'NONE', *, *, #1055, .F. ) ;
#1842 = CIRCLE ( 'NONE', #1289, 0.003937007874015724558 ) ;
#1843 = ORIENTED_EDGE ( 'NONE', *, *, #1258, .T. ) ;
#1844 = VECTOR ( 'NONE', #1269, 39.37007874015748143 ) ;
#1845 = DIRECTION ( 'NONE',  ( 0.0000000000000000000, 0.0000000000000000000, 1.000000000000000000 ) ) ;
#1846 = CARTESIAN_POINT ( 'NONE',  ( 0.4527559055118111075, 0.0001516480440326012098, -0.5078740157480314821 ) ) ;
#1847 = CARTESIAN_POINT ( 'NONE',  ( -0.4527559055118111075, 0.0001516480440326012098, -0.7194881889763780070 ) ) ;
#1848 = DIRECTION ( 'NONE',  ( 0.0000000000000000000, 1.000000000000000000, 0.0000000000000000000 ) ) ;
#1849 = DIRECTION ( 'NONE',  ( -1.000000000000000000, 0.0000000000000000000, 0.0000000000000000000 ) ) ;
#1850 = EDGE_CURVE ( 'NONE', #2005, #1090, #1903, .T. ) ;
#1851 = EDGE_CURVE ( 'NONE', #2273, #2199, #126, .T. ) ;
#1852 = DIRECTION ( 'NONE',  ( -1.929185360294492124E-16, 0.0000000000000000000, -1.000000000000000000 ) ) ;
#1853 = ORIENTED_EDGE ( 'NONE', *, *, #843, .F. ) ;
#1854 = DIRECTION ( 'NONE',  ( 1.365923996832131856E-16, -1.000000000000000000, 0.0000000000000000000 ) ) ;
#1855 = ORIENTED_EDGE ( 'NONE', *, *, #386, .T. ) ;
#1856 = CARTESIAN_POINT ( 'NONE',  ( -0.4527559055118109410, 0.5000000000000000000, -1.179921259842519721 ) ) ;
#1857 = EDGE_LOOP ( 'NONE', ( #1944, #979, #1501, #1089, #2194, #2224, #564, #1833, #1113, #2294, #1657, #584 ) ) ;
#1858 = DIRECTION ( 'NONE',  ( 0.0000000000000000000, 1.000000000000000000, 0.0000000000000000000 ) ) ;
#1859 = DIRECTION ( 'NONE',  ( 0.0000000000000000000, 0.0000000000000000000, 1.000000000000000000 ) ) ;
#1860 = ORIENTED_EDGE ( 'NONE', *, *, #306, .T. ) ;
#1861 = DIRECTION ( 'NONE',  ( 0.0000000000000000000, 1.000000000000000000, 0.0000000000000000000 ) ) ;
#1862 = VECTOR ( 'NONE', #2165, 39.37007874015748143 ) ;
#1863 = CARTESIAN_POINT ( 'NONE',  ( 0.4527559055118109410, 0.5000000000000000000, -1.179921259842519721 ) ) ;
#1864 = VERTEX_POINT ( 'NONE', #1552 ) ;
#1865 = DIRECTION ( 'NONE',  ( 0.9970370305242859388, 0.07692307692308046618, -0.0000000000000000000 ) ) ;
#1866 = ORIENTED_EDGE ( 'NONE', *, *, #1224, .F. ) ;
#1867 = EDGE_CURVE ( 'NONE', #459, #682, #847, .T. ) ;
#1868 = CARTESIAN_POINT ( 'NONE',  ( -0.4488188976377953110, 0.05118110236220473064, -0.7618110236220471121 ) ) ;
#1869 = DIRECTION ( 'NONE',  ( 0.0000000000000000000, 0.0000000000000000000, 1.000000000000000000 ) ) ;
#1870 = CARTESIAN_POINT ( 'NONE',  ( -0.4488188976377953110, 0.05118110236220473064, -0.9311023622047243098 ) ) ;
#1871 = ORIENTED_EDGE ( 'NONE', *, *, #307, .T. ) ;
#1872 = DIRECTION ( 'NONE',  ( 1.365923996832131856E-16, 1.000000000000000000, 0.0000000000000000000 ) ) ;
#1873 = APPLICATION_CONTEXT ( 'configuration controlled 3d designs of mechanical parts and assemblies' ) ;
#1874 = DIRECTION ( 'NONE',  ( 0.0000000000000000000, 0.0000000000000000000, 1.000000000000000000 ) ) ;
#1875 = ORIENTED_EDGE ( 'NONE', *, *, #1970, .T. ) ;
#1876 = CARTESIAN_POINT ( 'NONE',  ( -0.4999999999999999445, 0.5000000000000000000, -0.7618110236220472231 ) ) ;
#1877 = ORIENTED_EDGE ( 'NONE', *, *, #1777, .F. ) ;
#1878 = VECTOR ( 'NONE', #1005, 39.37007874015748143 ) ;
#1879 = CARTESIAN_POINT ( 'NONE',  ( -0.4999999999999999445, 0.5000000000000000000, -0.9311023622047243098 ) ) ;
#1880 = VECTOR ( 'NONE', #161, 39.37007874015748143 ) ;
#1881 = EDGE_CURVE ( 'NONE', #1781, #1581, #1361, .T. ) ;
#1882 = EDGE_CURVE ( 'NONE', #1009, #699, #1183, .T. ) ;
#1883 = DIRECTION ( 'NONE',  ( 1.000000000000000000, -1.365923996832131856E-16, 0.0000000000000000000 ) ) ;
#1884 = CIRCLE ( 'NONE', #1363, 0.003937007874015724558 ) ;
#1885 = PLANE ( 'NONE',  #2280 ) ;
#1886 = LINE ( 'NONE', #2268, #313 ) ;
#1887 = CARTESIAN_POINT ( 'NONE',  ( 0.4527559055118109410, 0.5000000000000000000, -1.179921259842519721 ) ) ;
#1888 = VERTEX_POINT ( 'NONE', #2060 ) ;
#1889 = ORIENTED_EDGE ( 'NONE', *, *, #1882, .T. ) ;
#1890 = DIRECTION ( 'NONE',  ( 0.0000000000000000000, 0.0000000000000000000, 1.000000000000000000 ) ) ;
#1891 = CARTESIAN_POINT ( 'NONE',  ( 0.4488188976377951445, 0.05118110236220471676, -1.179921259842519721 ) ) ;
#1892 = ADVANCED_FACE ( 'NONE', ( #1174 ), #111, .F. ) ;
#1893 = CARTESIAN_POINT ( 'NONE',  ( -0.4491217443973349877, 0.04725575972234533767, -1.647211106282197912 ) ) ;
#1894 = EDGE_CURVE ( 'NONE', #1408, #938, #350, .T. ) ;
#1895 = CARTESIAN_POINT ( 'NONE',  ( -0.4491217443973349877, 0.04725575972234533767, -1.010629921259842412 ) ) ;
#1896 = CARTESIAN_POINT ( 'NONE',  ( -0.4527559055118111075, 0.0001516480440326182860, -0.6771653543307086798 ) ) ;
#1897 = ORIENTED_EDGE ( 'NONE', *, *, #709, .T. ) ;
#1898 = ORIENTED_EDGE ( 'NONE', *, *, #1778, .T. ) ;
#1899 = EDGE_LOOP ( 'NONE', ( #2116, #1461, #1076, #1616, #1605, #1050 ) ) ;
#1900 = LINE ( 'NONE', #1909, #2051 ) ;
#1901 = LINE ( 'NONE', #1160, #2134 ) ;
#1902 = CARTESIAN_POINT ( 'NONE',  ( -0.4999999999999999445, 0.5000000000000000000, -1.010629921259842412 ) ) ;
#1903 = LINE ( 'NONE', #139, #276 ) ;
#1904 = EDGE_CURVE ( 'NONE', #1296, #2253, #1043, .T. ) ;
#1905 = DIRECTION ( 'NONE',  ( 0.0000000000000000000, 0.0000000000000000000, 1.000000000000000000 ) ) ;
#1906 = ORIENTED_EDGE ( 'NONE', *, *, #2286, .T. ) ;
#1907 = ORIENTED_EDGE ( 'NONE', *, *, #472, .T. ) ;
#1908 = ORIENTED_EDGE ( 'NONE', *, *, #295, .T. ) ;
#1909 = CARTESIAN_POINT ( 'NONE',  ( -0.5000000000000000000, 0.0000000000000000000, -1.179921259842519721 ) ) ;
#1910 = AXIS2_PLACEMENT_3D ( 'NONE', #961, #1865, #2102 ) ;
#1911 = AXIS2_PLACEMENT_3D ( 'NONE', #845, #1425, #554 ) ;
#1912 = DIRECTION ( 'NONE',  ( 0.0000000000000000000, 0.0000000000000000000, -1.000000000000000000 ) ) ;
#1913 = DIRECTION ( 'NONE',  ( 0.0000000000000000000, -0.0000000000000000000, 1.000000000000000000 ) ) ;
#1914 = VECTOR ( 'NONE', #485, 39.37007874015748143 ) ;
#1915 = VECTOR ( 'NONE', #726, 39.37007874015748143 ) ;
#1916 = LINE ( 'NONE', #1748, #1283 ) ;
#1917 = AXIS2_PLACEMENT_3D ( 'NONE', #37, #2192, #746 ) ;
#1918 = CARTESIAN_POINT ( 'NONE',  ( 0.0000000000000000000, 0.04724409448818897572, -0.5125984251968503935 ) ) ;
#1919 = FACE_OUTER_BOUND ( 'NONE', #2126, .T. ) ;
#1920 = EDGE_LOOP ( 'NONE', ( #2233, #1132, #1997, #1147 ) ) ;
#1921 = EDGE_CURVE ( 'NONE', #300, #2082, #1916, .T. ) ;
#1922 = EDGE_CURVE ( 'NONE', #7, #1048, #1886, .T. ) ;
#1923 = VERTEX_POINT ( 'NONE', #286 ) ;
#1924 = ORIENTED_EDGE ( 'NONE', *, *, #1509, .T. ) ;
#1925 = CARTESIAN_POINT ( 'NONE',  ( 0.4488188976377951445, 0.05118110236220473064, -0.7618110236220471121 ) ) ;
#1926 = DIRECTION ( 'NONE',  ( 0.0000000000000000000, 0.0000000000000000000, 1.000000000000000000 ) ) ;
#1927 = DIRECTION ( 'NONE',  ( 1.365923996832131856E-16, 1.000000000000000000, 0.0000000000000000000 ) ) ;
#1928 = ORIENTED_EDGE ( 'NONE', *, *, #828, .F. ) ;
#1929 = DIRECTION ( 'NONE',  ( -0.07692307692307780165, -0.9970370305242861608, 0.0000000000000000000 ) ) ;
#1930 = DIRECTION ( 'NONE',  ( 1.365923996832131856E-16, 1.000000000000000000, 0.0000000000000000000 ) ) ;
#1931 = VERTEX_POINT ( 'NONE', #1705 ) ;
#1932 = ORIENTED_EDGE ( 'NONE', *, *, #456, .F. ) ;
#1933 = ORIENTED_EDGE ( 'NONE', *, *, #955, .T. ) ;
#1934 = EDGE_CURVE ( 'NONE', #1620, #1034, #103, .T. ) ;
#1935 = ORIENTED_EDGE ( 'NONE', *, *, #2130, .T. ) ;
#1936 = DIRECTION ( 'NONE',  ( 0.0000000000000000000, 0.0000000000000000000, 1.000000000000000000 ) ) ;
#1937 = ADVANCED_FACE ( 'NONE', ( #1266 ), #191, .T. ) ;
#1938 = VECTOR ( 'NONE', #575, 39.37007874015748143 ) ;
#1939 = FACE_OUTER_BOUND ( 'NONE', #214, .T. ) ;
#1940 = DIRECTION ( 'NONE',  ( -1.365923996832131609E-16, 1.000000000000000000, 0.0000000000000000000 ) ) ;
#1941 = VERTEX_POINT ( 'NONE', #901 ) ;
#1942 = DIRECTION ( 'NONE',  ( -1.000000000000000000, -1.365923996832131856E-16, 0.0000000000000000000 ) ) ;
#1943 = DIRECTION ( 'NONE',  ( 0.0000000000000000000, 1.000000000000000000, 0.0000000000000000000 ) ) ;
#1944 = ORIENTED_EDGE ( 'NONE', *, *, #2009, .T. ) ;
#1945 = ORIENTED_EDGE ( 'NONE', *, *, #1126, .F. ) ;
#1946 = ORIENTED_EDGE ( 'NONE', *, *, #806, .F. ) ;
#1947 = DATE_AND_TIME ( #146, #848 ) ;
#1948 = CC_DESIGN_DATE_AND_TIME_ASSIGNMENT ( #1947, #1592, ( #998 ) ) ;
#1949 = DIRECTION ( 'NONE',  ( 0.0000000000000000000, 1.000000000000000000, 0.0000000000000000000 ) ) ;
#1950 = DIRECTION ( 'NONE',  ( 0.0000000000000000000, -1.000000000000000000, 0.0000000000000000000 ) ) ;
#1951 = ADVANCED_FACE ( 'NONE', ( #2281 ), #2111, .F. ) ;
#1952 = AXIS2_PLACEMENT_3D ( 'NONE', #1679, #255, #2049 ) ;
#1953 = DIRECTION ( 'NONE',  ( 0.0000000000000000000, 1.000000000000000000, 0.0000000000000000000 ) ) ;
#1954 = AXIS2_PLACEMENT_3D ( 'NONE', #1335, #474, #1518 ) ;
#1955 = ORIENTED_EDGE ( 'NONE', *, *, #1792, .T. ) ;
#1956 = AXIS2_PLACEMENT_3D ( 'NONE', #436, #1845, #1334 ) ;
#1957 = VECTOR ( 'NONE', #782, 39.37007874015748143 ) ;
#1958 = CARTESIAN_POINT ( 'NONE',  ( -0.4527559055118109410, 0.0001516480440326097479, -0.9311023622047243098 ) ) ;
#1959 = AXIS2_PLACEMENT_3D ( 'NONE', #2040, #1490, #1658 ) ;
#1960 = DIRECTION ( 'NONE',  ( -1.000000000000000000, 0.0000000000000000000, 0.0000000000000000000 ) ) ;
#1961 = AXIS2_PLACEMENT_3D ( 'NONE', #81, #1824, #1872 ) ;
#1962 = ORIENTED_EDGE ( 'NONE', *, *, #655, .T. ) ;
#1963 = EDGE_LOOP ( 'NONE', ( #66, #407, #345, #1680 ) ) ;
#1964 = ORIENTED_EDGE ( 'NONE', *, *, #1790, .T. ) ;
#1965 = PERSON_AND_ORGANIZATION ( #169, #1045 ) ;
#1966 = CARTESIAN_POINT ( 'NONE',  ( -0.4527559055118109410, 0.0001516480440325841336, -1.010629921259842412 ) ) ;
#1967 = CARTESIAN_POINT ( 'NONE',  ( 0.4488188976377951445, 0.05118110236220471676, -1.179921259842519721 ) ) ;
#1968 = LINE ( 'NONE', #715, #2242 ) ;
#1969 = VERTEX_POINT ( 'NONE', #14 ) ;
#1970 = EDGE_CURVE ( 'NONE', #606, #500, #1229, .T. ) ;
#1971 = CARTESIAN_POINT ( 'NONE',  ( -0.4527559055118110520, 0.05118110236220473064, -0.6771653543307086798 ) ) ;
#1972 = LINE ( 'NONE', #1600, #1476 ) ;
#1973 = VERTEX_POINT ( 'NONE', #25 ) ;
#1974 = ORIENTED_EDGE ( 'NONE', *, *, #739, .F. ) ;
#1975 = ORIENTED_EDGE ( 'NONE', *, *, #2054, .T. ) ;
#1976 = APPROVAL_STATUS ( 'not_yet_approved' ) ;
#1977 = CARTESIAN_POINT ( 'NONE',  ( 0.4491217443973348211, 0.04725575972234533767, -1.771620555101095729 ) ) ;
#1978 = DIRECTION ( 'NONE',  ( 1.000000000000000000, 0.0000000000000000000, 0.0000000000000000000 ) ) ;
#1979 = ORIENTED_EDGE ( 'NONE', *, *, #1369, .F. ) ;
#1980 = FACE_OUTER_BOUND ( 'NONE', #1555, .T. ) ;
#1981 = LINE ( 'NONE', #1625, #1319 ) ;
#1982 = FACE_OUTER_BOUND ( 'NONE', #1827, .T. ) ;
#1983 = EDGE_CURVE ( 'NONE', #1462, #1212, #1646, .T. ) ;
#1984 = VERTEX_POINT ( 'NONE', #2293 ) ;
#1985 = ORIENTED_EDGE ( 'NONE', *, *, #1443, .F. ) ;
#1986 = FACE_OUTER_BOUND ( 'NONE', #1556, .T. ) ;
#1987 = CARTESIAN_POINT ( 'NONE',  ( 0.4527559055118109410, 0.5000000000000000000, -1.179921259842519721 ) ) ;
#1988 = CARTESIAN_POINT ( 'NONE',  ( 0.4488188976377951445, 0.05118110236220473064, -0.5078740157480315931 ) ) ;
#1989 = FACE_BOUND ( 'NONE', #870, .T. ) ;
#1990 = AXIS2_PLACEMENT_3D ( 'NONE', #1832, #1480, #1859 ) ;
#1991 = CIRCLE ( 'NONE', #1954, 0.05118110236220468900 ) ;
#1992 = CARTESIAN_POINT ( 'NONE',  ( -0.4527559055118110520, 0.0001516480440325926717, -0.2539370078740157965 ) ) ;
#1993 = VECTOR ( 'NONE', #803, 39.37007874015748854 ) ;
#1994 = VECTOR ( 'NONE', #83, 39.37007874015748143 ) ;
#1995 = EDGE_CURVE ( 'NONE', #1534, #348, #1968, .T. ) ;
#1996 = EDGE_LOOP ( 'NONE', ( #2081, #1288, #1056, #573 ) ) ;
#1997 = ORIENTED_EDGE ( 'NONE', *, *, #935, .T. ) ;
#1998 = ADVANCED_FACE ( 'NONE', ( #1986 ), #2146, .F. ) ;
#1999 = DIRECTION ( 'NONE',  ( 1.000000000000000000, 0.0000000000000000000, 0.0000000000000000000 ) ) ;
#2000 = VERTEX_POINT ( 'NONE', #1094 ) ;
#2001 = CARTESIAN_POINT ( 'NONE',  ( -0.4999999999999999445, 0.0000000000000000000, -0.2539370078740158521 ) ) ;
#2002 = DIRECTION ( 'NONE',  ( 1.365923996832131609E-16, 1.000000000000000000, 0.0000000000000000000 ) ) ;
#2003 = LINE ( 'NONE', #1499, #122 ) ;
#2004 = DIRECTION ( 'NONE',  ( 0.0000000000000000000, 0.0000000000000000000, -1.000000000000000000 ) ) ;
#2005 = VERTEX_POINT ( 'NONE', #1238 ) ;
#2006 = APPROVAL ( #349, 'UNSPECIFIED' ) ;
#2007 = ORIENTED_EDGE ( 'NONE', *, *, #2103, .F. ) ;
#2008 = CARTESIAN_POINT ( 'NONE',  ( -0.4527559055118109410, 0.5000000000000000000, -0.5078740157480320372 ) ) ;
#2009 = EDGE_CURVE ( 'NONE', #1473, #2154, #1017, .T. ) ;
#2010 = CARTESIAN_POINT ( 'NONE',  ( 0.4999999999999997780, 0.0000000000000000000, -0.7618110236220472231 ) ) ;
#2011 = FACE_OUTER_BOUND ( 'NONE', #2198, .T. ) ;
#2012 = CARTESIAN_POINT ( 'NONE',  ( -0.4488188976377953110, 0.05118110236220473064, -0.2539370078740157965 ) ) ;
#2013 = ORIENTED_EDGE ( 'NONE', *, *, #2079, .T. ) ;
#2014 = VECTOR ( 'NONE', #1517, 39.37007874015748143 ) ;
#2015 = LINE ( 'NONE', #62, #90 ) ;
#2016 = DIRECTION ( 'NONE',  ( 0.0000000000000000000, 1.000000000000000000, 0.0000000000000000000 ) ) ;
#2017 = ORIENTED_EDGE ( 'NONE', *, *, #150, .F. ) ;
#2018 = ORIENTED_EDGE ( 'NONE', *, *, #129, .F. ) ;
#2019 = DIRECTION ( 'NONE',  ( 0.0000000000000000000, 0.0000000000000000000, 1.000000000000000000 ) ) ;
#2020 = CARTESIAN_POINT ( 'NONE',  ( -0.5000000000000000000, 0.0000000000000000000, -1.179921259842519721 ) ) ;
#2021 = DIRECTION ( 'NONE',  ( -1.000000000000000000, 0.0000000000000000000, 0.0000000000000000000 ) ) ;
#2022 = EDGE_CURVE ( 'NONE', #1662, #1077, #2155, .T. ) ;
#2023 = EDGE_CURVE ( 'NONE', #1262, #82, #177, .T. ) ;
#2024 = PLANE ( 'NONE',  #1143 ) ;
#2025 = DIRECTION ( 'NONE',  ( 0.0000000000000000000, 0.0000000000000000000, -1.000000000000000000 ) ) ;
#2026 = VECTOR ( 'NONE', #1800, 39.37007874015748143 ) ;
#2027 = AXIS2_PLACEMENT_3D ( 'NONE', #1677, #1116, #437 ) ;
#2028 = AXIS2_PLACEMENT_3D ( 'NONE', #1137, #1639, #33 ) ;
#2029 = FACE_OUTER_BOUND ( 'NONE', #1685, .T. ) ;
#2030 = AXIS2_PLACEMENT_3D ( 'NONE', #887, #1926, #1228 ) ;
#2031 = ORIENTED_EDGE ( 'NONE', *, *, #1280, .T. ) ;
#2032 = VECTOR ( 'NONE', #581, 39.37007874015748143 ) ;
#2033 = ORIENTED_EDGE ( 'NONE', *, *, #1086, .T. ) ;
#2034 = VECTOR ( 'NONE', #1279, 39.37007874015748143 ) ;
#2035 = LINE ( 'NONE', #1856, #894 ) ;
#2036 = DIRECTION ( 'NONE',  ( 0.0000000000000000000, 0.0000000000000000000, -1.000000000000000000 ) ) ;
#2037 = CARTESIAN_POINT ( 'NONE',  ( -0.4527559055118109410, 0.5000000000000000000, 0.0000000000000000000 ) ) ;
#2038 = CARTESIAN_POINT ( 'NONE',  ( -0.5000000000000000000, 0.05118110236220473758, -1.010629921259842412 ) ) ;
#2039 = EDGE_CURVE ( 'NONE', #1078, #2043, #915, .T. ) ;
#2040 = CARTESIAN_POINT ( 'NONE',  ( -0.4488188976377953110, 0.05118110236220473064, -0.6771653543307086798 ) ) ;
#2041 = EDGE_CURVE ( 'NONE', #729, #76, #1621, .T. ) ;
#2042 = LINE ( 'NONE', #1863, #1435 ) ;
#2043 = VERTEX_POINT ( 'NONE', #1812 ) ;
#2044 = LINE ( 'NONE', #446, #548 ) ;
#2045 = ORIENTED_EDGE ( 'NONE', *, *, #1603, .T. ) ;
#2046 = FACE_OUTER_BOUND ( 'NONE', #780, .T. ) ;
#2047 = PLANE ( 'NONE',  #1395 ) ;
#2048 = DIRECTION ( 'NONE',  ( 1.000000000000000000, 0.0000000000000000000, 0.0000000000000000000 ) ) ;
#2049 = DIRECTION ( 'NONE',  ( 0.0000000000000000000, 0.0000000000000000000, 1.000000000000000000 ) ) ;
#2050 = CARTESIAN_POINT ( 'NONE',  ( -0.5000000000000000000, 0.05118110236220473758, -1.179921259842519721 ) ) ;
#2051 = VECTOR ( 'NONE', #302, 39.37007874015748143 ) ;
#2052 = LINE ( 'NONE', #1442, #1287 ) ;
#2053 = ORIENTED_EDGE ( 'NONE', *, *, #793, .F. ) ;
#2054 = EDGE_CURVE ( 'NONE', #2288, #928, #1614, .T. ) ;
#2055 = DIRECTION ( 'NONE',  ( -1.000000000000000000, -1.365923996832131856E-16, 0.0000000000000000000 ) ) ;
#2056 = ORIENTED_EDGE ( 'NONE', *, *, #129, .T. ) ;
#2057 = DIRECTION ( 'NONE',  ( 1.000000000000000000, 0.0000000000000000000, 0.0000000000000000000 ) ) ;
#2058 = CARTESIAN_POINT ( 'NONE',  ( 0.4999999999999997780, 0.0000000000000000000, -1.010629921259842412 ) ) ;
#2059 = DIRECTION ( 'NONE',  ( 1.000000000000000000, 0.0000000000000000000, 0.0000000000000000000 ) ) ;
#2060 = CARTESIAN_POINT ( 'NONE',  ( 0.4488188976377951445, 0.0000000000000000000, -1.179921259842519721 ) ) ;
#2061 = DIRECTION ( 'NONE',  ( -1.000000000000000000, -1.365923996832131856E-16, 0.0000000000000000000 ) ) ;
#2062 = ORIENTED_EDGE ( 'NONE', *, *, #1894, .T. ) ;
#2063 = CLOSED_SHELL ( 'NONE', ( #773, #1733, #964, #939, #1308, #1458, #1758, #1399, #358, #1483, #544, #1806, #1763, #862, #216, #95, #1156, #1892, #1697, #1622, #859, #819, #1411, #1470, #399, #1053, #571, #114, #370, #1690, #116, #1270, #243, #570, #36, #1951, #1339, #2106, #1521, #1744, #259, #678, #1532, #623, #2298, #774, #667, #787, #1286, #400, #93, #53, #104, #283, #816, #1937, #1239, #1378, #132, #583, #1561, #1019, #337, #857, #1211, #1998, #2177 ) ) ;
#2064 = ORIENTED_EDGE ( 'NONE', *, *, #2087, .F. ) ;
#2065 = EDGE_CURVE ( 'NONE', #1210, #1233, #692, .T. ) ;
#2066 = AXIS2_PLACEMENT_3D ( 'NONE', #1606, #700, #503 ) ;
#2067 = CIRCLE ( 'NONE', #392, 0.05118110236220468900 ) ;
#2068 = CARTESIAN_POINT ( 'NONE',  ( -0.5000000000000000000, 0.04724409448818897572, -1.179921259842519721 ) ) ;
#2069 = AXIS2_PLACEMENT_3D ( 'NONE', #520, #1613, #1791 ) ;
#2070 = LINE ( 'NONE', #2203, #162 ) ;
#2071 = DIRECTION ( 'NONE',  ( -1.000000000000000000, -1.365923996832131856E-16, 0.0000000000000000000 ) ) ;
#2072 = DIRECTION ( 'NONE',  ( 1.365923996832131856E-16, -1.000000000000000000, 0.0000000000000000000 ) ) ;
#2073 = EDGE_LOOP ( 'NONE', ( #91, #145, #41, #1121, #1071, #1341 ) ) ;
#2074 = ORIENTED_EDGE ( 'NONE', *, *, #212, .T. ) ;
#2075 = PLANE ( 'NONE',  #1746 ) ;
#2076 = CARTESIAN_POINT ( 'NONE',  ( -0.4488188976377953110, 0.05118110236220473064, -0.5078740157480314821 ) ) ;
#2077 = PLANE ( 'NONE',  #1135 ) ;
#2078 = DIRECTION ( 'NONE',  ( 0.0000000000000000000, 0.0000000000000000000, 1.000000000000000000 ) ) ;
#2079 = EDGE_CURVE ( 'NONE', #603, #7, #1054, .T. ) ;
#2080 = LINE ( 'NONE', #1164, #1397 ) ;
#2081 = ORIENTED_EDGE ( 'NONE', *, *, #2285, .F. ) ;
#2082 = VERTEX_POINT ( 'NONE', #1759 ) ;
#2083 = DIRECTION ( 'NONE',  ( 0.0000000000000000000, 0.0000000000000000000, 1.000000000000000000 ) ) ;
#2084 = DIRECTION ( 'NONE',  ( -0.0000000000000000000, -0.0000000000000000000, -1.000000000000000000 ) ) ;
#2085 = DIRECTION ( 'NONE',  ( 0.0000000000000000000, 0.0000000000000000000, -1.000000000000000000 ) ) ;
#2086 = DIRECTION ( 'NONE',  ( -1.000000000000000000, 0.0000000000000000000, 0.0000000000000000000 ) ) ;
#2087 = EDGE_CURVE ( 'NONE', #1984, #750, #645, .T. ) ;
#2088 = EDGE_CURVE ( 'NONE', #31, #1421, #355, .T. ) ;
#2089 = CARTESIAN_POINT ( 'NONE',  ( -0.5000000000000000000, 0.05118110236220473758, -1.179921259842519721 ) ) ;
#2090 = DIRECTION ( 'NONE',  ( 0.0000000000000000000, 0.0000000000000000000, 1.000000000000000000 ) ) ;
#2091 = ORIENTED_EDGE ( 'NONE', *, *, #1675, .T. ) ;
#2092 = EDGE_LOOP ( 'NONE', ( #707, #1908, #361, #2018, #178, #496 ) ) ;
#2093 = ORIENTED_EDGE ( 'NONE', *, *, #1904, .T. ) ;
#2094 = LENGTH_MEASURE_WITH_UNIT ( LENGTH_MEASURE( 0.02539999999999999897 ), #121 );
#2095 = AXIS2_PLACEMENT_3D ( 'NONE', #549, #747, #1776 ) ;
#2096 = CARTESIAN_POINT ( 'NONE',  ( 0.4999999999999997780, 0.0000000000000000000, -0.6771653543307086798 ) ) ;
#2097 = LINE ( 'NONE', #504, #1880 ) ;
#2098 = VECTOR ( 'NONE', #997, 39.37007874015748143 ) ;
#2099 = LINE ( 'NONE', #1714, #1536 ) ;
#2100 = VECTOR ( 'NONE', #1260, 39.37007874015748143 ) ;
#2101 = EDGE_CURVE ( 'NONE', #1111, #1148, #2207, .T. ) ;
#2102 = DIRECTION ( 'NONE',  ( 0.0000000000000000000, 0.0000000000000000000, 1.000000000000000000 ) ) ;
#2103 = EDGE_CURVE ( 'NONE', #251, #688, #428, .T. ) ;
#2104 = CARTESIAN_POINT ( 'NONE',  ( -0.4488188976377953110, 0.0000000000000000000, -1.179921259842519721 ) ) ;
#2105 = EDGE_LOOP ( 'NONE', ( #1601, #289, #1562, #1439 ) ) ;
#2106 = ADVANCED_FACE ( 'NONE', ( #933 ), #594, .T. ) ;
#2107 = ORIENTED_EDGE ( 'NONE', *, *, #1193, .F. ) ;
#2108 = ORIENTED_EDGE ( 'NONE', *, *, #64, .F. ) ;
#2109 = CARTESIAN_POINT ( 'NONE',  ( 0.4488188976377951445, 0.05118110236220471676, -1.179921259842519721 ) ) ;
#2110 = DIRECTION ( 'NONE',  ( 0.07692307692307780165, -0.9970370305242861608, 0.0000000000000000000 ) ) ;
#2111 = PLANE ( 'NONE',  #945 ) ;
#2112 = ORIENTED_EDGE ( 'NONE', *, *, #2101, .T. ) ;
#2113 = DIRECTION ( 'NONE',  ( -1.000000000000000000, -1.365923996832131856E-16, 0.0000000000000000000 ) ) ;
#2114 = CARTESIAN_POINT ( 'NONE',  ( 0.4488188976377951445, 0.05118110236220471676, 0.0000000000000000000 ) ) ;
#2115 = CC_DESIGN_PERSON_AND_ORGANIZATION_ASSIGNMENT ( #174, #1424, ( #34 ) ) ;
#2116 = ORIENTED_EDGE ( 'NONE', *, *, #508, .F. ) ;
#2117 = EDGE_CURVE ( 'NONE', #1635, #1421, #1829, .T. ) ;
#2118 = ORIENTED_EDGE ( 'NONE', *, *, #1023, .T. ) ;
#2119 = FACE_OUTER_BOUND ( 'NONE', #309, .T. ) ;
#2120 = AXIS2_PLACEMENT_3D ( 'NONE', #43, #58, #1486 ) ;
#2121 = DIRECTION ( 'NONE',  ( 0.0000000000000000000, 0.0000000000000000000, 1.000000000000000000 ) ) ;
#2122 = CARTESIAN_POINT ( 'NONE',  ( 0.4488188976377951445, 0.05118110236220473064, -0.2539370078740159076 ) ) ;
#2123 = ORIENTED_EDGE ( 'NONE', *, *, #1851, .T. ) ;
#2124 = CARTESIAN_POINT ( 'NONE',  ( 0.0000000000000000000, -1.707404996040164512E-17, -0.5893700787401575658 ) ) ;
#2125 = CARTESIAN_POINT ( 'NONE',  ( -0.4527559055118110520, -6.453184237002196221E-18, -1.179921259842519721 ) ) ;
#2126 = EDGE_LOOP ( 'NONE', ( #211, #685, #334, #693 ) ) ;
#2127 = VERTEX_POINT ( 'NONE', #262 ) ;
#2128 = VERTEX_POINT ( 'NONE', #922 ) ;
#2129 = CALENDAR_DATE ( 2019, 25, 10 ) ;
#2130 = EDGE_CURVE ( 'NONE', #192, #2043, #765, .T. ) ;
#2131 = PLANE ( 'NONE',  #2206 ) ;
#2132 = CARTESIAN_POINT ( 'NONE',  ( -0.4999999999999999445, 0.5000000000000000000, -0.4232283464566931608 ) ) ;
#2133 = DIRECTION ( 'NONE',  ( 0.0000000000000000000, 0.0000000000000000000, 1.000000000000000000 ) ) ;
#2134 = VECTOR ( 'NONE', #1869, 39.37007874015748143 ) ;
#2135 = ORIENTED_EDGE ( 'NONE', *, *, #183, .F. ) ;
#2136 = AXIS2_PLACEMENT_3D ( 'NONE', #1256, #736, #1774 ) ;
#2137 = AXIS2_PLACEMENT_3D ( 'NONE', #1052, #1913, #1571 ) ;
#2138 = DIRECTION ( 'NONE',  ( 0.0000000000000000000, 0.0000000000000000000, 1.000000000000000000 ) ) ;
#2139 = VECTOR ( 'NONE', #757, 39.37007874015748143 ) ;
#2140 = PLANE ( 'NONE',  #1807 ) ;
#2141 = VECTOR ( 'NONE', #2002, 39.37007874015748143 ) ;
#2142 = ORIENTED_EDGE ( 'NONE', *, *, #561, .F. ) ;
#2143 = ORIENTED_EDGE ( 'NONE', *, *, #287, .F. ) ;
#2144 = ORIENTED_EDGE ( 'NONE', *, *, #1810, .F. ) ;
#2145 = CARTESIAN_POINT ( 'NONE',  ( 0.4491217443973348211, 0.04725575972234533767, -0.9311023622047243098 ) ) ;
#2146 = CYLINDRICAL_SURFACE ( 'NONE', #1172, 0.07677165354330710290 ) ;
#2147 = ORIENTED_EDGE ( 'NONE', *, *, #1426, .F. ) ;
#2148 = FACE_OUTER_BOUND ( 'NONE', #942, .T. ) ;
#2149 = EDGE_CURVE ( 'NONE', #282, #1864, #2200, .T. ) ;
#2150 = DIRECTION ( 'NONE',  ( 0.0000000000000000000, 1.000000000000000000, 0.0000000000000000000 ) ) ;
#2151 = ORIENTED_EDGE ( 'NONE', *, *, #2244, .F. ) ;
#2152 = DIRECTION ( 'NONE',  ( 1.000000000000000000, -1.365923996832131856E-16, 0.0000000000000000000 ) ) ;
#2153 = ORIENTED_EDGE ( 'NONE', *, *, #1144, .T. ) ;
#2154 = VERTEX_POINT ( 'NONE', #67 ) ;
#2155 = LINE ( 'NONE', #565, #158 ) ;
#2156 = FACE_OUTER_BOUND ( 'NONE', #547, .T. ) ;
#2157 = DIRECTION ( 'NONE',  ( 0.0000000000000000000, 0.0000000000000000000, 1.000000000000000000 ) ) ;
#2158 = EDGE_CURVE ( 'NONE', #300, #2000, #2262, .T. ) ;
#2159 = DIRECTION ( 'NONE',  ( 1.000000000000000000, -1.365923996832131856E-16, 0.0000000000000000000 ) ) ;
#2160 = EDGE_CURVE ( 'NONE', #636, #882, #744, .T. ) ;
#2161 = CARTESIAN_POINT ( 'NONE',  ( -0.4491217443973349877, 0.04725575972234533767, -0.1692913385826775030 ) ) ;
#2162 = EDGE_CURVE ( 'NONE', #1001, #2274, #2195, .T. ) ;
#2163 = VERTEX_POINT ( 'NONE', #972 ) ;
#2164 = VERTEX_POINT ( 'NONE', #2008 ) ;
#2165 = DIRECTION ( 'NONE',  ( 0.0000000000000000000, 0.0000000000000000000, 1.000000000000000000 ) ) ;
#2166 = DIRECTION ( 'NONE',  ( 0.0000000000000000000, 0.0000000000000000000, 1.000000000000000000 ) ) ;
#2167 = FACE_OUTER_BOUND ( 'NONE', #553, .T. ) ;
#2168 = FACE_OUTER_BOUND ( 'NONE', #723, .T. ) ;
#2169 = VECTOR ( 'NONE', #2078, 39.37007874015748143 ) ;
#2170 = VECTOR ( 'NONE', #1291, 39.37007874015748143 ) ;
#2171 = ORIENTED_EDGE ( 'NONE', *, *, #473, .F. ) ;
#2172 = CARTESIAN_POINT ( 'NONE',  ( 0.4527559055118107745, 0.05118110236220475839, -0.6771653543307086798 ) ) ;
#2173 = AXIS2_PLACEMENT_3D ( 'NONE', #1500, #1295, #2004 ) ;
#2174 = VECTOR ( 'NONE', #1047, 39.37007874015748143 ) ;
#2175 = DIRECTION ( 'NONE',  ( 0.0000000000000000000, 0.0000000000000000000, 1.000000000000000000 ) ) ;
#2176 = ORIENTED_EDGE ( 'NONE', *, *, #1811, .F. ) ;
#2177 = ADVANCED_FACE ( 'NONE', ( #2046 ), #605, .F. ) ;
#2178 = VERTEX_POINT ( 'NONE', #2214 ) ;
#2179 = CARTESIAN_POINT ( 'NONE',  ( 0.4527559055118109410, 0.0001516480440325841336, -0.7618110236220472231 ) ) ;
#2180 = PLANE ( 'NONE',  #2027 ) ;
#2181 = LINE ( 'NONE', #414, #1686 ) ;
#2182 = LINE ( 'NONE', #588, #1611 ) ;
#2183 = DIRECTION ( 'NONE',  ( 1.000000000000000000, 0.0000000000000000000, 0.0000000000000000000 ) ) ;
#2184 = DIRECTION ( 'NONE',  ( -1.000000000000000000, -1.365923996832131856E-16, -0.0000000000000000000 ) ) ;
#2185 = VERTEX_POINT ( 'NONE', #2190 ) ;
#2186 = EDGE_CURVE ( 'NONE', #636, #299, #946, .T. ) ;
#2187 = ORIENTED_EDGE ( 'NONE', *, *, #2009, .F. ) ;
#2188 = EDGE_CURVE ( 'NONE', #251, #2128, #753, .T. ) ;
#2189 = EDGE_CURVE ( 'NONE', #2128, #906, #1344, .T. ) ;
#2190 = CARTESIAN_POINT ( 'NONE',  ( -0.07677165354330708902, 0.04724409448818897572, -0.5893700787401575658 ) ) ;
#2191 = ORIENTED_EDGE ( 'NONE', *, *, #1380, .F. ) ;
#2192 = DIRECTION ( 'NONE',  ( 1.000000000000000000, -1.365923996832131856E-16, 0.0000000000000000000 ) ) ;
#2193 = CARTESIAN_POINT ( 'NONE',  ( 0.4999999999999998335, 0.05118110236220470982, -0.7618110236220471121 ) ) ;
#2194 = ORIENTED_EDGE ( 'NONE', *, *, #1894, .F. ) ;
#2195 = CIRCLE ( 'NONE', #143, 0.05118110236220468900 ) ;
#2196 = DIRECTION ( 'NONE',  ( 0.0000000000000000000, 0.0000000000000000000, -1.000000000000000000 ) ) ;
#2197 = PLANE ( 'NONE',  #911 ) ;
#2198 = EDGE_LOOP ( 'NONE', ( #737, #74, #1591, #1597 ) ) ;
#2199 = VERTEX_POINT ( 'NONE', #410 ) ;
#2200 = LINE ( 'NONE', #959, #1459 ) ;
#2201 = EDGE_CURVE ( 'NONE', #1620, #258, #448, .T. ) ;
#2202 = ORIENTED_EDGE ( 'NONE', *, *, #1588, .T. ) ;
#2203 = CARTESIAN_POINT ( 'NONE',  ( 0.4527559055118108855, 0.5000000000000000000, -0.1692913385826777806 ) ) ;
#2204 = DIRECTION ( 'NONE',  ( -0.0000000000000000000, -0.0000000000000000000, -1.000000000000000000 ) ) ;
#2205 = CARTESIAN_POINT ( 'NONE',  ( -0.07677165354330708902, -1.707404996040164512E-17, -0.5893700787401575658 ) ) ;
#2206 = AXIS2_PLACEMENT_3D ( 'NONE', #338, #189, #1051 ) ;
#2207 = CIRCLE ( 'NONE', #1956, 0.003937007874015724558 ) ;
#2208 = PLANE ( 'NONE',  #2243 ) ;
#2209 = VECTOR ( 'NONE', #701, 39.37007874015748854 ) ;
#2210 = VERTEX_POINT ( 'NONE', #2179 ) ;
#2211 = DIRECTION ( 'NONE',  ( 0.0000000000000000000, 0.0000000000000000000, 1.000000000000000000 ) ) ;
#2212 = CIRCLE ( 'NONE', #2283, 0.05118110236220468900 ) ;
#2213 = ORIENTED_EDGE ( 'NONE', *, *, #164, .T. ) ;
#2214 = CARTESIAN_POINT ( 'NONE',  ( 0.4527559055118111075, 0.0001516480440326012098, -0.4232283464566931608 ) ) ;
#2215 = CARTESIAN_POINT ( 'NONE',  ( 0.4999999999999998335, 0.5000000000000000000, -0.2539370078740157410 ) ) ;
#2216 = CC_DESIGN_DATE_AND_TIME_ASSIGNMENT ( #1079, #2275, ( #34 ) ) ;
#2217 = CARTESIAN_POINT ( 'NONE',  ( 0.4527559055118109410, 0.5000000000000000000, -1.179921259842519721 ) ) ;
#2218 = CARTESIAN_POINT ( 'NONE',  ( -0.4999999999999999445, 0.5000000000000000000, 0.0000000000000000000 ) ) ;
#2219 = EDGE_CURVE ( 'NONE', #512, #958, #2230, .T. ) ;
#2220 = DIRECTION ( 'NONE',  ( -1.000000000000000000, 0.0000000000000000000, 1.929185360294492124E-16 ) ) ;
#2221 = CARTESIAN_POINT ( 'NONE',  ( 0.4999999999999998335, 0.5000000000000000000, -0.5078740157480314821 ) ) ;
#2222 = ORIENTED_EDGE ( 'NONE', *, *, #2254, .T. ) ;
#2223 = DIRECTION ( 'NONE',  ( 1.000000000000000000, -1.365923996832131856E-16, 0.0000000000000000000 ) ) ;
#2224 = ORIENTED_EDGE ( 'NONE', *, *, #1100, .F. ) ;
#2225 = DIRECTION ( 'NONE',  ( 0.0000000000000000000, 0.0000000000000000000, 1.000000000000000000 ) ) ;
#2226 = DIRECTION ( 'NONE',  ( 0.0000000000000000000, 1.000000000000000000, 0.0000000000000000000 ) ) ;
#2227 = CARTESIAN_POINT ( 'NONE',  ( -0.4491217443973349877, 0.04725575972234533767, -0.9311023622047243098 ) ) ;
#2228 = FACE_OUTER_BOUND ( 'NONE', #1667, .T. ) ;
#2229 = EDGE_CURVE ( 'NONE', #1568, #603, #401, .T. ) ;
#2230 = CIRCLE ( 'NONE', #931, 0.003937007874015724558 ) ;
#2231 = DIRECTION ( 'NONE',  ( 0.0000000000000000000, 0.0000000000000000000, 1.000000000000000000 ) ) ;
#2232 = ORIENTED_EDGE ( 'NONE', *, *, #2162, .T. ) ;
#2233 = ORIENTED_EDGE ( 'NONE', *, *, #1661, .F. ) ;
#2234 = CARTESIAN_POINT ( 'NONE',  ( -0.4527559055118110520, -6.453184237002196221E-18, -0.9311023622047243098 ) ) ;
#2235 = CARTESIAN_POINT ( 'NONE',  ( 0.4527559055118109410, 0.5000000000000000000, -1.179921259842519721 ) ) ;
#2236 = LINE ( 'NONE', #305, #2169 ) ;
#2237 = DIRECTION ( 'NONE',  ( 0.9970370305242861608, 0.07692307692307780165, -0.0000000000000000000 ) ) ;
#2238 = VERTEX_POINT ( 'NONE', #1494 ) ;
#2239 = VECTOR ( 'NONE', #48, 39.37007874015748143 ) ;
#2240 = VECTOR ( 'NONE', #292, 39.37007874015748143 ) ;
#2241 = ORIENTED_EDGE ( 'NONE', *, *, #638, .T. ) ;
#2242 = VECTOR ( 'NONE', #1428, 39.37007874015748143 ) ;
#2243 = AXIS2_PLACEMENT_3D ( 'NONE', #269, #1120, #444 ) ;
#2244 = EDGE_CURVE ( 'NONE', #1036, #1388, #2035, .T. ) ;
#2245 = CARTESIAN_POINT ( 'NONE',  ( 0.4527559055118111075, 0.0001516480440326097479, -0.5078740157480310380 ) ) ;
#2246 = VECTOR ( 'NONE', #1468, 39.37007874015748143 ) ;
#2247 = CARTESIAN_POINT ( 'NONE',  ( 0.4999999999999998335, 0.5000000000000000000, -0.6771653543307086798 ) ) ;
#2248 = VECTOR ( 'NONE', #228, 39.37007874015748143 ) ;
#2249 = DIRECTION ( 'NONE',  ( -0.0000000000000000000, -0.0000000000000000000, -1.000000000000000000 ) ) ;
#2250 = DIRECTION ( 'NONE',  ( 0.0000000000000000000, -1.000000000000000000, 0.0000000000000000000 ) ) ;
#2251 = PLANE ( 'NONE',  #1541 ) ;
#2252 = ORIENTED_EDGE ( 'NONE', *, *, #2286, .F. ) ;
#2253 = VERTEX_POINT ( 'NONE', #1879 ) ;
#2254 = EDGE_CURVE ( 'NONE', #906, #2185, #1689, .T. ) ;
#2255 = EDGE_CURVE ( 'NONE', #958, #1388, #653, .T. ) ;
#2256 = CARTESIAN_POINT ( 'NONE',  ( -0.4527559055118110520, -6.453184237002196221E-18, -0.4232283464566931608 ) ) ;
#2257 = CARTESIAN_POINT ( 'NONE',  ( 0.4491217443973348211, 0.04725575972234533767, -1.010629921259842412 ) ) ;
#2258 = DIRECTION ( 'NONE',  ( 0.0000000000000000000, 0.0000000000000000000, 1.000000000000000000 ) ) ;
#2259 = FACE_OUTER_BOUND ( 'NONE', #1197, .T. ) ;
#2260 = DIRECTION ( 'NONE',  ( -0.07692307692307781553, -0.9970370305242861608, 0.0000000000000000000 ) ) ;
#2261 = ORIENTED_EDGE ( 'NONE', *, *, #2244, .T. ) ;
#2262 = CIRCLE ( 'NONE', #2120, 0.003937007874015724558 ) ;
#2263 = VERTEX_POINT ( 'NONE', #481 ) ;
#2264 = ORIENTED_EDGE ( 'NONE', *, *, #454, .F. ) ;
#2265 = CARTESIAN_POINT ( 'NONE',  ( 0.4488188976377951445, 0.0000000000000000000, -1.179921259842519721 ) ) ;
#2266 = LINE ( 'NONE', #1773, #827 ) ;
#2267 = EDGE_CURVE ( 'NONE', #1888, #657, #1900, .T. ) ;
#2268 = CARTESIAN_POINT ( 'NONE',  ( 0.4527559055118109410, 0.5000000000000000000, -1.179921259842519721 ) ) ;
#2269 = EDGE_CURVE ( 'NONE', #1083, #735, #315, .T. ) ;
#2270 = DIRECTION ( 'NONE',  ( -1.000000000000000000, -1.365923996832131856E-16, 0.0000000000000000000 ) ) ;
#2271 = LINE ( 'NONE', #1177, #1691 ) ;
#2272 = EDGE_LOOP ( 'NONE', ( #27, #785, #1855, #1167 ) ) ;
#2273 = VERTEX_POINT ( 'NONE', #1354 ) ;
#2274 = VERTEX_POINT ( 'NONE', #1180 ) ;
#2275 = DATE_TIME_ROLE ( 'classification_date' ) ;
#2276 = AXIS2_PLACEMENT_3D ( 'NONE', #1191, #2071, #825 ) ;
#2277 = AXIS2_PLACEMENT_3D ( 'NONE', #217, #566, #766 ) ;
#2278 = FACE_OUTER_BOUND ( 'NONE', #234, .T. ) ;
#2279 = CARTESIAN_POINT ( 'NONE',  ( -0.4488188976377953110, 0.05118110236220473064, -0.4232283464566931608 ) ) ;
#2280 = AXIS2_PLACEMENT_3D ( 'NONE', #2235, #285, #475 ) ;
#2281 = FACE_OUTER_BOUND ( 'NONE', #235, .T. ) ;
#2282 = EDGE_LOOP ( 'NONE', ( #107, #416, #1573, #2252 ) ) ;
#2283 = AXIS2_PLACEMENT_3D ( 'NONE', #1447, #1815, #917 ) ;
#2284 = PLANE ( 'NONE',  #1242 ) ;
#2285 = EDGE_CURVE ( 'NONE', #1402, #1473, #801, .T. ) ;
#2286 = EDGE_CURVE ( 'NONE', #76, #2178, #1028, .T. ) ;
#2287 = FACE_OUTER_BOUND ( 'NONE', #743, .T. ) ;
#2288 = VERTEX_POINT ( 'NONE', #1368 ) ;
#2289 = ORIENTED_EDGE ( 'NONE', *, *, #296, .F. ) ;
#2290 = PERSON_AND_ORGANIZATION ( #169, #1045 ) ;
#2291 = DIRECTION ( 'NONE',  ( 0.0000000000000000000, -0.0000000000000000000, 1.000000000000000000 ) ) ;
#2292 = CARTESIAN_POINT ( 'NONE',  ( -0.4527559055118110520, 0.0001516480440326097479, -0.1692913385826775030 ) ) ;
#2293 = CARTESIAN_POINT ( 'NONE',  ( 0.4491217443973348211, 0.04725575972234533767, -0.4232283464566930498 ) ) ;
#2294 = ORIENTED_EDGE ( 'NONE', *, *, #443, .T. ) ;
#2295 = LINE ( 'NONE', #568, #1099 ) ;
#2296 = EDGE_CURVE ( 'NONE', #1526, #808, #1598, .T. ) ;
#2297 = CARTESIAN_POINT ( 'NONE',  ( -0.4527559055118110520, 0.05118110236220473064, -1.179921259842519721 ) ) ;
#2298 = ADVANCED_FACE ( 'NONE', ( #811 ), #2075, .F. ) ;
#2299 = VERTEX_POINT ( 'NONE', #134 ) ;
#2300 = VERTEX_POINT ( 'NONE', #842 ) ;
#2301 = PERSON_AND_ORGANIZATION ( #169, #1045 ) ;
#2302 = PLANE ( 'NONE',  #2066 ) ;
#2303 = CC_DESIGN_APPROVAL ( #877, ( #34 ) ) ;
ENDSEC;
END-ISO-10303-21;
