ISO-10303-21;
HEADER;
FILE_DESCRIPTION (( 'STEP AP203' ),
    '1' );
FILE_NAME ('CUI_DEVICES_HSS-B20-NPR-02.step',
    '2019-10-25T17:08:57',
    ( '' ),
    ( '' ),
    'SwSTEP 2.0',
    'SolidWorks 2019',
    '' );
FILE_SCHEMA (( 'CONFIG_CONTROL_DESIGN' ));
ENDSEC;

DATA;
#1 = VECTOR ( 'NONE', #1543, 39.37007874015748143 ) ;
#2 = ORIENTED_EDGE ( 'NONE', *, *, #77, .T. ) ;
#3 = LINE ( 'NONE', #2205, #2203 ) ;
#4 = EDGE_CURVE ( 'NONE', #1977, #478, #901, .T. ) ;
#5 = VECTOR ( 'NONE', #1784, 39.37007874015748143 ) ;
#6 = CARTESIAN_POINT ( 'NONE',  ( -0.4527559055118110520, 0.4523622047244094668, 0.0000000000000000000 ) ) ;
#7 = ORIENTED_EDGE ( 'NONE', *, *, #1674, .T. ) ;
#8 = CARTESIAN_POINT ( 'NONE',  ( -0.4527559055118111075, 0.0000000000000000000, -0.7579724409448818090 ) ) ;
#9 = PERSON_AND_ORGANIZATION_ROLE ( 'design_owner' ) ;
#10 = CARTESIAN_POINT ( 'NONE',  ( 0.0000000000000000000, 0.0000000000000000000, 0.2000000000000000111 ) ) ;
#11 = ORIENTED_EDGE ( 'NONE', *, *, #756, .T. ) ;
#12 = PLANE ( 'NONE',  #1526 ) ;
#13 = ORIENTED_EDGE ( 'NONE', *, *, #815, .F. ) ;
#14 = VERTEX_POINT ( 'NONE', #915 ) ;
#15 = LINE ( 'NONE', #2000, #1271 ) ;
#16 = CARTESIAN_POINT ( 'NONE',  ( -0.4527559055118110520, 0.04724409448818897572, 0.0000000000000000000 ) ) ;
#17 = ORIENTED_EDGE ( 'NONE', *, *, #1455, .T. ) ;
#18 = DIRECTION ( 'NONE',  ( -1.000000000000000000, -0.0000000000000000000, -0.0000000000000000000 ) ) ;
#19 = AXIS2_PLACEMENT_3D ( 'NONE', #16, #2053, #751 ) ;
#20 = VECTOR ( 'NONE', #529, 39.37007874015748143 ) ;
#21 = ADVANCED_FACE ( 'NONE', ( #2049 ), #12, .F. ) ;
#22 = AXIS2_PLACEMENT_3D ( 'NONE', #1509, #268, #1535 ) ;
#23 = DIRECTION ( 'NONE',  ( 0.0000000000000000000, 0.0000000000000000000, 1.000000000000000000 ) ) ;
#24 = ORIENTED_EDGE ( 'NONE', *, *, #59, .F. ) ;
#25 = ORIENTED_EDGE ( 'NONE', *, *, #683, .T. ) ;
#26 = CARTESIAN_POINT ( 'NONE',  ( -0.5000000000000000000, 0.0000000000000000000, -0.5053149606299212060 ) ) ;
#27 = VERTEX_POINT ( 'NONE', #1462 ) ;
#28 = EDGE_CURVE ( 'NONE', #47, #1282, #1683, .T. ) ;
#29 = LINE ( 'NONE', #1505, #42 ) ;
#30 = PLANE ( 'NONE',  #1991 ) ;
#31 = CC_DESIGN_PERSON_AND_ORGANIZATION_ASSIGNMENT ( #1077, #896, ( #1663 ) ) ;
#32 = EDGE_LOOP ( 'NONE', ( #1105, #660, #1430, #1508 ) ) ;
#33 = CARTESIAN_POINT ( 'NONE',  ( 0.4527559055118110520, 0.04724409448818896184, -0.2526574803149604920 ) ) ;
#34 = DIRECTION ( 'NONE',  ( 0.0000000000000000000, 0.0000000000000000000, 1.000000000000000000 ) ) ;
#35 = VERTEX_POINT ( 'NONE', #359 ) ;
#36 = DIRECTION ( 'NONE',  ( 1.000000000000000000, 0.0000000000000000000, 0.0000000000000000000 ) ) ;
#37 = ORIENTED_EDGE ( 'NONE', *, *, #574, .T. ) ;
#38 = EDGE_LOOP ( 'NONE', ( #414, #1082, #1838, #1799 ) ) ;
#39 = CARTESIAN_POINT ( 'NONE',  ( -0.4527559055118110520, 0.04724409448818897572, -0.2526574803149604920 ) ) ;
#40 = LINE ( 'NONE', #2256, #174 ) ;
#41 = ORIENTED_EDGE ( 'NONE', *, *, #305, .T. ) ;
#42 = VECTOR ( 'NONE', #2242, 39.37007874015748143 ) ;
#43 = DIRECTION ( 'NONE',  ( 1.000000000000000000, 0.0000000000000000000, 0.0000000000000000000 ) ) ;
#44 = DIRECTION ( 'NONE',  ( 0.0000000000000000000, 0.0000000000000000000, 1.000000000000000000 ) ) ;
#45 = VERTEX_POINT ( 'NONE', #1276 ) ;
#46 = FACE_OUTER_BOUND ( 'NONE', #538, .T. ) ;
#47 = VERTEX_POINT ( 'NONE', #760 ) ;
#48 = DIRECTION ( 'NONE',  ( 0.0000000000000000000, 0.0000000000000000000, -1.000000000000000000 ) ) ;
#49 = EDGE_CURVE ( 'NONE', #1145, #2201, #2021, .T. ) ;
#50 = LINE ( 'NONE', #2292, #1075 ) ;
#51 = LINE ( 'NONE', #1745, #600 ) ;
#52 = ADVANCED_FACE ( 'NONE', ( #1503 ), #2239, .F. ) ;
#53 = ORIENTED_EDGE ( 'NONE', *, *, #1872, .T. ) ;
#54 = DIRECTION ( 'NONE',  ( 0.0000000000000000000, 0.0000000000000000000, 1.000000000000000000 ) ) ;
#55 = VECTOR ( 'NONE', #978, 39.37007874015748143 ) ;
#56 = VECTOR ( 'NONE', #1733, 39.37007874015748143 ) ;
#57 = CC_DESIGN_PERSON_AND_ORGANIZATION_ASSIGNMENT ( #356, #2376, ( #130 ) ) ;
#58 = CARTESIAN_POINT ( 'NONE',  ( -0.5000000000000001110, 0.0000000000000000000, -0.2526574803149605475 ) ) ;
#59 = EDGE_CURVE ( 'NONE', #1051, #1238, #2097, .T. ) ;
#60 = ORIENTED_EDGE ( 'NONE', *, *, #1913, .F. ) ;
#61 = CARTESIAN_POINT ( 'NONE',  ( -0.4527559055118110520, 0.5000000000000000000, -1.179921259842519721 ) ) ;
#62 = ORIENTED_EDGE ( 'NONE', *, *, #59, .T. ) ;
#63 = DIRECTION ( 'NONE',  ( 0.0000000000000000000, -1.000000000000000000, 0.0000000000000000000 ) ) ;
#64 = VECTOR ( 'NONE', #2195, 39.37007874015748143 ) ;
#65 = DIRECTION ( 'NONE',  ( 1.000000000000000000, 0.0000000000000000000, 0.0000000000000000000 ) ) ;
#66 = EDGE_CURVE ( 'NONE', #1189, #770, #245, .T. ) ;
#67 = LINE ( 'NONE', #969, #673 ) ;
#68 = ORIENTED_EDGE ( 'NONE', *, *, #382, .T. ) ;
#69 = DIRECTION ( 'NONE',  ( 0.0000000000000000000, 0.0000000000000000000, -1.000000000000000000 ) ) ;
#70 = EDGE_CURVE ( 'NONE', #1055, #1825, #641, .T. ) ;
#71 = DIRECTION ( 'NONE',  ( 0.0000000000000000000, 1.000000000000000000, 0.0000000000000000000 ) ) ;
#72 = DIRECTION ( 'NONE',  ( 1.000000000000000000, 0.0000000000000000000, 0.0000000000000000000 ) ) ;
#73 = CARTESIAN_POINT ( 'NONE',  ( 0.4527559055118112186, 0.0000000000000000000, -0.7579724409448818090 ) ) ;
#74 = DIRECTION ( 'NONE',  ( 0.0000000000000000000, 1.000000000000000000, 0.0000000000000000000 ) ) ;
#75 = CARTESIAN_POINT ( 'NONE',  ( 0.5000000000000000000, 0.5000000000000000000, -1.179921259842519721 ) ) ;
#76 = CARTESIAN_POINT ( 'NONE',  ( 0.4527559055118110520, 0.04724409448818896184, -1.179921259842519721 ) ) ;
#77 = EDGE_CURVE ( 'NONE', #176, #395, #1910, .T. ) ;
#78 = ORIENTED_EDGE ( 'NONE', *, *, #142, .T. ) ;
#79 = DIRECTION ( 'NONE',  ( -1.000000000000000000, 0.0000000000000000000, 0.0000000000000000000 ) ) ;
#80 = VECTOR ( 'NONE', #2232, 39.37007874015748143 ) ;
#81 = VECTOR ( 'NONE', #592, 39.37007874015748143 ) ;
#82 = CARTESIAN_POINT ( 'NONE',  ( -0.4527559055118111631, 0.0000000000000000000, -1.010629921259842190 ) ) ;
#83 = PLANE ( 'NONE',  #732 ) ;
#84 = DIRECTION ( 'NONE',  ( 1.000000000000000000, 0.0000000000000000000, 0.0000000000000000000 ) ) ;
#85 = DIRECTION ( 'NONE',  ( 0.0000000000000000000, 0.0000000000000000000, 1.000000000000000000 ) ) ;
#86 = CARTESIAN_POINT ( 'NONE',  ( 0.5000000000000000000, 0.5000000000000000000, 0.0000000000000000000 ) ) ;
#87 = LINE ( 'NONE', #100, #56 ) ;
#88 = EDGE_LOOP ( 'NONE', ( #1423, #929, #1318, #441 ) ) ;
#89 = DIRECTION ( 'NONE',  ( 1.000000000000000000, 0.0000000000000000000, 0.0000000000000000000 ) ) ;
#90 = CIRCLE ( 'NONE', #824, 0.04724409448818896184 ) ;
#91 = CARTESIAN_POINT ( 'NONE',  ( -0.5000000000000001110, 0.5000000000000000000, -0.7579724409448818090 ) ) ;
#92 = VECTOR ( 'NONE', #1541, 39.37007874015748143 ) ;
#93 = EDGE_CURVE ( 'NONE', #1322, #2323, #90, .T. ) ;
#94 = FACE_OUTER_BOUND ( 'NONE', #1452, .T. ) ;
#95 = AXIS2_PLACEMENT_3D ( 'NONE', #2207, #2219, #1827 ) ;
#96 = LINE ( 'NONE', #1560, #709 ) ;
#97 = DIRECTION ( 'NONE',  ( 0.0000000000000000000, 0.0000000000000000000, 1.000000000000000000 ) ) ;
#98 = EDGE_CURVE ( 'NONE', #1853, #1684, #1134, .T. ) ;
#99 = VECTOR ( 'NONE', #701, 39.37007874015748143 ) ;
#100 = CARTESIAN_POINT ( 'NONE',  ( 0.4527559055118110520, 0.0000000000000000000, -1.010629921259842412 ) ) ;
#101 = AXIS2_PLACEMENT_3D ( 'NONE', #1947, #1380, #1743 ) ;
#102 = ORIENTED_EDGE ( 'NONE', *, *, #131, .F. ) ;
#103 = DIRECTION ( 'NONE',  ( 0.0000000000000000000, 0.0000000000000000000, 1.000000000000000000 ) ) ;
#104 = CARTESIAN_POINT ( 'NONE',  ( 0.5000000000000001110, 0.0000000000000000000, -0.5053149606299212060 ) ) ;
#105 = EDGE_CURVE ( 'NONE', #665, #1682, #2299, .T. ) ;
#106 = LINE ( 'NONE', #2340, #1975 ) ;
#107 = ORIENTED_EDGE ( 'NONE', *, *, #70, .F. ) ;
#108 = CARTESIAN_POINT ( 'NONE',  ( -0.5000000000000000000, 0.4523622047244094668, 0.0000000000000000000 ) ) ;
#109 = CARTESIAN_POINT ( 'NONE',  ( 0.5000000000000001110, 0.5000000000000000000, -0.1692913385826771699 ) ) ;
#110 = CARTESIAN_POINT ( 'NONE',  ( 0.4527559055118110520, 0.0000000000000000000, -0.9272637795275591177 ) ) ;
#111 = ORIENTED_EDGE ( 'NONE', *, *, #1255, .F. ) ;
#112 = LINE ( 'NONE', #2146, #1116 ) ;
#113 = DIRECTION ( 'NONE',  ( 0.0000000000000000000, -1.000000000000000000, 0.0000000000000000000 ) ) ;
#114 = DIRECTION ( 'NONE',  ( 0.0000000000000000000, 0.0000000000000000000, -1.000000000000000000 ) ) ;
#115 = VECTOR ( 'NONE', #2071, 39.37007874015748143 ) ;
#116 = LOCAL_TIME ( 17, 8, 57.00000000000000000, #717 ) ;
#117 = DIRECTION ( 'NONE',  ( 0.0000000000000000000, -1.000000000000000000, 0.0000000000000000000 ) ) ;
#118 = ORIENTED_EDGE ( 'NONE', *, *, #315, .F. ) ;
#119 = CARTESIAN_POINT ( 'NONE',  ( 0.5000000000000001110, 0.0000000000000000000, -0.2526574803149605475 ) ) ;
#120 = DIRECTION ( 'NONE',  ( 1.445602896647337142E-15, 0.0000000000000000000, -1.000000000000000000 ) ) ;
#121 = CARTESIAN_POINT ( 'NONE',  ( -0.4527559055118110520, 0.0000000000000000000, -0.1692913385826772255 ) ) ;
#122 = EDGE_CURVE ( 'NONE', #1684, #346, #795, .T. ) ;
#123 = ORIENTED_EDGE ( 'NONE', *, *, #1582, .F. ) ;
#124 = LINE ( 'NONE', #2333, #237 ) ;
#125 = EDGE_CURVE ( 'NONE', #1538, #567, #457, .T. ) ;
#126 = DIRECTION ( 'NONE',  ( -1.000000000000000000, 0.0000000000000000000, 0.0000000000000000000 ) ) ;
#127 = FACE_OUTER_BOUND ( 'NONE', #759, .T. ) ;
#128 = DIRECTION ( 'NONE',  ( 0.0000000000000000000, 0.0000000000000000000, 1.000000000000000000 ) ) ;
#129 = VERTEX_POINT ( 'NONE', #1730 ) ;
#130 = PRODUCT_DEFINITION ( 'UNKNOWN', '', #1935, #656 ) ;
#131 = EDGE_CURVE ( 'NONE', #27, #761, #1192, .T. ) ;
#132 = DIRECTION ( 'NONE',  ( 0.0000000000000000000, 1.000000000000000000, 0.0000000000000000000 ) ) ;
#133 = DIRECTION ( 'NONE',  ( -1.000000000000000000, 0.0000000000000000000, 0.0000000000000000000 ) ) ;
#134 = FACE_OUTER_BOUND ( 'NONE', #2116, .T. ) ;
#135 = VECTOR ( 'NONE', #2370, 39.37007874015748143 ) ;
#136 = ORIENTED_EDGE ( 'NONE', *, *, #804, .T. ) ;
#137 = LINE ( 'NONE', #1017, #1859 ) ;
#138 = VECTOR ( 'NONE', #34, 39.37007874015748143 ) ;
#139 = CARTESIAN_POINT ( 'NONE',  ( -0.5000000000000000000, 0.5000000000000000000, -1.179921259842519721 ) ) ;
#140 = ORIENTED_EDGE ( 'NONE', *, *, #417, .F. ) ;
#141 = VECTOR ( 'NONE', #304, 39.37007874015748143 ) ;
#142 = EDGE_CURVE ( 'NONE', #2371, #2048, #2031, .T. ) ;
#143 = PLANE ( 'NONE',  #604 ) ;
#144 = DIRECTION ( 'NONE',  ( 0.0000000000000000000, -1.000000000000000000, 0.0000000000000000000 ) ) ;
#145 = ORIENTED_EDGE ( 'NONE', *, *, #844, .T. ) ;
#146 = DIRECTION ( 'NONE',  ( 0.0000000000000000000, 1.000000000000000000, 0.0000000000000000000 ) ) ;
#147 = ORIENTED_EDGE ( 'NONE', *, *, #1591, .F. ) ;
#148 = CARTESIAN_POINT ( 'NONE',  ( -0.4527559055118111075, 0.0000000000000000000, -0.7579724409448818090 ) ) ;
#149 = CARTESIAN_POINT ( 'NONE',  ( 0.4527559055118112186, 0.5000000000000000000, -0.6746062992125982927 ) ) ;
#150 = EDGE_LOOP ( 'NONE', ( #954, #2240, #1091, #140 ) ) ;
#151 = CARTESIAN_POINT ( 'NONE',  ( 0.4527559055118113296, 0.04724409448818897572, -1.179921259842519721 ) ) ;
#152 = ORIENTED_EDGE ( 'NONE', *, *, #661, .F. ) ;
#153 = EDGE_CURVE ( 'NONE', #555, #1853, #2108, .T. ) ;
#154 = AXIS2_PLACEMENT_3D ( 'NONE', #1152, #54, #433 ) ;
#155 = ORIENTED_EDGE ( 'NONE', *, *, #1536, .T. ) ;
#156 = LINE ( 'NONE', #1972, #1019 ) ;
#157 = AXIS2_PLACEMENT_3D ( 'NONE', #520, #196, #1294 ) ;
#158 = VECTOR ( 'NONE', #685, 39.37007874015748143 ) ;
#159 = ORIENTED_EDGE ( 'NONE', *, *, #1272, .T. ) ;
#160 = DIRECTION ( 'NONE',  ( 0.0000000000000000000, 0.0000000000000000000, -1.000000000000000000 ) ) ;
#161 = LINE ( 'NONE', #1040, #1178 ) ;
#162 = VERTEX_POINT ( 'NONE', #1011 ) ;
#163 = ADVANCED_FACE ( 'NONE', ( #427 ), #1924, .F. ) ;
#164 = CARTESIAN_POINT ( 'NONE',  ( 0.4527559055118111075, 0.5000000000000000000, -0.2526574803149605475 ) ) ;
#165 = LENGTH_MEASURE_WITH_UNIT ( LENGTH_MEASURE( 0.02539999999999999897 ), #2388 );
#166 = ORIENTED_EDGE ( 'NONE', *, *, #1993, .F. ) ;
#167 = CARTESIAN_POINT ( 'NONE',  ( -0.5000000000000000000, 0.0000000000000000000, -1.179921259842519721 ) ) ;
#168 = EDGE_LOOP ( 'NONE', ( #1068, #1919, #1540, #812, #882, #360, #918, #1573, #1804, #2050 ) ) ;
#169 = ORIENTED_EDGE ( 'NONE', *, *, #239, .T. ) ;
#170 = CLOSED_SHELL ( 'NONE', ( #2298, #1107, #885, #1931, #1709, #2100 ) ) ;
#171 = ORIENTED_EDGE ( 'NONE', *, *, #1346, .T. ) ;
#172 = DIRECTION ( 'NONE',  ( -0.0000000000000000000, -0.0000000000000000000, -1.000000000000000000 ) ) ;
#173 = EDGE_CURVE ( 'NONE', #2201, #1563, #1356, .T. ) ;
#174 = VECTOR ( 'NONE', #1124, 39.37007874015748143 ) ;
#175 = DIRECTION ( 'NONE',  ( 1.000000000000000000, 0.0000000000000000000, -2.891205793294687300E-15 ) ) ;
#176 = VERTEX_POINT ( 'NONE', #649 ) ;
#177 = VECTOR ( 'NONE', #676, 39.37007874015748143 ) ;
#178 = CARTESIAN_POINT ( 'NONE',  ( 0.5000000000000000000, 0.4523622047244096334, 0.2000000000000000111 ) ) ;
#179 = AXIS2_PLACEMENT_3D ( 'NONE', #33, #1661, #754 ) ;
#180 = ORIENTED_EDGE ( 'NONE', *, *, #1988, .F. ) ;
#181 = CARTESIAN_POINT ( 'NONE',  ( 0.5000000000000001110, 0.5000000000000000000, -0.5053149606299212060 ) ) ;
#182 = EDGE_LOOP ( 'NONE', ( #2064, #2362, #1163, #192 ) ) ;
#183 = ORIENTED_EDGE ( 'NONE', *, *, #2092, .F. ) ;
#184 = MANIFOLD_SOLID_BREP ( 'Cut-Extrude2', #1371 ) ;
#185 = ORIENTED_EDGE ( 'NONE', *, *, #1076, .F. ) ;
#186 = DIRECTION ( 'NONE',  ( 0.0000000000000000000, 1.000000000000000000, 0.0000000000000000000 ) ) ;
#187 = LINE ( 'NONE', #956, #2183 ) ;
#188 = ORIENTED_EDGE ( 'NONE', *, *, #1847, .F. ) ;
#189 = CARTESIAN_POINT ( 'NONE',  ( 0.4527559055118111075, 0.0000000000000000000, -0.2526574803149605475 ) ) ;
#190 = VERTEX_POINT ( 'NONE', #1549 ) ;
#191 = LINE ( 'NONE', #2068, #1250 ) ;
#192 = ORIENTED_EDGE ( 'NONE', *, *, #2166, .T. ) ;
#193 = ORIENTED_EDGE ( 'NONE', *, *, #2278, .F. ) ;
#194 = AXIS2_PLACEMENT_3D ( 'NONE', #2083, #1729, #72 ) ;
#195 = EDGE_LOOP ( 'NONE', ( #775, #1348, #1848, #1578 ) ) ;
#196 = DIRECTION ( 'NONE',  ( -1.000000000000000000, 0.0000000000000000000, 0.0000000000000000000 ) ) ;
#197 = APPROVAL_PERSON_ORGANIZATION ( #2006, #1344, #1299 ) ;
#198 = DIRECTION ( 'NONE',  ( 1.000000000000000000, 0.0000000000000000000, -1.445602896647339706E-15 ) ) ;
#199 = EDGE_LOOP ( 'NONE', ( #617, #527, #1328, #2039 ) ) ;
#200 = FACE_OUTER_BOUND ( 'NONE', #1877, .T. ) ;
#201 = ADVANCED_FACE ( 'NONE', ( #94 ), #447, .F. ) ;
#202 = DIRECTION ( 'NONE',  ( 0.0000000000000000000, -1.000000000000000000, 0.0000000000000000000 ) ) ;
#203 = EDGE_LOOP ( 'NONE', ( #2217, #1763, #2072, #1865 ) ) ;
#204 = ADVANCED_FACE ( 'NONE', ( #1528 ), #1569, .F. ) ;
#205 = ORIENTED_EDGE ( 'NONE', *, *, #1667, .T. ) ;
#206 = ADVANCED_FACE ( 'NONE', ( #2265, #1160 ), #1903, .F. ) ;
#207 = ORIENTED_EDGE ( 'NONE', *, *, #1993, .T. ) ;
#208 = ORIENTED_EDGE ( 'NONE', *, *, #1086, .T. ) ;
#209 = CARTESIAN_POINT ( 'NONE',  ( -0.5000000000000000000, 0.04724409448818897572, 0.0000000000000000000 ) ) ;
#210 = DIRECTION ( 'NONE',  ( 0.0000000000000000000, -1.000000000000000000, 0.0000000000000000000 ) ) ;
#211 = ADVANCED_FACE ( 'NONE', ( #418 ), #1869, .T. ) ;
#212 = ORIENTED_EDGE ( 'NONE', *, *, #1057, .T. ) ;
#213 = DIRECTION ( 'NONE',  ( 0.0000000000000000000, 0.0000000000000000000, 1.000000000000000000 ) ) ;
#214 = AXIS2_PLACEMENT_3D ( 'NONE', #1381, #2132, #981 ) ;
#215 = DATE_AND_TIME ( #973, #1512 ) ;
#216 = AXIS2_PLACEMENT_3D ( 'NONE', #516, #132, #865 ) ;
#217 = VECTOR ( 'NONE', #1614, 39.37007874015748143 ) ;
#218 = DIRECTION ( 'NONE',  ( 1.000000000000000000, 0.0000000000000000000, 0.0000000000000000000 ) ) ;
#219 = ORIENTED_EDGE ( 'NONE', *, *, #105, .F. ) ;
#220 = CARTESIAN_POINT ( 'NONE',  ( 0.5000000000000000000, 0.4523622047244096334, 0.0000000000000000000 ) ) ;
#221 = ORIENTED_EDGE ( 'NONE', *, *, #997, .T. ) ;
#222 = VERTEX_POINT ( 'NONE', #1321 ) ;
#223 = LINE ( 'NONE', #610, #729 ) ;
#224 = PLANE ( 'NONE',  #2300 ) ;
#225 = ORIENTED_EDGE ( 'NONE', *, *, #2283, .T. ) ;
#226 = LINE ( 'NONE', #1700, #963 ) ;
#227 = ADVANCED_FACE ( 'NONE', ( #725 ), #921, .F. ) ;
#228 = CARTESIAN_POINT ( 'NONE',  ( -0.5000000000000000000, 0.04724409448818897572, -1.179921259842519721 ) ) ;
#229 = ORIENTED_EDGE ( 'NONE', *, *, #683, .F. ) ;
#230 = PLANE ( 'NONE',  #1660 ) ;
#231 = VERTEX_POINT ( 'NONE', #2042 ) ;
#232 = CARTESIAN_POINT ( 'NONE',  ( -0.5000000000000000000, 0.0000000000000000000, -1.179921259842519721 ) ) ;
#233 = DIRECTION ( 'NONE',  ( 0.0000000000000000000, 0.0000000000000000000, 1.000000000000000000 ) ) ;
#234 = CIRCLE ( 'NONE', #1156, 0.04724409448818896184 ) ;
#235 = CARTESIAN_POINT ( 'NONE',  ( -0.4527559055118110520, 0.04724409448818897572, -1.179921259842519721 ) ) ;
#236 = ORIENTED_EDGE ( 'NONE', *, *, #485, .T. ) ;
#237 = VECTOR ( 'NONE', #351, 39.37007874015748143 ) ;
#238 = CARTESIAN_POINT ( 'NONE',  ( -0.4527559055118110520, 0.0000000000000000000, -1.179921259842519721 ) ) ;
#239 = EDGE_CURVE ( 'NONE', #1704, #2022, #825, .T. ) ;
#240 = FACE_OUTER_BOUND ( 'NONE', #1828, .T. ) ;
#241 = ORIENTED_EDGE ( 'NONE', *, *, #742, .T. ) ;
#242 = ADVANCED_FACE ( 'NONE', ( #1494 ), #364, .F. ) ;
#243 = DIRECTION ( 'NONE',  ( 1.000000000000000000, 0.0000000000000000000, -1.445602896647337536E-15 ) ) ;
#244 = ORIENTED_EDGE ( 'NONE', *, *, #1466, .F. ) ;
#245 = LINE ( 'NONE', #1170, #92 ) ;
#246 = LINE ( 'NONE', #632, #1973 ) ;
#247 = PLANE ( 'NONE',  #214 ) ;
#248 = ORIENTED_EDGE ( 'NONE', *, *, #549, .F. ) ;
#249 = LINE ( 'NONE', #588, #345 ) ;
#250 = VECTOR ( 'NONE', #1623, 39.37007874015748143 ) ;
#251 = LINE ( 'NONE', #82, #1058 ) ;
#252 = VECTOR ( 'NONE', #1522, 39.37007874015748143 ) ;
#253 = DIRECTION ( 'NONE',  ( 0.0000000000000000000, 0.0000000000000000000, 1.000000000000000000 ) ) ;
#254 = CARTESIAN_POINT ( 'NONE',  ( 0.4527559055118110520, 0.0000000000000000000, -0.5053149606299212060 ) ) ;
#255 = VECTOR ( 'NONE', #1395, 39.37007874015748143 ) ;
#256 = DIRECTION ( 'NONE',  ( -0.0000000000000000000, -0.0000000000000000000, -1.000000000000000000 ) ) ;
#257 = PLANE ( 'NONE',  #2284 ) ;
#258 = CARTESIAN_POINT ( 'NONE',  ( 0.4527559055118110520, 0.0000000000000000000, 0.0000000000000000000 ) ) ;
#259 = ORIENTED_EDGE ( 'NONE', *, *, #739, .F. ) ;
#260 = FACE_OUTER_BOUND ( 'NONE', #1485, .T. ) ;
#261 = CARTESIAN_POINT ( 'NONE',  ( 0.4527559055118111075, 0.0000000000000000000, -0.1692913385826771699 ) ) ;
#262 = DIRECTION ( 'NONE',  ( 0.0000000000000000000, 0.0000000000000000000, -1.000000000000000000 ) ) ;
#263 = DIRECTION ( 'NONE',  ( 1.000000000000000000, 0.0000000000000000000, 0.0000000000000000000 ) ) ;
#264 = CARTESIAN_POINT ( 'NONE',  ( 0.4527559055118110520, 0.04724409448818897572, -1.179921259842519721 ) ) ;
#265 = DIRECTION ( 'NONE',  ( 0.0000000000000000000, 0.0000000000000000000, -1.000000000000000000 ) ) ;
#266 = DIRECTION ( 'NONE',  ( -1.000000000000000000, 0.0000000000000000000, 0.0000000000000000000 ) ) ;
#267 = ORIENTED_EDGE ( 'NONE', *, *, #77, .F. ) ;
#268 = DIRECTION ( 'NONE',  ( -1.000000000000000000, 0.0000000000000000000, 0.0000000000000000000 ) ) ;
#269 = VECTOR ( 'NONE', #278, 39.37007874015748143 ) ;
#270 = EDGE_CURVE ( 'NONE', #222, #1260, #40, .T. ) ;
#271 = CIRCLE ( 'NONE', #2286, 0.04724409448818896184 ) ;
#272 = DIRECTION ( 'NONE',  ( 0.0000000000000000000, 1.000000000000000000, 0.0000000000000000000 ) ) ;
#273 = DIRECTION ( 'NONE',  ( -1.000000000000000000, 0.0000000000000000000, 0.0000000000000000000 ) ) ;
#274 = CARTESIAN_POINT ( 'NONE',  ( -0.5000000000000000000, 0.5000000000000000000, -1.179921259842519721 ) ) ;
#275 = CARTESIAN_POINT ( 'NONE',  ( -0.4527559055118110520, 0.04724409448818897572, -0.9272637795275591177 ) ) ;
#276 = CARTESIAN_POINT ( 'NONE',  ( 0.4527559055118110520, 0.4523622047244096334, 0.0000000000000000000 ) ) ;
#277 = ORIENTED_EDGE ( 'NONE', *, *, #1241, .F. ) ;
#278 = DIRECTION ( 'NONE',  ( 0.0000000000000000000, 0.0000000000000000000, 1.000000000000000000 ) ) ;
#279 = EDGE_CURVE ( 'NONE', #2069, #794, #1467, .T. ) ;
#280 = LINE ( 'NONE', #1018, #1835 ) ;
#281 = CARTESIAN_POINT ( 'NONE',  ( 0.5000000000000001110, 0.0000000000000000000, -0.1692913385826771699 ) ) ;
#282 = AXIS2_PLACEMENT_3D ( 'NONE', #2171, #2347, #2181 ) ;
#283 = EDGE_LOOP ( 'NONE', ( #1707, #1780, #1383, #13, #1878 ) ) ;
#284 = VECTOR ( 'NONE', #507, 39.37007874015748143 ) ;
#285 = CARTESIAN_POINT ( 'NONE',  ( 0.4527559055118110520, 0.04724409448818896184, -0.6746062992125982927 ) ) ;
#286 = DIRECTION ( 'NONE',  ( 0.0000000000000000000, 0.0000000000000000000, 1.000000000000000000 ) ) ;
#287 = AXIS2_PLACEMENT_3D ( 'NONE', #658, #501, #1441 ) ;
#288 = CARTESIAN_POINT ( 'NONE',  ( 0.5000000000000001110, 0.04724409448818896184, -0.2526574803149605475 ) ) ;
#289 = ORIENTED_EDGE ( 'NONE', *, *, #270, .T. ) ;
#290 = DIRECTION ( 'NONE',  ( -1.000000000000000000, 0.0000000000000000000, 0.0000000000000000000 ) ) ;
#291 = CARTESIAN_POINT ( 'NONE',  ( -0.5000000000000000000, 0.5000000000000000000, -1.179921259842519721 ) ) ;
#292 = CARTESIAN_POINT ( 'NONE',  ( 0.4527559055118110520, 0.4523622047244096334, 0.0000000000000000000 ) ) ;
#293 = EDGE_CURVE ( 'NONE', #2172, #1675, #187, .T. ) ;
#294 = ORIENTED_EDGE ( 'NONE', *, *, #1422, .T. ) ;
#295 = DIRECTION ( 'NONE',  ( 0.0000000000000000000, 0.0000000000000000000, 1.000000000000000000 ) ) ;
#296 = ADVANCED_FACE ( 'NONE', ( #738 ), #944, .F. ) ;
#297 = DIRECTION ( 'NONE',  ( 0.0000000000000000000, 0.0000000000000000000, 1.000000000000000000 ) ) ;
#298 = DIRECTION ( 'NONE',  ( 0.0000000000000000000, 0.0000000000000000000, -1.000000000000000000 ) ) ;
#299 = ORIENTED_EDGE ( 'NONE', *, *, #1466, .T. ) ;
#300 = CARTESIAN_POINT ( 'NONE',  ( -0.4527559055118110520, 0.04724409448818897572, -0.2526574803149604920 ) ) ;
#301 = ADVANCED_FACE ( 'NONE', ( #2063 ), #763, .F. ) ;
#302 = CARTESIAN_POINT ( 'NONE',  ( -0.4527559055118111075, 0.0000000000000000000, -0.5053149606299212060 ) ) ;
#303 = CIRCLE ( 'NONE', #1810, 0.07500000000000002498 ) ;
#304 = DIRECTION ( 'NONE',  ( 0.0000000000000000000, 0.0000000000000000000, 1.000000000000000000 ) ) ;
#305 = EDGE_CURVE ( 'NONE', #1073, #1823, #2109, .T. ) ;
#306 = ADVANCED_FACE ( 'NONE', ( #1688 ), #30, .F. ) ;
#307 = AXIS2_PLACEMENT_3D ( 'NONE', #1345, #1721, #65 ) ;
#308 = ORGANIZATION ( 'UNSPECIFIED', 'UNSPECIFIED', '' ) ;
#309 = CARTESIAN_POINT ( 'NONE',  ( 0.4527559055118110520, 0.0000000000000000000, -0.1692913385826775030 ) ) ;
#310 = ORIENTED_EDGE ( 'NONE', *, *, #911, .F. ) ;
#312 = EDGE_CURVE ( 'NONE', #1538, #2172, #2233, .T. ) ;
#311 = CARTESIAN_POINT ( 'NONE',  ( -0.4527559055118110520, 0.0000000000000000000, -1.179921259842519721 ) ) ;
#313 = CARTESIAN_POINT ( 'NONE',  ( 0.4527559055118111075, 0.0000000000000000000, -0.1692913385826771699 ) ) ;
#314 = DIRECTION ( 'NONE',  ( 1.000000000000000000, 0.0000000000000000000, 0.0000000000000000000 ) ) ;
#315 = EDGE_CURVE ( 'NONE', #1073, #341, #394, .T. ) ;
#316 = VERTEX_POINT ( 'NONE', #1137 ) ;
#317 = LINE ( 'NONE', #835, #2055 ) ;
#318 = CARTESIAN_POINT ( 'NONE',  ( 0.4527559055118110520, 0.0000000000000000000, -1.010629921259842412 ) ) ;
#319 = ORIENTED_EDGE ( 'NONE', *, *, #1172, .T. ) ;
#320 = FACE_OUTER_BOUND ( 'NONE', #1808, .T. ) ;
#321 = FACE_OUTER_BOUND ( 'NONE', #1159, .T. ) ;
#322 = ORIENTED_EDGE ( 'NONE', *, *, #1390, .F. ) ;
#323 = CARTESIAN_POINT ( 'NONE',  ( -0.4527559055118111075, 0.5000000000000000000, -0.4219488188976378007 ) ) ;
#324 = CARTESIAN_POINT ( 'NONE',  ( -0.4527559055118110520, 0.04724409448818897572, -1.179921259842519721 ) ) ;
#325 = ADVANCED_FACE ( 'NONE', ( #1882 ), #224, .F. ) ;
#326 = AXIS2_PLACEMENT_3D ( 'NONE', #1478, #1698, #2077 ) ;
#327 = ORIENTED_EDGE ( 'NONE', *, *, #66, .T. ) ;
#328 = CARTESIAN_POINT ( 'NONE',  ( -2.082863847368726172E-17, -8.537024980200822558E-18, -0.7000000000000000666 ) ) ;
#329 = VECTOR ( 'NONE', #1741, 39.37007874015748143 ) ;
#330 = EDGE_CURVE ( 'NONE', #1825, #47, #899, .T. ) ;
#331 = DIRECTION ( 'NONE',  ( 0.0000000000000000000, 0.0000000000000000000, 1.000000000000000000 ) ) ;
#332 = EDGE_LOOP ( 'NONE', ( #1096, #1277, #1734, #2145 ) ) ;
#333 = VECTOR ( 'NONE', #354, 39.37007874015748143 ) ;
#334 = DIRECTION ( 'NONE',  ( 0.0000000000000000000, 1.000000000000000000, 0.0000000000000000000 ) ) ;
#335 = PERSON_AND_ORGANIZATION ( #1174, #308 ) ;
#336 = ORIENTED_EDGE ( 'NONE', *, *, #2104, .T. ) ;
#337 = DIRECTION ( 'NONE',  ( 0.0000000000000000000, 0.0000000000000000000, -1.000000000000000000 ) ) ;
#338 = ORIENTED_EDGE ( 'NONE', *, *, #503, .F. ) ;
#339 = DIRECTION ( 'NONE',  ( 0.0000000000000000000, 0.0000000000000000000, -1.000000000000000000 ) ) ;
#340 = FACE_OUTER_BOUND ( 'NONE', #1867, .T. ) ;
#341 = VERTEX_POINT ( 'NONE', #1916 ) ;
#342 = DIRECTION ( 'NONE',  ( -0.0000000000000000000, -0.0000000000000000000, -1.000000000000000000 ) ) ;
#343 = EDGE_CURVE ( 'NONE', #1147, #2102, #51, .T. ) ;
#344 = DATE_AND_TIME ( #1678, #504 ) ;
#345 = VECTOR ( 'NONE', #2117, 39.37007874015748143 ) ;
#346 = VERTEX_POINT ( 'NONE', #1892 ) ;
#347 = CARTESIAN_POINT ( 'NONE',  ( -0.4527559055118110520, 0.04724409448818897572, -1.179921259842519721 ) ) ;
#348 = VECTOR ( 'NONE', #2107, 39.37007874015748143 ) ;
#349 = ORIENTED_EDGE ( 'NONE', *, *, #849, .F. ) ;
#350 = EDGE_LOOP ( 'NONE', ( #1990, #758, #244, #17 ) ) ;
#351 = DIRECTION ( 'NONE',  ( 0.0000000000000000000, 0.0000000000000000000, 1.000000000000000000 ) ) ;
#352 = PLANE ( 'NONE',  #409 ) ;
#353 = VERTEX_POINT ( 'NONE', #1711 ) ;
#354 = DIRECTION ( 'NONE',  ( 0.0000000000000000000, 1.000000000000000000, 0.0000000000000000000 ) ) ;
#355 = ADVANCED_FACE ( 'NONE', ( #461 ), #811, .F. ) ;
#356 = PERSON_AND_ORGANIZATION ( #1174, #308 ) ;
#357 = ORIENTED_EDGE ( 'NONE', *, *, #1558, .F. ) ;
#358 = DIRECTION ( 'NONE',  ( 0.0000000000000000000, 0.0000000000000000000, 1.000000000000000000 ) ) ;
#359 = CARTESIAN_POINT ( 'NONE',  ( 0.4527559055118111075, 0.0000000000000000000, -0.2526574803149605475 ) ) ;
#360 = ORIENTED_EDGE ( 'NONE', *, *, #1631, .F. ) ;
#361 = VECTOR ( 'NONE', #415, 39.37007874015748143 ) ;
#362 = VERTEX_POINT ( 'NONE', #2114 ) ;
#363 = FACE_OUTER_BOUND ( 'NONE', #2228, .T. ) ;
#364 = PLANE ( 'NONE',  #326 ) ;
#365 = VECTOR ( 'NONE', #2193, 39.37007874015748143 ) ;
#366 = VERTEX_POINT ( 'NONE', #784 ) ;
#367 = CARTESIAN_POINT ( 'NONE',  ( 0.4527559055118111075, 0.5000000000000000000, -0.1692913385826771699 ) ) ;
#368 = CIRCLE ( 'NONE', #1724, 0.04724409448818896184 ) ;
#369 = DIRECTION ( 'NONE',  ( 1.000000000000000000, 0.0000000000000000000, 0.0000000000000000000 ) ) ;
#370 = ORIENTED_EDGE ( 'NONE', *, *, #1788, .F. ) ;
#371 = CARTESIAN_POINT ( 'NONE',  ( 0.4527559055118110520, 0.0000000000000000000, -1.179921259842519721 ) ) ;
#372 = EDGE_CURVE ( 'NONE', #1515, #2172, #1544, .T. ) ;
#373 = ORIENTED_EDGE ( 'NONE', *, *, #874, .T. ) ;
#374 = ORIENTED_EDGE ( 'NONE', *, *, #142, .F. ) ;
#375 = ADVANCED_FACE ( 'NONE', ( #1753 ), #1197, .T. ) ;
#376 = VERTEX_POINT ( 'NONE', #1553 ) ;
#377 = PLANE ( 'NONE',  #1428 ) ;
#378 = DIRECTION ( 'NONE',  ( 0.0000000000000000000, 0.0000000000000000000, -1.000000000000000000 ) ) ;
#379 = ADVANCED_FACE ( 'NONE', ( #994 ), #247, .T. ) ;
#380 = ORIENTED_EDGE ( 'NONE', *, *, #2381, .T. ) ;
#381 = DIRECTION ( 'NONE',  ( 0.0000000000000000000, 1.000000000000000000, 0.0000000000000000000 ) ) ;
#382 = EDGE_CURVE ( 'NONE', #761, #608, #87, .T. ) ;
#383 = APPROVAL_DATE_TIME ( #2045, #1344 ) ;
#384 = PLANE ( 'NONE',  #1292 ) ;
#385 = VERTEX_POINT ( 'NONE', #258 ) ;
#386 = ORIENTED_EDGE ( 'NONE', *, *, #997, .F. ) ;
#387 = ORIENTED_EDGE ( 'NONE', *, *, #1927, .T. ) ;
#388 = VERTEX_POINT ( 'NONE', #1014 ) ;
#389 = EDGE_CURVE ( 'NONE', #2323, #2294, #2304, .T. ) ;
#390 = VECTOR ( 'NONE', #428, 39.37007874015748143 ) ;
#391 = CARTESIAN_POINT ( 'NONE',  ( -0.4527559055118111075, 0.5000000000000000000, -0.5053149606299212060 ) ) ;
#392 = AXIS2_PLACEMENT_3D ( 'NONE', #1798, #144, #1104 ) ;
#393 = ADVANCED_FACE ( 'NONE', ( #451 ), #833, .F. ) ;
#394 = LINE ( 'NONE', #586, #1720 ) ;
#395 = VERTEX_POINT ( 'NONE', #1347 ) ;
#396 = DIRECTION ( 'NONE',  ( 0.0000000000000000000, 1.000000000000000000, 0.0000000000000000000 ) ) ;
#397 = CARTESIAN_POINT ( 'NONE',  ( 0.4527559055118111075, 0.5000000000000000000, -0.2526574803149605475 ) ) ;
#398 = ORIENTED_EDGE ( 'NONE', *, *, #639, .T. ) ;
#399 = PLANE ( 'NONE',  #1469 ) ;
#400 = ORIENTED_EDGE ( 'NONE', *, *, #728, .F. ) ;
#401 = ORIENTED_EDGE ( 'NONE', *, *, #1744, .T. ) ;
#402 = CARTESIAN_POINT ( 'NONE',  ( -0.4527559055118110520, 0.0000000000000000000, -0.2526574803149604920 ) ) ;
#403 = DIRECTION ( 'NONE',  ( 0.0000000000000000000, 1.000000000000000000, 0.0000000000000000000 ) ) ;
#404 = ORIENTED_EDGE ( 'NONE', *, *, #739, .T. ) ;
#405 = CARTESIAN_POINT ( 'NONE',  ( 0.4527559055118110520, 0.0000000000000000000, -0.5053149606299212060 ) ) ;
#406 = VECTOR ( 'NONE', #1360, 39.37007874015748143 ) ;
#407 = EDGE_CURVE ( 'NONE', #902, #1397, #430, .T. ) ;
#408 = AXIS2_PLACEMENT_3D ( 'NONE', #232, #263, #1387 ) ;
#409 = AXIS2_PLACEMENT_3D ( 'NONE', #139, #113, #1803 ) ;
#410 = AXIS2_PLACEMENT_3D ( 'NONE', #842, #265, #1413 ) ;
#411 = CARTESIAN_POINT ( 'NONE',  ( -0.5000000000000001110, 0.04724409448818897572, -0.1692913385826771699 ) ) ;
#412 = ORIENTED_EDGE ( 'NONE', *, *, #1667, .F. ) ;
#413 = DIRECTION ( 'NONE',  ( -1.000000000000000000, 0.0000000000000000000, 0.0000000000000000000 ) ) ;
#414 = ORIENTED_EDGE ( 'NONE', *, *, #1840, .T. ) ;
#415 = DIRECTION ( 'NONE',  ( 0.0000000000000000000, 0.0000000000000000000, 1.000000000000000000 ) ) ;
#416 = FACE_OUTER_BOUND ( 'NONE', #714, .T. ) ;
#417 = EDGE_CURVE ( 'NONE', #2040, #1563, #67, .T. ) ;
#418 = FACE_OUTER_BOUND ( 'NONE', #1821, .T. ) ;
#419 = EDGE_LOOP ( 'NONE', ( #147, #310, #1249, #556 ) ) ;
#420 = DIRECTION ( 'NONE',  ( 0.0000000000000000000, 0.0000000000000000000, 1.000000000000000000 ) ) ;
#421 = ADVANCED_FACE ( 'NONE', ( #1905 ), #2279, .T. ) ;
#422 = ADVANCED_FACE ( 'NONE', ( #2312 ), #1187, .F. ) ;
#423 = CARTESIAN_POINT ( 'NONE',  ( -1.164378748008211143E-17, -8.537024980200822558E-18, -0.7750000000000000222 ) ) ;
#424 = ORIENTED_EDGE ( 'NONE', *, *, #603, .F. ) ;
#425 = DIRECTION ( 'NONE',  ( 0.0000000000000000000, 0.0000000000000000000, 1.000000000000000000 ) ) ;
#426 = ORIENTED_EDGE ( 'NONE', *, *, #1086, .F. ) ;
#427 = FACE_OUTER_BOUND ( 'NONE', #1440, .T. ) ;
#428 = DIRECTION ( 'NONE',  ( -1.000000000000000000, -0.0000000000000000000, -0.0000000000000000000 ) ) ;
#429 = AXIS2_PLACEMENT_3D ( 'NONE', #498, #290, #1952 ) ;
#430 = LINE ( 'NONE', #633, #1565 ) ;
#431 = ORIENTED_EDGE ( 'NONE', *, *, #1736, .T. ) ;
#432 = AXIS2_PLACEMENT_3D ( 'NONE', #1771, #851, #128 ) ;
#433 = DIRECTION ( 'NONE',  ( 1.000000000000000000, 0.0000000000000000000, 0.0000000000000000000 ) ) ;
#434 = FACE_OUTER_BOUND ( 'NONE', #1624, .T. ) ;
#435 = CARTESIAN_POINT ( 'NONE',  ( 0.4527559055118111075, 0.04724409448818896184, -0.2526574803149605475 ) ) ;
#436 = EDGE_LOOP ( 'NONE', ( #598, #2164, #786, #2386 ) ) ;
#437 = CARTESIAN_POINT ( 'NONE',  ( 0.5000000000000000000, 0.04724409448818896184, -1.179921259842519721 ) ) ;
#438 = CARTESIAN_POINT ( 'NONE',  ( 0.0000000000000000000, 0.0000000000000000000, 0.0000000000000000000 ) ) ;
#439 = FACE_OUTER_BOUND ( 'NONE', #1122, .T. ) ;
#440 = DIRECTION ( 'NONE',  ( 0.0000000000000000000, 0.0000000000000000000, 1.000000000000000000 ) ) ;
#441 = ORIENTED_EDGE ( 'NONE', *, *, #503, .T. ) ;
#442 = DIRECTION ( 'NONE',  ( 0.0000000000000000000, -1.000000000000000000, 0.0000000000000000000 ) ) ;
#443 = VECTOR ( 'NONE', #484, 39.37007874015748143 ) ;
#444 = DIRECTION ( 'NONE',  ( 0.0000000000000000000, 1.000000000000000000, 0.0000000000000000000 ) ) ;
#445 = VECTOR ( 'NONE', #950, 39.37007874015748143 ) ;
#446 = FACE_OUTER_BOUND ( 'NONE', #879, .T. ) ;
#447 = PLANE ( 'NONE',  #1875 ) ;
#448 = AXIS2_PLACEMENT_3D ( 'NONE', #1283, #577, #765 ) ;
#449 = CARTESIAN_POINT ( 'NONE',  ( 0.4527559055118110520, 0.0000000000000000000, -1.010629921259842412 ) ) ;
#450 = CARTESIAN_POINT ( 'NONE',  ( 0.4527559055118110520, 0.04724409448818896184, -0.5053149606299212060 ) ) ;
#451 = FACE_OUTER_BOUND ( 'NONE', #283, .T. ) ;
#452 = EDGE_CURVE ( 'NONE', #718, #231, #611, .T. ) ;
#453 = ORIENTED_EDGE ( 'NONE', *, *, #312, .T. ) ;
#454 = LINE ( 'NONE', #984, #693 ) ;
#455 = CC_DESIGN_PERSON_AND_ORGANIZATION_ASSIGNMENT ( #335, #1807, ( #1935 ) ) ;
#456 = CARTESIAN_POINT ( 'NONE',  ( -0.4527559055118110520, 0.3499999999999999778, 0.2000000000000000111 ) ) ;
#457 = LINE ( 'NONE', #1890, #1442 ) ;
#458 = CARTESIAN_POINT ( 'NONE',  ( 0.4527559055118110520, 0.0000000000000000000, -1.179921259842519721 ) ) ;
#459 = LINE ( 'NONE', #1776, #1641 ) ;
#460 = EDGE_CURVE ( 'NONE', #1675, #1468, #1162, .T. ) ;
#461 = FACE_OUTER_BOUND ( 'NONE', #2043, .T. ) ;
#462 = EDGE_LOOP ( 'NONE', ( #1696, #1151, #1274, #792 ) ) ;
#463 = DIRECTION ( 'NONE',  ( 0.0000000000000000000, -1.000000000000000000, 0.0000000000000000000 ) ) ;
#464 = VECTOR ( 'NONE', #186, 39.37007874015748143 ) ;
#465 = DIRECTION ( 'NONE',  ( 0.0000000000000000000, 0.0000000000000000000, -1.000000000000000000 ) ) ;
#466 = CARTESIAN_POINT ( 'NONE',  ( -0.4527559055118111075, 0.0000000000000000000, -0.4219488188976378007 ) ) ;
#467 = VERTEX_POINT ( 'NONE', #868 ) ;
#468 = DIRECTION ( 'NONE',  ( -0.0000000000000000000, -0.0000000000000000000, -1.000000000000000000 ) ) ;
#469 = LINE ( 'NONE', #2155, #2374 ) ;
#470 = CARTESIAN_POINT ( 'NONE',  ( 0.4527559055118110520, 0.5000000000000000000, -1.179921259842519721 ) ) ;
#471 = ORIENTED_EDGE ( 'NONE', *, *, #452, .T. ) ;
#472 = LINE ( 'NONE', #1564, #2317 ) ;
#473 = ADVANCED_FACE ( 'NONE', ( #134 ), #1766, .F. ) ;
#474 = CARTESIAN_POINT ( 'NONE',  ( -0.4527559055118110520, 0.04724409448818897572, -1.179921259842519721 ) ) ;
#475 = VECTOR ( 'NONE', #2215, 39.37007874015748143 ) ;
#476 = ADVANCED_FACE ( 'NONE', ( #1594 ), #1963, .T. ) ;
#477 = DIRECTION ( 'NONE',  ( 1.000000000000000000, 0.0000000000000000000, 0.0000000000000000000 ) ) ;
#478 = VERTEX_POINT ( 'NONE', #288 ) ;
#479 = ADVANCED_FACE ( 'NONE', ( #1027 ), #1217, .F. ) ;
#480 = CIRCLE ( 'NONE', #1566, 0.04724409448818896184 ) ;
#481 = CARTESIAN_POINT ( 'NONE',  ( 0.4527559055118110520, 0.5000000000000000000, -1.010629921259842412 ) ) ;
#482 = DIRECTION ( 'NONE',  ( 0.0000000000000000000, 0.0000000000000000000, 1.000000000000000000 ) ) ;
#483 = VECTOR ( 'NONE', #334, 39.37007874015748143 ) ;
#484 = DIRECTION ( 'NONE',  ( 0.0000000000000000000, 0.0000000000000000000, 1.000000000000000000 ) ) ;
#485 = EDGE_CURVE ( 'NONE', #608, #1145, #2331, .T. ) ;
#486 = ORIENTED_EDGE ( 'NONE', *, *, #802, .F. ) ;
#487 = FACE_OUTER_BOUND ( 'NONE', #182, .T. ) ;
#488 = DIRECTION ( 'NONE',  ( 0.0000000000000000000, 1.000000000000000000, 0.0000000000000000000 ) ) ;
#489 = CARTESIAN_POINT ( 'NONE',  ( -0.4527559055118110520, 0.0000000000000000000, -1.179921259842519721 ) ) ;
#490 = ADVANCED_FACE ( 'NONE', ( #664 ), #496, .F. ) ;
#491 = FACE_OUTER_BOUND ( 'NONE', #199, .T. ) ;
#492 = EDGE_CURVE ( 'NONE', #721, #1824, #2143, .T. ) ;
#493 = ORIENTED_EDGE ( 'NONE', *, *, #2066, .T. ) ;
#494 = CARTESIAN_POINT ( 'NONE',  ( -0.4527559055118111631, 0.5000000000000000000, -1.010629921259842190 ) ) ;
#495 = CARTESIAN_POINT ( 'NONE',  ( -0.5000000000000000000, 0.5000000000000000000, -0.5053149606299212060 ) ) ;
#496 = CYLINDRICAL_SURFACE ( 'NONE', #1949, 0.07500000000000002498 ) ;
#497 = ORIENTED_EDGE ( 'NONE', *, *, #1436, .T. ) ;
#498 = CARTESIAN_POINT ( 'NONE',  ( 0.4527559055118111075, 0.0000000000000000000, -0.2526574803149605475 ) ) ;
#499 = DIRECTION ( 'NONE',  ( -0.0000000000000000000, -0.0000000000000000000, -1.000000000000000000 ) ) ;
#500 = ORIENTED_EDGE ( 'NONE', *, *, #1268, .F. ) ;
#501 = DIRECTION ( 'NONE',  ( -1.000000000000000000, 0.0000000000000000000, 0.0000000000000000000 ) ) ;
#502 = CIRCLE ( 'NONE', #1353, 0.04724409448818896184 ) ;
#503 = EDGE_CURVE ( 'NONE', #1823, #718, #1778, .T. ) ;
#504 = LOCAL_TIME ( 17, 8, 57.00000000000000000, #1115 ) ;
#505 = DIRECTION ( 'NONE',  ( 0.0000000000000000000, 1.000000000000000000, 0.0000000000000000000 ) ) ;
#506 = ORIENTED_EDGE ( 'NONE', *, *, #2350, .F. ) ;
#507 = DIRECTION ( 'NONE',  ( 1.000000000000000000, 0.0000000000000000000, 0.0000000000000000000 ) ) ;
#508 = FACE_OUTER_BOUND ( 'NONE', #1545, .T. ) ;
#509 = VERTEX_POINT ( 'NONE', #1414 ) ;
#510 = PLANE ( 'NONE',  #1196 ) ;
#511 = DIRECTION ( 'NONE',  ( 1.000000000000000000, 0.0000000000000000000, 0.0000000000000000000 ) ) ;
#512 = VERTEX_POINT ( 'NONE', #1976 ) ;
#513 = DIRECTION ( 'NONE',  ( 0.0000000000000000000, 0.0000000000000000000, 1.000000000000000000 ) ) ;
#514 = PERSON_AND_ORGANIZATION ( #1174, #308 ) ;
#515 = ORIENTED_EDGE ( 'NONE', *, *, #601, .T. ) ;
#516 = CARTESIAN_POINT ( 'NONE',  ( -2.082863847368726172E-17, 0.04724409448818897572, -0.7000000000000000666 ) ) ;
#517 = VECTOR ( 'NONE', #1183, 39.37007874015748143 ) ;
#518 = AXIS2_PLACEMENT_3D ( 'NONE', #966, #2085, #781 ) ;
#519 = ORIENTED_EDGE ( 'NONE', *, *, #2337, .T. ) ;
#520 = CARTESIAN_POINT ( 'NONE',  ( 0.4527559055118110520, 0.5000000000000000000, -1.179921259842519721 ) ) ;
#521 = VECTOR ( 'NONE', #444, 39.37007874015748143 ) ;
#522 = ADVANCED_FACE ( 'NONE', ( #1046 ), #2002, .T. ) ;
#523 = CARTESIAN_POINT ( 'NONE',  ( 0.4527559055118110520, 0.5000000000000000000, -1.179921259842519721 ) ) ;
#524 = EDGE_LOOP ( 'NONE', ( #193, #1037, #1070, #1929 ) ) ;
#525 = AXIS2_PLACEMENT_3D ( 'NONE', #1805, #1769, #114 ) ;
#526 = LINE ( 'NONE', #164, #1180 ) ;
#527 = ORIENTED_EDGE ( 'NONE', *, *, #1770, .F. ) ;
#528 = ORIENTED_EDGE ( 'NONE', *, *, #993, .T. ) ;
#529 = DIRECTION ( 'NONE',  ( 0.0000000000000000000, 1.000000000000000000, 0.0000000000000000000 ) ) ;
#530 = VERTEX_POINT ( 'NONE', #1599 ) ;
#531 = EDGE_LOOP ( 'NONE', ( #2389, #2082, #225, #373 ) ) ;
#532 = DIRECTION ( 'NONE',  ( 0.0000000000000000000, 1.000000000000000000, 0.0000000000000000000 ) ) ;
#533 = LINE ( 'NONE', #149, #1093 ) ;
#534 = ORIENTED_EDGE ( 'NONE', *, *, #1705, .F. ) ;
#535 = DIRECTION ( 'NONE',  ( 1.000000000000000000, 0.0000000000000000000, -1.445602896647339706E-15 ) ) ;
#536 = CALENDAR_DATE ( 2019, 25, 10 ) ;
#537 = VECTOR ( 'NONE', #779, 39.37007874015748143 ) ;
#538 = EDGE_LOOP ( 'NONE', ( #977, #1287, #431, #1650 ) ) ;
#539 = CARTESIAN_POINT ( 'NONE',  ( -0.4527559055118110520, 0.5000000000000000000, 0.0000000000000000000 ) ) ;
#540 = VECTOR ( 'NONE', #1202, 39.37007874015748143 ) ;
#541 = DIRECTION ( 'NONE',  ( 0.0000000000000000000, 1.000000000000000000, 0.0000000000000000000 ) ) ;
#542 = ORIENTED_EDGE ( 'NONE', *, *, #2078, .T. ) ;
#543 = EDGE_LOOP ( 'NONE', ( #1306, #2306, #2084, #519 ) ) ;
#544 = FACE_OUTER_BOUND ( 'NONE', #747, .T. ) ;
#545 = DIRECTION ( 'NONE',  ( 0.0000000000000000000, 0.0000000000000000000, 1.000000000000000000 ) ) ;
#546 = ORIENTED_EDGE ( 'NONE', *, *, #330, .F. ) ;
#547 = ORIENTED_EDGE ( 'NONE', *, *, #2174, .T. ) ;
#548 = LINE ( 'NONE', #8, #830 ) ;
#549 = EDGE_CURVE ( 'NONE', #1073, #2022, #1429, .T. ) ;
#550 = DIRECTION ( 'NONE',  ( 0.0000000000000000000, 0.0000000000000000000, 1.000000000000000000 ) ) ;
#551 = ORIENTED_EDGE ( 'NONE', *, *, #2027, .F. ) ;
#552 = EDGE_CURVE ( 'NONE', #1712, #1189, #1220, .T. ) ;
#553 = CARTESIAN_POINT ( 'NONE',  ( -0.5000000000000000000, 0.04724409448818897572, -0.4219488188976378007 ) ) ;
#554 = ORIENTED_EDGE ( 'NONE', *, *, #1022, .F. ) ;
#555 = VERTEX_POINT ( 'NONE', #1635 ) ;
#556 = ORIENTED_EDGE ( 'NONE', *, *, #2339, .T. ) ;
#557 = DIRECTION ( 'NONE',  ( 1.000000000000000000, 0.0000000000000000000, 0.0000000000000000000 ) ) ;
#558 = VECTOR ( 'NONE', #1228, 39.37007874015748143 ) ;
#559 = DIRECTION ( 'NONE',  ( 0.0000000000000000000, -1.000000000000000000, 0.0000000000000000000 ) ) ;
#560 = ADVANCED_FACE ( 'NONE', ( #340 ), #871, .F. ) ;
#561 = CIRCLE ( 'NONE', #1879, 0.04724409448818896184 ) ;
#562 = VERTEX_POINT ( 'NONE', #1403 ) ;
#563 = CARTESIAN_POINT ( 'NONE',  ( -0.4527559055118110520, 0.3499999999999999778, 0.2000000000000000111 ) ) ;
#564 = AXIS2_PLACEMENT_3D ( 'NONE', #2349, #1981, #1759 ) ;
#565 = EDGE_CURVE ( 'NONE', #1659, #1825, #668, .T. ) ;
#566 = DIRECTION ( 'NONE',  ( -1.000000000000000000, 0.0000000000000000000, 0.0000000000000000000 ) ) ;
#567 = VERTEX_POINT ( 'NONE', #893 ) ;
#568 = EDGE_CURVE ( 'NONE', #316, #388, #533, .T. ) ;
#569 = ORIENTED_EDGE ( 'NONE', *, *, #1585, .T. ) ;
#570 = ORIENTED_EDGE ( 'NONE', *, *, #601, .F. ) ;
#571 = ORIENTED_EDGE ( 'NONE', *, *, #2287, .F. ) ;
#572 = EDGE_LOOP ( 'NONE', ( #822, #424, #1218, #506 ) ) ;
#573 = DIRECTION ( 'NONE',  ( 0.0000000000000000000, 1.000000000000000000, 0.0000000000000000000 ) ) ;
#574 = EDGE_CURVE ( 'NONE', #35, #2190, #1244, .T. ) ;
#575 = DIRECTION ( 'NONE',  ( 1.000000000000000000, 0.0000000000000000000, 0.0000000000000000000 ) ) ;
#576 = ORIENTED_EDGE ( 'NONE', *, *, #583, .F. ) ;
#577 = DIRECTION ( 'NONE',  ( 0.0000000000000000000, 0.0000000000000000000, -1.000000000000000000 ) ) ;
#578 = DIRECTION ( 'NONE',  ( 0.0000000000000000000, 0.0000000000000000000, 1.000000000000000000 ) ) ;
#579 = ORIENTED_EDGE ( 'NONE', *, *, #4, .T. ) ;
#580 = ORIENTED_EDGE ( 'NONE', *, *, #917, .T. ) ;
#581 = ORIENTED_EDGE ( 'NONE', *, *, #782, .F. ) ;
#582 = AXIS2_PLACEMENT_3D ( 'NONE', #1230, #846, #1978 ) ;
#583 = EDGE_CURVE ( 'NONE', #45, #1055, #1600, .T. ) ;
#584 = LINE ( 'NONE', #1320, #967 ) ;
#585 = VECTOR ( 'NONE', #1616, 39.37007874015748143 ) ;
#586 = CARTESIAN_POINT ( 'NONE',  ( -0.5000000000000001110, 0.0000000000000000000, -0.1692913385826771699 ) ) ;
#587 = ORIENTED_EDGE ( 'NONE', *, *, #1350, .F. ) ;
#588 = CARTESIAN_POINT ( 'NONE',  ( -0.5000000000000000000, 0.0000000000000000000, -0.4219488188976378007 ) ) ;
#589 = CARTESIAN_POINT ( 'NONE',  ( -0.4527559055118110520, 0.04724409448818897572, -1.010629921259842190 ) ) ;
#590 = EDGE_CURVE ( 'NONE', #794, #512, #161, .T. ) ;
#591 = ORIENTED_EDGE ( 'NONE', *, *, #452, .F. ) ;
#592 = DIRECTION ( 'NONE',  ( 1.000000000000000000, 0.0000000000000000000, 0.0000000000000000000 ) ) ;
#593 = ORIENTED_EDGE ( 'NONE', *, *, #1168, .F. ) ;
#594 = CARTESIAN_POINT ( 'NONE',  ( 0.5000000000000000000, 0.04724409448818896184, -1.179921259842519721 ) ) ;
#595 = DIRECTION ( 'NONE',  ( 0.0000000000000000000, 1.000000000000000000, 0.0000000000000000000 ) ) ;
#596 = EDGE_CURVE ( 'NONE', #934, #1282, #2359, .T. ) ;
#597 = CARTESIAN_POINT ( 'NONE',  ( 0.4527559055118112186, 0.0000000000000000000, -0.6746062992125982927 ) ) ;
#598 = ORIENTED_EDGE ( 'NONE', *, *, #1677, .F. ) ;
#599 = CARTESIAN_POINT ( 'NONE',  ( -0.4527559055118110520, 0.5000000000000000000, -1.179921259842519721 ) ) ;
#600 = VECTOR ( 'NONE', #798, 39.37007874015748143 ) ;
#601 = EDGE_CURVE ( 'NONE', #316, #1238, #1989, .T. ) ;
#602 = VECTOR ( 'NONE', #1388, 39.37007874015748143 ) ;
#603 = EDGE_CURVE ( 'NONE', #928, #1113, #1782, .T. ) ;
#604 = AXIS2_PLACEMENT_3D ( 'NONE', #291, #873, #465 ) ;
#605 = CARTESIAN_POINT ( 'NONE',  ( -0.5000000000000000000, 0.0000000000000000000, -0.9272637795275591177 ) ) ;
#606 = ORIENTED_EDGE ( 'NONE', *, *, #1312, .F. ) ;
#607 = CARTESIAN_POINT ( 'NONE',  ( 0.5000000000000001110, 0.5000000000000000000, -0.7579724409448816980 ) ) ;
#608 = VERTEX_POINT ( 'NONE', #1084 ) ;
#609 = CARTESIAN_POINT ( 'NONE',  ( 0.4527559055118110520, 0.04724409448818896184, -0.1692913385826772255 ) ) ;
#610 = CARTESIAN_POINT ( 'NONE',  ( 0.4527559055118110520, 0.5000000000000000000, -0.9272637795275591177 ) ) ;
#611 = LINE ( 'NONE', #2087, #1289 ) ;
#612 = ADVANCED_FACE ( 'NONE', ( #1072 ), #1966, .F. ) ;
#613 = VERTEX_POINT ( 'NONE', #2148 ) ;
#614 = DIRECTION ( 'NONE',  ( 1.000000000000000000, 0.0000000000000000000, 0.0000000000000000000 ) ) ;
#615 = DIRECTION ( 'NONE',  ( -1.000000000000000000, 0.0000000000000000000, -1.445602896647337142E-15 ) ) ;
#616 = CARTESIAN_POINT ( 'NONE',  ( -0.4527559055118110520, 0.04724409448818897572, -1.179921259842519721 ) ) ;
#617 = ORIENTED_EDGE ( 'NONE', *, *, #596, .F. ) ;
#618 = DIRECTION ( 'NONE',  ( 0.0000000000000000000, -1.000000000000000000, 0.0000000000000000000 ) ) ;
#619 = CARTESIAN_POINT ( 'NONE',  ( 0.4527559055118110520, 0.4523622047244096334, 0.2000000000000000111 ) ) ;
#620 = VECTOR ( 'NONE', #420, 39.37007874015748143 ) ;
#621 = DIRECTION ( 'NONE',  ( 0.0000000000000000000, 0.0000000000000000000, 1.000000000000000000 ) ) ;
#622 = VECTOR ( 'NONE', #1341, 39.37007874015748143 ) ;
#623 = CARTESIAN_POINT ( 'NONE',  ( 0.5000000000000000000, 0.3500000000000000333, 0.0000000000000000000 ) ) ;
#624 = EDGE_LOOP ( 'NONE', ( #869, #2216, #2264, #289 ) ) ;
#625 = CC_DESIGN_APPROVAL ( #2199, ( #1663 ) ) ;
#626 = CARTESIAN_POINT ( 'NONE',  ( -0.5000000000000000000, 0.5000000000000000000, -1.179921259842519721 ) ) ;
#627 = CARTESIAN_POINT ( 'NONE',  ( 0.4527559055118110520, 0.0000000000000000000, -0.5053149606299212060 ) ) ;
#628 = CARTESIAN_POINT ( 'NONE',  ( 0.4527559055118110520, 0.5000000000000000000, -0.4219488188976377452 ) ) ;
#629 = EDGE_CURVE ( 'NONE', #567, #1309, #859, .T. ) ;
#630 = DIRECTION ( 'NONE',  ( -1.000000000000000000, 0.0000000000000000000, -1.445602896647339706E-15 ) ) ;
#631 = DIRECTION ( 'NONE',  ( 1.000000000000000000, 0.0000000000000000000, -2.891205793294679411E-15 ) ) ;
#632 = CARTESIAN_POINT ( 'NONE',  ( -0.5000000000000001110, 0.0000000000000000000, -0.2526574803149605475 ) ) ;
#633 = CARTESIAN_POINT ( 'NONE',  ( -0.5000000000000000000, 0.4523622047244094668, 0.2000000000000000111 ) ) ;
#634 = ORIENTED_EDGE ( 'NONE', *, *, #782, .T. ) ;
#635 = DIRECTION ( 'NONE',  ( 0.0000000000000000000, 0.0000000000000000000, 1.000000000000000000 ) ) ;
#636 = ADVANCED_FACE ( 'NONE', ( #682 ), #352, .F. ) ;
#637 = AXIS2_PLACEMENT_3D ( 'NONE', #2025, #1857, #198 ) ;
#638 = AXIS2_PLACEMENT_3D ( 'NONE', #605, #23, #1339 ) ;
#639 = EDGE_CURVE ( 'NONE', #902, #692, #1586, .T. ) ;
#640 = CARTESIAN_POINT ( 'NONE',  ( -0.4527559055118111075, 0.04724409448818897572, -1.179921259842519721 ) ) ;
#641 = LINE ( 'NONE', #2128, #55 ) ;
#642 = AXIS2_PLACEMENT_3D ( 'NONE', #627, #120, #1752 ) ;
#643 = LINE ( 'NONE', #2141, #752 ) ;
#644 = PLANE ( 'NONE',  #1100 ) ;
#645 = DIRECTION ( 'NONE',  ( 1.000000000000000000, 0.0000000000000000000, 0.0000000000000000000 ) ) ;
#646 = ORIENTED_EDGE ( 'NONE', *, *, #809, .T. ) ;
#647 = CARTESIAN_POINT ( 'NONE',  ( -0.4527559055118110520, 0.0000000000000000000, -0.1692913385826772255 ) ) ;
#648 = CARTESIAN_POINT ( 'NONE',  ( -0.5000000000000000000, 0.5000000000000000000, -1.179921259842519721 ) ) ;
#649 = CARTESIAN_POINT ( 'NONE',  ( -0.4527559055118110520, 0.4523622047244094668, 0.2000000000000000111 ) ) ;
#650 = DIRECTION ( 'NONE',  ( 0.0000000000000000000, 0.0000000000000000000, 1.000000000000000000 ) ) ;
#651 = FACE_OUTER_BOUND ( 'NONE', #1606, .T. ) ;
#652 = CARTESIAN_POINT ( 'NONE',  ( 0.4527559055118110520, 0.0000000000000000000, -0.5053149606299212060 ) ) ;
#653 = ADVANCED_FACE ( 'NONE', ( #2159 ), #1792, .T. ) ;
#654 = ORIENTED_EDGE ( 'NONE', *, *, #2352, .T. ) ;
#655 = CARTESIAN_POINT ( 'NONE',  ( 0.4527559055118111075, 0.5000000000000000000, -0.1692913385826771699 ) ) ;
#656 = DESIGN_CONTEXT ( 'detailed design', #2282, 'design' ) ;
#657 = VECTOR ( 'NONE', #573, 39.37007874015748143 ) ;
#658 = CARTESIAN_POINT ( 'NONE',  ( 0.4527559055118110520, 0.5000000000000000000, -1.179921259842519721 ) ) ;
#659 = DIRECTION ( 'NONE',  ( 0.0000000000000000000, 0.0000000000000000000, -1.000000000000000000 ) ) ;
#660 = ORIENTED_EDGE ( 'NONE', *, *, #2078, .F. ) ;
#661 = EDGE_CURVE ( 'NONE', #2102, #2294, #1773, .T. ) ;
#662 = DIRECTION ( 'NONE',  ( 0.0000000000000000000, 0.0000000000000000000, 1.000000000000000000 ) ) ;
#663 = LINE ( 'NONE', #1399, #2305 ) ;
#664 = FACE_OUTER_BOUND ( 'NONE', #436, .T. ) ;
#665 = VERTEX_POINT ( 'NONE', #1034 ) ;
#666 = CARTESIAN_POINT ( 'NONE',  ( -0.4527559055118111075, 0.0000000000000000000, -0.5053149606299212060 ) ) ;
#667 = EDGE_CURVE ( 'NONE', #353, #1839, #643, .T. ) ;
#668 = LINE ( 'NONE', #302, #1794 ) ;
#669 = EDGE_CURVE ( 'NONE', #753, #1515, #1012, .T. ) ;
#670 = LINE ( 'NONE', #474, #1797 ) ;
#671 = AXIS2_PLACEMENT_3D ( 'NONE', #1148, #1740, #630 ) ;
#672 = DIRECTION ( 'NONE',  ( 0.0000000000000000000, 0.0000000000000000000, -1.000000000000000000 ) ) ;
#673 = VECTOR ( 'NONE', #1723, 39.37007874015748143 ) ;
#674 = ORIENTED_EDGE ( 'NONE', *, *, #552, .F. ) ;
#675 = VECTOR ( 'NONE', #256, 39.37007874015748143 ) ;
#676 = DIRECTION ( 'NONE',  ( 0.0000000000000000000, 1.000000000000000000, 0.0000000000000000000 ) ) ;
#677 = CARTESIAN_POINT ( 'NONE',  ( 0.5000000000000000000, 0.5000000000000000000, -1.179921259842519721 ) ) ;
#678 = VECTOR ( 'NONE', #513, 39.37007874015748143 ) ;
#679 = DIRECTION ( 'NONE',  ( 0.0000000000000000000, 1.000000000000000000, 0.0000000000000000000 ) ) ;
#680 = ORIENTED_EDGE ( 'NONE', *, *, #2123, .F. ) ;
#681 = LINE ( 'NONE', #2158, #1970 ) ;
#682 = FACE_OUTER_BOUND ( 'NONE', #572, .T. ) ;
#683 = EDGE_CURVE ( 'NONE', #2047, #2014, #1912, .T. ) ;
#684 = LINE ( 'NONE', #2173, #255 ) ;
#685 = DIRECTION ( 'NONE',  ( 0.0000000000000000000, 0.0000000000000000000, 1.000000000000000000 ) ) ;
#686 = ORIENTED_EDGE ( 'NONE', *, *, #1959, .F. ) ;
#687 = LINE ( 'NONE', #167, #2372 ) ;
#688 = DIRECTION ( 'NONE',  ( -1.000000000000000000, -0.0000000000000000000, -1.445602896647337536E-15 ) ) ;
#689 = VERTEX_POINT ( 'NONE', #1764 ) ;
#690 = CARTESIAN_POINT ( 'NONE',  ( 0.5000000000000000000, 0.5000000000000000000, -1.179921259842519721 ) ) ;
#691 = CARTESIAN_POINT ( 'NONE',  ( 0.4527559055118111075, 0.0000000000000000000, -0.2526574803149605475 ) ) ;
#692 = VERTEX_POINT ( 'NONE', #108 ) ;
#693 = VECTOR ( 'NONE', #79, 39.37007874015748143 ) ;
#694 = DIRECTION ( 'NONE',  ( 0.0000000000000000000, 0.0000000000000000000, 1.000000000000000000 ) ) ;
#695 = LOCAL_TIME ( 17, 8, 57.00000000000000000, #1067 ) ;
#696 = PLANE ( 'NONE',  #1817 ) ;
#697 = EDGE_LOOP ( 'NONE', ( #780, #2250, #1951, #634 ) ) ;
#698 = DIRECTION ( 'NONE',  ( -0.0000000000000000000, -0.0000000000000000000, -1.000000000000000000 ) ) ;
#699 = ORIENTED_EDGE ( 'NONE', *, *, #1662, .T. ) ;
#700 = DIRECTION ( 'NONE',  ( 0.0000000000000000000, 1.000000000000000000, 0.0000000000000000000 ) ) ;
#701 = DIRECTION ( 'NONE',  ( -1.000000000000000000, -0.0000000000000000000, -0.0000000000000000000 ) ) ;
#702 = ORIENTED_EDGE ( 'NONE', *, *, #153, .T. ) ;
#703 = LINE ( 'NONE', #1201, #1533 ) ;
#704 =( CONVERSION_BASED_UNIT ( 'INCH', #165 ) LENGTH_UNIT ( ) NAMED_UNIT ( #1506 ) );
#705 = ORIENTED_EDGE ( 'NONE', *, *, #382, .F. ) ;
#707 = EDGE_CURVE ( 'NONE', #1971, #1684, #1002, .T. ) ;
#706 = FACE_OUTER_BOUND ( 'NONE', #1816, .T. ) ;
#708 = ORIENTED_EDGE ( 'NONE', *, *, #549, .T. ) ;
#709 = VECTOR ( 'NONE', #1542, 39.37007874015748143 ) ;
#710 = ORIENTED_EDGE ( 'NONE', *, *, #1284, .F. ) ;
#711 = DIRECTION ( 'NONE',  ( 0.0000000000000000000, 0.0000000000000000000, 1.000000000000000000 ) ) ;
#712 = AXIS2_PLACEMENT_3D ( 'NONE', #1611, #1215, #1925 ) ;
#713 = CARTESIAN_POINT ( 'NONE',  ( -0.5000000000000001110, 0.5000000000000000000, -1.010629921259842190 ) ) ;
#714 = EDGE_LOOP ( 'NONE', ( #1257, #547, #2357, #745 ) ) ;
#715 = AXIS2_PLACEMENT_3D ( 'NONE', #1103, #716, #1690 ) ;
#716 = DIRECTION ( 'NONE',  ( 0.0000000000000000000, 0.0000000000000000000, -1.000000000000000000 ) ) ;
#717 = COORDINATED_UNIVERSAL_TIME_OFFSET ( 0, 0, .AHEAD. ) ;
#718 = VERTEX_POINT ( 'NONE', #991 ) ;
#719 = DIRECTION ( 'NONE',  ( 0.0000000000000000000, 0.0000000000000000000, 1.000000000000000000 ) ) ;
#720 = ORIENTED_EDGE ( 'NONE', *, *, #2352, .F. ) ;
#721 = VERTEX_POINT ( 'NONE', #1961 ) ;
#722 = ORIENTED_EDGE ( 'NONE', *, *, #1631, .T. ) ;
#723 = DIRECTION ( 'NONE',  ( 0.0000000000000000000, 0.0000000000000000000, 1.000000000000000000 ) ) ;
#724 = ADVANCED_FACE ( 'NONE', ( #1368 ), #1731, .T. ) ;
#725 = FACE_OUTER_BOUND ( 'NONE', #1434, .T. ) ;
#726 = ORIENTED_EDGE ( 'NONE', *, *, #1223, .T. ) ;
#727 = FACE_OUTER_BOUND ( 'NONE', #2211, .T. ) ;
#728 = EDGE_CURVE ( 'NONE', #341, #1693, #840, .T. ) ;
#729 = VECTOR ( 'NONE', #992, 39.37007874015748143 ) ;
#730 = ORIENTED_EDGE ( 'NONE', *, *, #2381, .F. ) ;
#731 = CARTESIAN_POINT ( 'NONE',  ( -0.4527559055118111075, 0.0000000000000000000, -0.5053149606299212060 ) ) ;
#732 = AXIS2_PLACEMENT_3D ( 'NONE', #817, #1557, #659 ) ;
#733 = EDGE_CURVE ( 'NONE', #1971, #555, #480, .T. ) ;
#734 = ORIENTED_EDGE ( 'NONE', *, *, #2375, .T. ) ;
#735 = VERTEX_POINT ( 'NONE', #1946 ) ;
#736 = ORIENTED_EDGE ( 'NONE', *, *, #1056, .T. ) ;
#737 = DIRECTION ( 'NONE',  ( 0.0000000000000000000, -1.000000000000000000, 0.0000000000000000000 ) ) ;
#738 = FACE_OUTER_BOUND ( 'NONE', #2059, .T. ) ;
#739 = EDGE_CURVE ( 'NONE', #346, #35, #2320, .T. ) ;
#740 = EDGE_LOOP ( 'NONE', ( #1841, #930, #1267, #1316 ) ) ;
#741 = DIRECTION ( 'NONE',  ( 0.0000000000000000000, 0.0000000000000000000, -1.000000000000000000 ) ) ;
#742 = EDGE_CURVE ( 'NONE', #509, #2023, #96, .T. ) ;
#743 = COORDINATED_UNIVERSAL_TIME_OFFSET ( 0, 0, .AHEAD. ) ;
#744 = DIRECTION ( 'NONE',  ( 0.0000000000000000000, 1.000000000000000000, 0.0000000000000000000 ) ) ;
#745 = ORIENTED_EDGE ( 'NONE', *, *, #920, .F. ) ;
#746 = DIRECTION ( 'NONE',  ( 0.0000000000000000000, 0.0000000000000000000, 1.000000000000000000 ) ) ;
#747 = EDGE_LOOP ( 'NONE', ( #1717, #1666, #2010, #453 ) ) ;
#748 = ORIENTED_EDGE ( 'NONE', *, *, #707, .F. ) ;
#749 = CARTESIAN_POINT ( 'NONE',  ( -0.4527559055118111631, 0.0000000000000000000, -0.9272637795275591177 ) ) ;
#750 = AXIS2_PLACEMENT_3D ( 'NONE', #76, #1572, #1370 ) ;
#751 = DIRECTION ( 'NONE',  ( -1.000000000000000000, 0.0000000000000000000, 0.0000000000000000000 ) ) ;
#752 = VECTOR ( 'NONE', #295, 39.37007874015748143 ) ;
#753 = VERTEX_POINT ( 'NONE', #619 ) ;
#754 = DIRECTION ( 'NONE',  ( -1.000000000000000000, 0.0000000000000000000, 0.0000000000000000000 ) ) ;
#755 = AXIS2_PLACEMENT_3D ( 'NONE', #563, #2184, #741 ) ;
#756 = EDGE_CURVE ( 'NONE', #689, #1140, #1358, .T. ) ;
#757 = LINE ( 'NONE', #1144, #2225 ) ;
#758 = ORIENTED_EDGE ( 'NONE', *, *, #844, .F. ) ;
#759 = EDGE_LOOP ( 'NONE', ( #654, #1488, #852, #1670 ) ) ;
#760 = CARTESIAN_POINT ( 'NONE',  ( -0.5000000000000000000, 0.04724409448818897572, -0.5053149606299212060 ) ) ;
#761 = VERTEX_POINT ( 'NONE', #449 ) ;
#762 = CARTESIAN_POINT ( 'NONE',  ( -0.5000000000000000000, 0.5000000000000000000, -0.5053149606299212060 ) ) ;
#763 = PLANE ( 'NONE',  #1136 ) ;
#764 = ORIENTED_EDGE ( 'NONE', *, *, #1950, .F. ) ;
#765 = DIRECTION ( 'NONE',  ( -1.000000000000000000, 0.0000000000000000000, 0.0000000000000000000 ) ) ;
#766 = CARTESIAN_POINT ( 'NONE',  ( 0.5000000000000001110, 0.5000000000000000000, -0.4219488188976378007 ) ) ;
#767 = EDGE_LOOP ( 'NONE', ( #2380, #1746, #267, #123 ) ) ;
#768 = FACE_OUTER_BOUND ( 'NONE', #2269, .T. ) ;
#769 = ORIENTED_EDGE ( 'NONE', *, *, #93, .F. ) ;
#770 = VERTEX_POINT ( 'NONE', #481 ) ;
#771 = VECTOR ( 'NONE', #233, 39.37007874015748143 ) ;
#772 = ADVANCED_FACE ( 'NONE', ( #807 ), #2098, .T. ) ;
#773 = DIRECTION ( 'NONE',  ( 0.0000000000000000000, 0.0000000000000000000, -1.000000000000000000 ) ) ;
#774 = DIRECTION ( 'NONE',  ( 1.000000000000000000, 0.0000000000000000000, -1.445602896647337142E-15 ) ) ;
#775 = ORIENTED_EDGE ( 'NONE', *, *, #1405, .T. ) ;
#776 = DIRECTION ( 'NONE',  ( -0.0000000000000000000, -0.0000000000000000000, -1.000000000000000000 ) ) ;
#777 = DIRECTION ( 'NONE',  ( -1.000000000000000000, 0.0000000000000000000, 0.0000000000000000000 ) ) ;
#778 = ORIENTED_EDGE ( 'NONE', *, *, #904, .F. ) ;
#779 = DIRECTION ( 'NONE',  ( -1.000000000000000000, -0.0000000000000000000, -0.0000000000000000000 ) ) ;
#780 = ORIENTED_EDGE ( 'NONE', *, *, #855, .F. ) ;
#781 = DIRECTION ( 'NONE',  ( 0.0000000000000000000, 0.0000000000000000000, 1.000000000000000000 ) ) ;
#782 = EDGE_CURVE ( 'NONE', #176, #2069, #1379, .T. ) ;
#783 = CARTESIAN_POINT ( 'NONE',  ( -0.4527559055118110520, 0.5000000000000000000, -1.179921259842519721 ) ) ;
#784 = CARTESIAN_POINT ( 'NONE',  ( -0.4527559055118111075, 0.04724409448818897572, -0.6746062992125982927 ) ) ;
#785 = AXIS2_PLACEMENT_3D ( 'NONE', #1718, #84, #1343 ) ;
#786 = ORIENTED_EDGE ( 'NONE', *, *, #932, .T. ) ;
#787 = DIRECTION ( 'NONE',  ( 0.0000000000000000000, -1.000000000000000000, 0.0000000000000000000 ) ) ;
#788 = AXIS2_PLACEMENT_3D ( 'NONE', #2322, #1036, #856 ) ;
#789 = CIRCLE ( 'NONE', #216, 0.07500000000000002498 ) ;
#790 = VECTOR ( 'NONE', #213, 39.37007874015748143 ) ;
#791 = LINE ( 'NONE', #1737, #1020 ) ;
#792 = ORIENTED_EDGE ( 'NONE', *, *, #669, .T. ) ;
#793 = CARTESIAN_POINT ( 'NONE',  ( -0.5000000000000000000, 0.0000000000000000000, 0.0000000000000000000 ) ) ;
#794 = VERTEX_POINT ( 'NONE', #2120 ) ;
#795 = LINE ( 'NONE', #254, #1131 ) ;
#796 = DIRECTION ( 'NONE',  ( 2.891205793294687300E-15, 0.0000000000000000000, 1.000000000000000000 ) ) ;
#797 = DIRECTION ( 'NONE',  ( 1.445602896647337339E-15, 0.0000000000000000000, -1.000000000000000000 ) ) ;
#798 = DIRECTION ( 'NONE',  ( 0.0000000000000000000, 0.0000000000000000000, 1.000000000000000000 ) ) ;
#799 = ORIENTED_EDGE ( 'NONE', *, *, #1744, .F. ) ;
#800 = FACE_OUTER_BOUND ( 'NONE', #1301, .T. ) ;
#801 = ADVANCED_FACE ( 'NONE', ( #2291 ), #2130, .F. ) ;
#802 = EDGE_CURVE ( 'NONE', #934, #1329, #1570, .T. ) ;
#803 = FACE_OUTER_BOUND ( 'NONE', #1939, .T. ) ;
#804 = EDGE_CURVE ( 'NONE', #965, #1659, #945, .T. ) ;
#805 = CARTESIAN_POINT ( 'NONE',  ( 0.4527559055118110520, 0.5000000000000000000, -1.179921259842519721 ) ) ;
#806 = CARTESIAN_POINT ( 'NONE',  ( 0.4527559055118110520, 0.0000000000000000000, -1.179921259842519721 ) ) ;
#807 = FACE_OUTER_BOUND ( 'NONE', #1303, .T. ) ;
#808 = LINE ( 'NONE', #980, #771 ) ;
#809 = EDGE_CURVE ( 'NONE', #718, #1297, #2354, .T. ) ;
#810 = VECTOR ( 'NONE', #1099, 39.37007874015748143 ) ;
#811 = PLANE ( 'NONE',  #985 ) ;
#812 = ORIENTED_EDGE ( 'NONE', *, *, #2350, .T. ) ;
#813 = VECTOR ( 'NONE', #117, 39.37007874015748143 ) ;
#814 = CARTESIAN_POINT ( 'NONE',  ( -0.4527559055118111075, 0.0000000000000000000, -0.4219488188976378007 ) ) ;
#815 = EDGE_CURVE ( 'NONE', #129, #2201, #156, .T. ) ;
#816 = PLANE ( 'NONE',  #2035 ) ;
#817 = CARTESIAN_POINT ( 'NONE',  ( -0.4527559055118110520, 0.4523622047244094668, 0.2000000000000000111 ) ) ;
#818 = DIRECTION ( 'NONE',  ( 0.0000000000000000000, 1.000000000000000000, 0.0000000000000000000 ) ) ;
#819 = DIRECTION ( 'NONE',  ( -1.000000000000000000, -0.0000000000000000000, -0.0000000000000000000 ) ) ;
#820 = CARTESIAN_POINT ( 'NONE',  ( -2.082863847368726172E-17, 0.04724409448818897572, -0.6250000000000000000 ) ) ;
#821 = DIRECTION ( 'NONE',  ( 0.0000000000000000000, 0.0000000000000000000, 1.000000000000000000 ) ) ;
#822 = ORIENTED_EDGE ( 'NONE', *, *, #849, .T. ) ;
#823 = CARTESIAN_POINT ( 'NONE',  ( -0.4527559055118111631, 0.0000000000000000000, -0.9272637795275591177 ) ) ;
#824 = AXIS2_PLACEMENT_3D ( 'NONE', #1750, #1367, #273 ) ;
#825 = CIRCLE ( 'NONE', #19, 0.04724409448818896184 ) ;
#826 = VECTOR ( 'NONE', #85, 39.37007874015748143 ) ;
#827 = DIRECTION ( 'NONE',  ( 1.000000000000000000, 0.0000000000000000000, 0.0000000000000000000 ) ) ;
#828 = ADVANCED_FACE ( 'NONE', ( #1412 ), #1607, .T. ) ;
#829 = DIRECTION ( 'NONE',  ( 0.0000000000000000000, -1.000000000000000000, 0.0000000000000000000 ) ) ;
#830 = VECTOR ( 'NONE', #342, 39.37007874015748143 ) ;
#831 = DIRECTION ( 'NONE',  ( 1.000000000000000000, 0.0000000000000000000, -1.445602896647337142E-15 ) ) ;
#832 = CARTESIAN_POINT ( 'NONE',  ( 0.4527559055118110520, 0.04724409448818896184, -1.010629921259842412 ) ) ;
#833 = PLANE ( 'NONE',  #1209 ) ;
#834 = ORIENTED_EDGE ( 'NONE', *, *, #1719, .F. ) ;
#835 = CARTESIAN_POINT ( 'NONE',  ( 0.4527559055118110520, 0.04724409448818897572, -1.179921259842519721 ) ) ;
#836 = DIRECTION ( 'NONE',  ( 0.0000000000000000000, 1.000000000000000000, 0.0000000000000000000 ) ) ;
#837 = ADVANCED_FACE ( 'NONE', ( #706 ), #1450, .F. ) ;
#838 = CARTESIAN_POINT ( 'NONE',  ( 0.4527559055118110520, 0.0000000000000000000, -0.9272637795275591177 ) ) ;
#839 = ORIENTED_EDGE ( 'NONE', *, *, #603, .T. ) ;
#841 = EDGE_CURVE ( 'NONE', #1472, #1617, #687, .T. ) ;
#840 = LINE ( 'NONE', #2110, #826 ) ;
#842 = CARTESIAN_POINT ( 'NONE',  ( 0.4527559055118110520, 0.04724409448818896184, -1.010629921259842412 ) ) ;
#843 = CARTESIAN_POINT ( 'NONE',  ( -2.082863847368726172E-17, -8.537024980200822558E-18, -0.7000000000000000666 ) ) ;
#844 = EDGE_CURVE ( 'NONE', #1322, #14, #853, .T. ) ;
#845 = EDGE_LOOP ( 'NONE', ( #2197, #909, #2060, #799, #593 ) ) ;
#846 = DIRECTION ( 'NONE',  ( 1.000000000000000000, 0.0000000000000000000, 0.0000000000000000000 ) ) ;
#847 = VECTOR ( 'NONE', #339, 39.37007874015748143 ) ;
#848 = DIRECTION ( 'NONE',  ( -1.000000000000000000, 0.0000000000000000000, 0.0000000000000000000 ) ) ;
#849 = EDGE_CURVE ( 'NONE', #1617, #1113, #898, .T. ) ;
#850 = DIRECTION ( 'NONE',  ( 0.0000000000000000000, 1.000000000000000000, 0.0000000000000000000 ) ) ;
#851 = DIRECTION ( 'NONE',  ( 0.0000000000000000000, 1.000000000000000000, 0.0000000000000000000 ) ) ;
#852 = ORIENTED_EDGE ( 'NONE', *, *, #878, .F. ) ;
#853 = LINE ( 'NONE', #1592, #1332 ) ;
#854 = FACE_OUTER_BOUND ( 'NONE', #922, .T. ) ;
#855 = EDGE_CURVE ( 'NONE', #692, #2069, #2165, .T. ) ;
#856 = DIRECTION ( 'NONE',  ( 0.0000000000000000000, 0.0000000000000000000, -1.000000000000000000 ) ) ;
#857 = VERTEX_POINT ( 'NONE', #539 ) ;
#858 = CARTESIAN_POINT ( 'NONE',  ( -0.4527559055118111075, 0.0000000000000000000, -0.5053149606299212060 ) ) ;
#859 = LINE ( 'NONE', #1456, #365 ) ;
#860 = FACE_BOUND ( 'NONE', #1203, .T. ) ;
#861 = LINE ( 'NONE', #1605, #158 ) ;
#862 = VECTOR ( 'NONE', #1001, 39.37007874015748143 ) ;
#863 = ORIENTED_EDGE ( 'NONE', *, *, #2028, .F. ) ;
#864 = AXIS2_PLACEMENT_3D ( 'NONE', #2020, #146, #358 ) ;
#865 = DIRECTION ( 'NONE',  ( 0.0000000000000000000, 0.0000000000000000000, 1.000000000000000000 ) ) ;
#866 = CYLINDRICAL_SURFACE ( 'NONE', #101, 0.04724409448818896184 ) ;
#867 = VECTOR ( 'NONE', #947, 39.37007874015748143 ) ;
#868 = CARTESIAN_POINT ( 'NONE',  ( -0.4527559055118111631, 0.04724409448818897572, -0.9272637795275591177 ) ) ;
#869 = ORIENTED_EDGE ( 'NONE', *, *, #2001, .T. ) ;
#870 = CARTESIAN_POINT ( 'NONE',  ( 0.4527559055118110520, 0.4523622047244096334, 0.2000000000000000111 ) ) ;
#871 = PLANE ( 'NONE',  #2144 ) ;
#872 = ORIENTED_EDGE ( 'NONE', *, *, #2150, .F. ) ;
#873 = DIRECTION ( 'NONE',  ( 0.0000000000000000000, -1.000000000000000000, 0.0000000000000000000 ) ) ;
#874 = EDGE_CURVE ( 'NONE', #1397, #512, #1800, .T. ) ;
#875 = CARTESIAN_POINT ( 'NONE',  ( 0.4527559055118110520, 0.4523622047244096334, 0.2000000000000000111 ) ) ;
#876 = ORIENTED_EDGE ( 'NONE', *, *, #1009, .F. ) ;
#877 = DIRECTION ( 'NONE',  ( 0.0000000000000000000, 1.000000000000000000, 0.0000000000000000000 ) ) ;
#878 = EDGE_CURVE ( 'NONE', #1824, #1065, #1044, .T. ) ;
#879 = EDGE_LOOP ( 'NONE', ( #2034, #581, #2, #1644 ) ) ;
#880 = LINE ( 'NONE', #1492, #810 ) ;
#881 = DIRECTION ( 'NONE',  ( -1.000000000000000000, 0.0000000000000000000, 0.0000000000000000000 ) ) ;
#882 = ORIENTED_EDGE ( 'NONE', *, *, #2192, .F. ) ;
#883 = VECTOR ( 'NONE', #1177, 39.37007874015748143 ) ;
#884 = PLANE ( 'NONE',  #1881 ) ;
#885 = ADVANCED_FACE ( 'NONE', ( #1786 ), #1261, .T. ) ;
#886 = CIRCLE ( 'NONE', #1510, 0.04724409448818896184 ) ;
#887 =( GEOMETRIC_REPRESENTATION_CONTEXT ( 3 ) GLOBAL_UNCERTAINTY_ASSIGNED_CONTEXT ( ( #1575 ) ) GLOBAL_UNIT_ASSIGNED_CONTEXT ( ( #704, #2224, #912 ) ) REPRESENTATION_CONTEXT ( 'NONE', 'WORKASPACE' ) );
#888 = SECURITY_CLASSIFICATION_LEVEL ( 'unclassified' ) ;
#889 = ORIENTED_EDGE ( 'NONE', *, *, #2337, .F. ) ;
#890 = CARTESIAN_POINT ( 'NONE',  ( -0.5000000000000000000, 0.5000000000000000000, -1.179921259842519721 ) ) ;
#891 = ORIENTED_EDGE ( 'NONE', *, *, #2296, .T. ) ;
#892 = LINE ( 'NONE', #2368, #1313 ) ;
#893 = CARTESIAN_POINT ( 'NONE',  ( 0.5000000000000000000, 0.3500000000000000333, 0.2000000000000000111 ) ) ;
#894 = ORIENTED_EDGE ( 'NONE', *, *, #979, .T. ) ;
#895 = DIRECTION ( 'NONE',  ( 0.0000000000000000000, 1.000000000000000000, 0.0000000000000000000 ) ) ;
#896 = PERSON_AND_ORGANIZATION_ROLE ( 'classification_officer' ) ;
#897 = EDGE_LOOP ( 'NONE', ( #515, #24, #710, #2363 ) ) ;
#898 = LINE ( 'NONE', #890, #1722 ) ;
#899 = CIRCLE ( 'NONE', #2067, 0.04724409448818896184 ) ;
#900 = EDGE_CURVE ( 'NONE', #1242, #1393, #2378, .T. ) ;
#901 = LINE ( 'NONE', #594, #361 ) ;
#902 = VERTEX_POINT ( 'NONE', #1642 ) ;
#903 = VECTOR ( 'NONE', #331, 39.37007874015748143 ) ;
#904 = EDGE_CURVE ( 'NONE', #353, #190, #1275, .T. ) ;
#905 = VERTEX_POINT ( 'NONE', #323 ) ;
#906 = CARTESIAN_POINT ( 'NONE',  ( 0.4527559055118110520, 0.0000000000000000000, -0.6746062992125985147 ) ) ;
#907 = VECTOR ( 'NONE', #381, 39.37007874015748143 ) ;
#908 = CARTESIAN_POINT ( 'NONE',  ( -0.4527559055118110520, 0.04724409448818897572, -0.5053149606299210950 ) ) ;
#909 = ORIENTED_EDGE ( 'NONE', *, *, #1009, .T. ) ;
#910 = CARTESIAN_POINT ( 'NONE',  ( -0.5000000000000000000, 0.4523622047244094668, 0.2000000000000000111 ) ) ;
#911 = EDGE_CURVE ( 'NONE', #1680, #1023, #1211, .T. ) ;
#912 =( NAMED_UNIT ( * ) SI_UNIT ( $, .STERADIAN. ) SOLID_ANGLE_UNIT ( ) );
#913 = EDGE_LOOP ( 'NONE', ( #1119, #2189, #1326, #1426 ) ) ;
#914 = CARTESIAN_POINT ( 'NONE',  ( -0.4527559055118111075, 0.0000000000000000000, -0.6746062992125982927 ) ) ;
#915 = CARTESIAN_POINT ( 'NONE',  ( -0.4527559055118111075, 0.04724409448818897572, -0.7579724409448818090 ) ) ;
#916 = ORIENTED_EDGE ( 'NONE', *, *, #1081, .T. ) ;
#917 = EDGE_CURVE ( 'NONE', #1823, #1996, #1618, .T. ) ;
#918 = ORIENTED_EDGE ( 'NONE', *, *, #1922, .F. ) ;
#919 = CARTESIAN_POINT ( 'NONE',  ( -0.4527559055118111075, 0.0000000000000000000, -0.6746062992125982927 ) ) ;
#920 = EDGE_CURVE ( 'NONE', #478, #1527, #1092, .T. ) ;
#921 = PLANE ( 'NONE',  #1681 ) ;
#922 = EDGE_LOOP ( 'NONE', ( #2392, #1080, #1102, #680 ) ) ;
#923 = CARTESIAN_POINT ( 'NONE',  ( 0.5000000000000001110, 0.5000000000000000000, -0.2526574803149605475 ) ) ;
#924 = MECHANICAL_CONTEXT ( 'NONE', #1956, 'mechanical' ) ;
#925 = VECTOR ( 'NONE', #1265, 39.37007874015748143 ) ;
#926 = PLANE ( 'NONE',  #638 ) ;
#927 = AXIS2_PLACEMENT_3D ( 'NONE', #1285, #550, #369 ) ;
#928 = VERTEX_POINT ( 'NONE', #494 ) ;
#929 = ORIENTED_EDGE ( 'NONE', *, *, #1089, .F. ) ;
#930 = ORIENTED_EDGE ( 'NONE', *, *, #1691, .F. ) ;
#931 = CARTESIAN_POINT ( 'NONE',  ( 0.4527559055118110520, 0.5000000000000000000, -0.4219488188976377452 ) ) ;
#932 = EDGE_CURVE ( 'NONE', #376, #1214, #789, .T. ) ;
#933 = CARTESIAN_POINT ( 'NONE',  ( 0.5000000000000000000, 0.4523622047244096334, 0.2000000000000000111 ) ) ;
#934 = VERTEX_POINT ( 'NONE', #1435 ) ;
#935 = CARTESIAN_POINT ( 'NONE',  ( -0.4527559055118111075, 0.0000000000000000000, -0.6746062992125982927 ) ) ;
#936 = DIRECTION ( 'NONE',  ( 0.0000000000000000000, 0.0000000000000000000, -1.000000000000000000 ) ) ;
#937 = ORIENTED_EDGE ( 'NONE', *, *, #583, .T. ) ;
#938 = ORIENTED_EDGE ( 'NONE', *, *, #982, .T. ) ;
#939 = ORIENTED_EDGE ( 'NONE', *, *, #2106, .T. ) ;
#940 = ORIENTED_EDGE ( 'NONE', *, *, #1305, .T. ) ;
#941 = VECTOR ( 'NONE', #541, 39.37007874015748143 ) ;
#942 = FACE_OUTER_BOUND ( 'NONE', #524, .T. ) ;
#943 = VECTOR ( 'NONE', #1673, 39.37007874015748143 ) ;
#944 = PLANE ( 'NONE',  #95 ) ;
#945 = CIRCLE ( 'NONE', #1138, 0.04724409448818896184 ) ;
#946 = ORIENTED_EDGE ( 'NONE', *, *, #979, .F. ) ;
#947 = DIRECTION ( 'NONE',  ( 0.0000000000000000000, 1.000000000000000000, 0.0000000000000000000 ) ) ;
#948 = VECTOR ( 'NONE', #1195, 39.37007874015748143 ) ;
#949 = ADVANCED_FACE ( 'NONE', ( #961 ), #2236, .F. ) ;
#950 = DIRECTION ( 'NONE',  ( 0.0000000000000000000, 1.000000000000000000, 0.0000000000000000000 ) ) ;
#951 = ORIENTED_EDGE ( 'NONE', *, *, #2339, .F. ) ;
#952 = CARTESIAN_POINT ( 'NONE',  ( 0.4527559055118110520, 0.5000000000000000000, -1.179921259842519721 ) ) ;
#953 = ORIENTED_EDGE ( 'NONE', *, *, #1049, .F. ) ;
#954 = ORIENTED_EDGE ( 'NONE', *, *, #1968, .F. ) ;
#955 = CARTESIAN_POINT ( 'NONE',  ( 0.4527559055118110520, 0.04724409448818896184, -1.179921259842519721 ) ) ;
#956 = CARTESIAN_POINT ( 'NONE',  ( 0.5000000000000000000, 0.4523622047244096334, 0.0000000000000000000 ) ) ;
#957 = CC_DESIGN_PERSON_AND_ORGANIZATION_ASSIGNMENT ( #1664, #9, ( #2212 ) ) ;
#958 = ORIENTED_EDGE ( 'NONE', *, *, #1390, .T. ) ;
#959 = CARTESIAN_POINT ( 'NONE',  ( -0.5000000000000000000, 0.5000000000000000000, 0.0000000000000000000 ) ) ;
#960 = ADVANCED_FACE ( 'NONE', ( #1665 ), #1484, .F. ) ;
#961 = FACE_OUTER_BOUND ( 'NONE', #1253, .T. ) ;
#962 = ORIENTED_EDGE ( 'NONE', *, *, #66, .F. ) ;
#963 = VECTOR ( 'NONE', #1521, 39.37007874015748143 ) ;
#964 = DIRECTION ( 'NONE',  ( -1.000000000000000000, 0.0000000000000000000, 0.0000000000000000000 ) ) ;
#965 = VERTEX_POINT ( 'NONE', #553 ) ;
#966 = CARTESIAN_POINT ( 'NONE',  ( 0.5000000000000000000, 0.5000000000000000000, -1.179921259842519721 ) ) ;
#967 = VECTOR ( 'NONE', #773, 39.37007874015748143 ) ;
#968 = CARTESIAN_POINT ( 'NONE',  ( 0.4527559055118110520, 0.0000000000000000000, -1.179921259842519721 ) ) ;
#969 = CARTESIAN_POINT ( 'NONE',  ( 0.4527559055118110520, 0.5000000000000000000, -1.179921259842519721 ) ) ;
#970 = ORIENTED_EDGE ( 'NONE', *, *, #28, .F. ) ;
#971 = PLANE ( 'NONE',  #154 ) ;
#972 = MANIFOLD_SOLID_BREP ( 'Base-Flange4', #170 ) ;
#973 = CALENDAR_DATE ( 2019, 25, 10 ) ;
#974 = FACE_OUTER_BOUND ( 'NONE', #740, .T. ) ;
#975 = ORIENTED_EDGE ( 'NONE', *, *, #131, .T. ) ;
#976 = DIRECTION ( 'NONE',  ( 0.0000000000000000000, 1.000000000000000000, 0.0000000000000000000 ) ) ;
#977 = ORIENTED_EDGE ( 'NONE', *, *, #900, .F. ) ;
#978 = DIRECTION ( 'NONE',  ( 0.0000000000000000000, 0.0000000000000000000, 1.000000000000000000 ) ) ;
#979 = EDGE_CURVE ( 'NONE', #35, #2371, #2036, .T. ) ;
#980 = CARTESIAN_POINT ( 'NONE',  ( 0.4527559055118110520, 0.04724409448818897572, -1.179921259842519721 ) ) ;
#981 = DIRECTION ( 'NONE',  ( 1.000000000000000000, 0.0000000000000000000, 0.0000000000000000000 ) ) ;
#982 = EDGE_CURVE ( 'NONE', #608, #129, #1128, .T. ) ;
#983 = EDGE_LOOP ( 'NONE', ( #386, #219, #370, #357, #1695, #229, #1689, #2029, #551, #1609, #722, #241, #1801, #542, #1496, #1652, #686, #1401, #1176, #646 ) ) ;
#984 = CARTESIAN_POINT ( 'NONE',  ( -0.5000000000000000000, 0.04724409448818897572, -1.179921259842519721 ) ) ;
#985 = AXIS2_PLACEMENT_3D ( 'NONE', #652, #1938, #821 ) ;
#986 = VECTOR ( 'NONE', #1069, 39.37007874015748143 ) ;
#987 = LINE ( 'NONE', #1728, #1409 ) ;
#988 = EDGE_CURVE ( 'NONE', #45, #47, #1300, .T. ) ;
#989 = FACE_OUTER_BOUND ( 'NONE', #2187, .T. ) ;
#990 = DIRECTION ( 'NONE',  ( 0.0000000000000000000, 0.0000000000000000000, 1.000000000000000000 ) ) ;
#991 = CARTESIAN_POINT ( 'NONE',  ( -0.4527559055118110520, 0.04724409448818897572, -0.1692913385826772255 ) ) ;
#992 = DIRECTION ( 'NONE',  ( 1.000000000000000000, 0.0000000000000000000, 0.0000000000000000000 ) ) ;
#993 = EDGE_CURVE ( 'NONE', #1823, #1704, #1863, .T. ) ;
#994 = FACE_OUTER_BOUND ( 'NONE', #1999, .T. ) ;
#995 = ORIENTED_EDGE ( 'NONE', *, *, #2033, .T. ) ;
#996 = CARTESIAN_POINT ( 'NONE',  ( -0.5000000000000000000, 0.5000000000000000000, -1.179921259842519721 ) ) ;
#997 = EDGE_CURVE ( 'NONE', #1682, #1297, #191, .T. ) ;
#998 = DIRECTION ( 'NONE',  ( 0.0000000000000000000, 0.0000000000000000000, -1.000000000000000000 ) ) ;
#999 = FACE_OUTER_BOUND ( 'NONE', #624, .T. ) ;
#1000 = MANIFOLD_SOLID_BREP ( 'Base-Flange3', #1286 ) ;
#1001 = DIRECTION ( 'NONE',  ( 0.0000000000000000000, 0.0000000000000000000, 1.000000000000000000 ) ) ;
#1002 = LINE ( 'NONE', #1579, #329 ) ;
#1003 = CARTESIAN_POINT ( 'NONE',  ( 0.4527559055118112186, 0.0000000000000000000, -0.6746062992125982927 ) ) ;
#1004 = AXIS2_PLACEMENT_3D ( 'NONE', #2041, #1854, #1826 ) ;
#1005 = DIRECTION ( 'NONE',  ( 0.0000000000000000000, 1.000000000000000000, 0.0000000000000000000 ) ) ;
#1006 = VERTEX_POINT ( 'NONE', #397 ) ;
#1007 = VECTOR ( 'NONE', #2351, 39.37007874015748143 ) ;
#1008 = CARTESIAN_POINT ( 'NONE',  ( 0.4527559055118110520, 0.5000000000000000000, 0.0000000000000000000 ) ) ;
#1009 = EDGE_CURVE ( 'NONE', #1902, #1147, #1873, .T. ) ;
#1010 = DIRECTION ( 'NONE',  ( 2.891205793294687300E-15, 0.0000000000000000000, -1.000000000000000000 ) ) ;
#1011 = CARTESIAN_POINT ( 'NONE',  ( 0.4527559055118110520, 0.04724409448818896184, -0.4219488188976377452 ) ) ;
#1012 = LINE ( 'NONE', #1025, #675 ) ;
#1013 = DIRECTION ( 'NONE',  ( -1.000000000000000000, -0.0000000000000000000, -2.891205793294687694E-15 ) ) ;
#1014 = CARTESIAN_POINT ( 'NONE',  ( 0.5000000000000001110, 0.5000000000000000000, -0.6746062992125985147 ) ) ;
#1015 = ADVANCED_FACE ( 'NONE', ( #1836 ), #384, .F. ) ;
#1016 = ORIENTED_EDGE ( 'NONE', *, *, #1719, .T. ) ;
#1017 = CARTESIAN_POINT ( 'NONE',  ( -0.4527559055118110520, 0.3499999999999999778, 0.2000000000000000111 ) ) ;
#1018 = CARTESIAN_POINT ( 'NONE',  ( 0.4527559055118110520, 0.0000000000000000000, -0.5053149606299212060 ) ) ;
#1019 = VECTOR ( 'NONE', #1225, 39.37007874015748143 ) ;
#1020 = VECTOR ( 'NONE', #1899, 39.37007874015748143 ) ;
#1021 = CARTESIAN_POINT ( 'NONE',  ( -0.4527559055118110520, 0.0000000000000000000, 0.0000000000000000000 ) ) ;
#1022 = EDGE_CURVE ( 'NONE', #27, #735, #1106, .T. ) ;
#1023 = VERTEX_POINT ( 'NONE', #423 ) ;
#1024 = AXIS2_PLACEMENT_3D ( 'NONE', #1419, #836, #2361 ) ;
#1025 = CARTESIAN_POINT ( 'NONE',  ( 0.4527559055118110520, 0.4523622047244096334, 0.2000000000000000111 ) ) ;
#1026 = LINE ( 'NONE', #677, #2115 ) ;
#1027 = FACE_OUTER_BOUND ( 'NONE', #1725, .T. ) ;
#1028 = ORIENTED_EDGE ( 'NONE', *, *, #982, .F. ) ;
#1029 = DIRECTION ( 'NONE',  ( 0.0000000000000000000, 1.000000000000000000, 0.0000000000000000000 ) ) ;
#1030 = CARTESIAN_POINT ( 'NONE',  ( -0.5000000000000000000, 0.4523622047244094668, 0.0000000000000000000 ) ) ;
#1031 = ADVANCED_FACE ( 'NONE', ( #2390 ), #926, .F. ) ;
#1032 = LINE ( 'NONE', #1958, #585 ) ;
#1033 = ORIENTED_EDGE ( 'NONE', *, *, #389, .T. ) ;
#1034 = CARTESIAN_POINT ( 'NONE',  ( 0.4527559055118111075, 0.04724409448818896184, -0.1692913385826771699 ) ) ;
#1035 = DIRECTION ( 'NONE',  ( 0.0000000000000000000, 0.0000000000000000000, 1.000000000000000000 ) ) ;
#1036 = DIRECTION ( 'NONE',  ( 1.000000000000000000, 0.0000000000000000000, 0.0000000000000000000 ) ) ;
#1037 = ORIENTED_EDGE ( 'NONE', *, *, #372, .T. ) ;
#1038 = LINE ( 'NONE', #690, #269 ) ;
#1039 = VECTOR ( 'NONE', #1891, 39.37007874015748143 ) ;
#1040 = CARTESIAN_POINT ( 'NONE',  ( -0.4527559055118110520, 0.3499999999999999778, 0.0000000000000000000 ) ) ;
#1041 = LINE ( 'NONE', #151, #1567 ) ;
#1042 = PLANE ( 'NONE',  #1118 ) ;
#1043 = VERTEX_POINT ( 'NONE', #766 ) ;
#1044 = LINE ( 'NONE', #2188, #20 ) ;
#1045 = LINE ( 'NONE', #1003, #1687 ) ;
#1046 = FACE_OUTER_BOUND ( 'NONE', #1874, .T. ) ;
#1047 = ORIENTED_EDGE ( 'NONE', *, *, #1153, .T. ) ;
#1048 = DIRECTION ( 'NONE',  ( 0.0000000000000000000, 0.0000000000000000000, 1.000000000000000000 ) ) ;
#1049 = EDGE_CURVE ( 'NONE', #362, #2314, #561, .T. ) ;
#1050 = CARTESIAN_POINT ( 'NONE',  ( -0.5000000000000000000, 0.04724409448818897572, -1.179921259842519721 ) ) ;
#1051 = VERTEX_POINT ( 'NONE', #181 ) ;
#1052 = FACE_OUTER_BOUND ( 'NONE', #2009, .T. ) ;
#1053 = PLANE ( 'NONE',  #392 ) ;
#1054 = VECTOR ( 'NONE', #818, 39.37007874015748143 ) ;
#1055 = VERTEX_POINT ( 'NONE', #914 ) ;
#1056 = EDGE_CURVE ( 'NONE', #1659, #1996, #757, .T. ) ;
#1057 = EDGE_CURVE ( 'NONE', #1825, #2348, #1651, .T. ) ;
#1058 = VECTOR ( 'NONE', #1547, 39.37007874015748143 ) ;
#1059 = DIRECTION ( 'NONE',  ( 1.000000000000000000, 0.0000000000000000000, 0.0000000000000000000 ) ) ;
#1060 = DIRECTION ( 'NONE',  ( 1.000000000000000000, 0.0000000000000000000, 0.0000000000000000000 ) ) ;
#1061 = AXIS2_PLACEMENT_3D ( 'NONE', #910, #89, #69 ) ;
#1062 = ORIENTED_EDGE ( 'NONE', *, *, #2095, .F. ) ;
#1063 = DIRECTION ( 'NONE',  ( 0.0000000000000000000, 1.000000000000000000, 0.0000000000000000000 ) ) ;
#1064 = DIRECTION ( 'NONE',  ( 0.0000000000000000000, 0.0000000000000000000, 1.000000000000000000 ) ) ;
#1065 = VERTEX_POINT ( 'NONE', #2214 ) ;
#1066 = CARTESIAN_POINT ( 'NONE',  ( -0.5000000000000000000, 0.3499999999999999778, 0.2000000000000000111 ) ) ;
#1067 = COORDINATED_UNIVERSAL_TIME_OFFSET ( 0, 0, .AHEAD. ) ;
#1068 = ORIENTED_EDGE ( 'NONE', *, *, #1022, .T. ) ;
#1069 = DIRECTION ( 'NONE',  ( 0.0000000000000000000, 1.000000000000000000, 0.0000000000000000000 ) ) ;
#1070 = ORIENTED_EDGE ( 'NONE', *, *, #293, .T. ) ;
#1071 = CARTESIAN_POINT ( 'NONE',  ( -0.4527559055118111075, 0.04724409448818897572, -1.179921259842519721 ) ) ;
#1072 = FACE_OUTER_BOUND ( 'NONE', #543, .T. ) ;
#1073 = VERTEX_POINT ( 'NONE', #411 ) ;
#1074 = CARTESIAN_POINT ( 'NONE',  ( 0.4527559055118110520, 0.04724409448818896184, -0.4219488188976377452 ) ) ;
#1075 = VECTOR ( 'NONE', #1530, 39.37007874015748143 ) ;
#1076 = EDGE_CURVE ( 'NONE', #2022, #1693, #1314, .T. ) ;
#1077 = PERSON_AND_ORGANIZATION ( #1174, #308 ) ;
#1078 = ORIENTED_EDGE ( 'NONE', *, *, #1338, .T. ) ;
#1079 = DIRECTION ( 'NONE',  ( 0.0000000000000000000, 0.0000000000000000000, 1.000000000000000000 ) ) ;
#1080 = ORIENTED_EDGE ( 'NONE', *, *, #904, .T. ) ;
#1081 = EDGE_CURVE ( 'NONE', #613, #1682, #1511, .T. ) ;
#1082 = ORIENTED_EDGE ( 'NONE', *, *, #629, .F. ) ;
#1083 = CARTESIAN_POINT ( 'NONE',  ( 0.4527559055118110520, 0.0000000000000000000, -1.010629921259842412 ) ) ;
#1084 = CARTESIAN_POINT ( 'NONE',  ( 0.4527559055118110520, 0.0000000000000000000, -0.9272637795275591177 ) ) ;
#1085 = ORIENTED_EDGE ( 'NONE', *, *, #1350, .T. ) ;
#1086 = EDGE_CURVE ( 'NONE', #562, #362, #251, .T. ) ;
#1087 = FACE_OUTER_BOUND ( 'NONE', #1207, .T. ) ;
#1088 = DATE_AND_TIME ( #1459, #695 ) ;
#1089 = EDGE_CURVE ( 'NONE', #1996, #1824, #2105, .T. ) ;
#1090 = VECTOR ( 'NONE', #63, 39.37007874015748143 ) ;
#1091 = ORIENTED_EDGE ( 'NONE', *, *, #173, .T. ) ;
#1092 = LINE ( 'NONE', #119, #986 ) ;
#1093 = VECTOR ( 'NONE', #2013, 39.37007874015748143 ) ;
#1094 = ADVANCED_FACE ( 'NONE', ( #434 ), #816, .F. ) ;
#1095 = ORIENTED_EDGE ( 'NONE', *, *, #1558, .T. ) ;
#1096 = ORIENTED_EDGE ( 'NONE', *, *, #1127, .F. ) ;
#1097 = AXIS2_PLACEMENT_3D ( 'NONE', #10, #2260, #566 ) ;
#1098 = ORIENTED_EDGE ( 'NONE', *, *, #932, .F. ) ;
#1099 = DIRECTION ( 'NONE',  ( 0.0000000000000000000, 0.0000000000000000000, 1.000000000000000000 ) ) ;
#1100 = AXIS2_PLACEMENT_3D ( 'NONE', #1227, #133, #1035 ) ;
#1101 = CARTESIAN_POINT ( 'NONE',  ( -0.5000000000000000000, 0.0000000000000000000, -1.179921259842519721 ) ) ;
#1102 = ORIENTED_EDGE ( 'NONE', *, *, #1236, .T. ) ;
#1103 = CARTESIAN_POINT ( 'NONE',  ( -0.5000000000000001110, 0.0000000000000000000, -0.7579724409448818090 ) ) ;
#1104 = DIRECTION ( 'NONE',  ( 0.0000000000000000000, 0.0000000000000000000, -1.000000000000000000 ) ) ;
#1105 = ORIENTED_EDGE ( 'NONE', *, *, #1941, .F. ) ;
#1107 = ADVANCED_FACE ( 'NONE', ( #974 ), #1154, .T. ) ;
#1106 = LINE ( 'NONE', #1499, #252 ) ;
#1108 = ORIENTED_EDGE ( 'NONE', *, *, #1420, .F. ) ;
#1109 = ORIENTED_EDGE ( 'NONE', *, *, #1668, .T. ) ;
#1110 = ORIENTED_EDGE ( 'NONE', *, *, #125, .T. ) ;
#1111 = PLANE ( 'NONE',  #157 ) ;
#1112 = DIRECTION ( 'NONE',  ( 0.0000000000000000000, 1.000000000000000000, 0.0000000000000000000 ) ) ;
#1113 = VERTEX_POINT ( 'NONE', #1556 ) ;
#1114 = DIRECTION ( 'NONE',  ( 0.0000000000000000000, 1.000000000000000000, 0.0000000000000000000 ) ) ;
#1115 = COORDINATED_UNIVERSAL_TIME_OFFSET ( 0, 0, .AHEAD. ) ;
#1116 = VECTOR ( 'NONE', #1610, 39.37007874015748143 ) ;
#1117 = DIRECTION ( 'NONE',  ( 1.000000000000000000, 0.0000000000000000000, 0.0000000000000000000 ) ) ;
#1118 = AXIS2_PLACEMENT_3D ( 'NONE', #838, #1588, #827 ) ;
#1119 = ORIENTED_EDGE ( 'NONE', *, *, #1959, .T. ) ;
#1120 = ORIENTED_EDGE ( 'NONE', *, *, #1523, .T. ) ;
#1121 = EDGE_LOOP ( 'NONE', ( #471, #734, #2244, #2177 ) ) ;
#1122 = EDGE_LOOP ( 'NONE', ( #702, #2018, #748, #2003 ) ) ;
#1123 = PLANE ( 'NONE',  #1004 ) ;
#1124 = DIRECTION ( 'NONE',  ( 0.0000000000000000000, 0.0000000000000000000, 1.000000000000000000 ) ) ;
#1125 = ORIENTED_EDGE ( 'NONE', *, *, #1852, .T. ) ;
#1126 = CARTESIAN_POINT ( 'NONE',  ( 0.4527559055118110520, 0.4523622047244096334, 0.0000000000000000000 ) ) ;
#1127 = EDGE_CURVE ( 'NONE', #665, #1487, #791, .T. ) ;
#1128 = LINE ( 'NONE', #371, #138 ) ;
#1129 = ORIENTED_EDGE ( 'NONE', *, *, #1255, .T. ) ;
#1130 = DIRECTION ( 'NONE',  ( 0.0000000000000000000, -1.000000000000000000, 0.0000000000000000000 ) ) ;
#1131 = VECTOR ( 'NONE', #2275, 39.37007874015748143 ) ;
#1132 = EDGE_LOOP ( 'NONE', ( #1864, #205, #1812, #606 ) ) ;
#1133 = ORIENTED_EDGE ( 'NONE', *, *, #279, .T. ) ;
#1134 = CIRCLE ( 'NONE', #671, 0.04724409448818896184 ) ;
#1135 = LINE ( 'NONE', #1518, #1039 ) ;
#1136 = AXIS2_PLACEMENT_3D ( 'NONE', #1296, #559, #378 ) ;
#1137 = CARTESIAN_POINT ( 'NONE',  ( 0.4527559055118112186, 0.5000000000000000000, -0.6746062992125982927 ) ) ;
#1138 = AXIS2_PLACEMENT_3D ( 'NONE', #1204, #719, #1630 ) ;
#1139 = ADVANCED_FACE ( 'NONE', ( #240 ), #1714, .F. ) ;
#1140 = VERTEX_POINT ( 'NONE', #2093 ) ;
#1141 = LINE ( 'NONE', #1884, #1269 ) ;
#1142 = CIRCLE ( 'NONE', #1295, 0.04724409448818896184 ) ;
#1143 = ADVANCED_BREP_SHAPE_REPRESENTATION ( 'CUI_DEVICES_HSS-B20-NPR-02', ( #972, #184, #1000, #927 ), #887 ) ;
#1144 = CARTESIAN_POINT ( 'NONE',  ( -0.4527559055118110520, 0.0000000000000000000, -1.179921259842519721 ) ) ;
#1145 = VERTEX_POINT ( 'NONE', #1167 ) ;
#1146 = LINE ( 'NONE', #640, #115 ) ;
#1147 = VERTEX_POINT ( 'NONE', #1908 ) ;
#1148 = CARTESIAN_POINT ( 'NONE',  ( 0.4527559055118110520, 0.04724409448818896184, -0.5053149606299212060 ) ) ;
#1149 = LINE ( 'NONE', #762, #390 ) ;
#1150 = DIRECTION ( 'NONE',  ( 0.0000000000000000000, 0.0000000000000000000, -1.000000000000000000 ) ) ;
#1151 = ORIENTED_EDGE ( 'NONE', *, *, #1945, .F. ) ;
#1152 = CARTESIAN_POINT ( 'NONE',  ( 0.0000000000000000000, 0.0000000000000000000, 0.2000000000000000111 ) ) ;
#1153 = EDGE_CURVE ( 'NONE', #2023, #928, #987, .T. ) ;
#1154 = PLANE ( 'NONE',  #2336 ) ;
#1155 = ORIENTED_EDGE ( 'NONE', *, *, #1226, .F. ) ;
#1156 = AXIS2_PLACEMENT_3D ( 'NONE', #39, #797, #2062 ) ;
#1157 = LINE ( 'NONE', #1169, #2206 ) ;
#1158 = ADVANCED_FACE ( 'NONE', ( #803 ), #2288, .F. ) ;
#1159 = EDGE_LOOP ( 'NONE', ( #236, #1980, #207, #778, #2038 ) ) ;
#1160 = FACE_OUTER_BOUND ( 'NONE', #2231, .T. ) ;
#1161 = CARTESIAN_POINT ( 'NONE',  ( 0.4527559055118110520, 0.5000000000000000000, -0.9272637795275591177 ) ) ;
#1162 = LINE ( 'NONE', #623, #406 ) ;
#1163 = ORIENTED_EDGE ( 'NONE', *, *, #2192, .T. ) ;
#1164 = CARTESIAN_POINT ( 'NONE',  ( 0.5000000000000001110, 0.04724409448818896184, -1.010629921259842412 ) ) ;
#1165 = EDGE_CURVE ( 'NONE', #2124, #1563, #459, .T. ) ;
#1166 = ADVANCED_FACE ( 'NONE', ( #1608 ), #2321, .F. ) ;
#1167 = CARTESIAN_POINT ( 'NONE',  ( 0.4527559055118110520, 0.04724409448818896184, -0.9272637795275591177 ) ) ;
#1168 = EDGE_CURVE ( 'NONE', #2133, #562, #1142, .T. ) ;
#1169 = CARTESIAN_POINT ( 'NONE',  ( -0.4527559055118110520, 0.0000000000000000000, -1.179921259842519721 ) ) ;
#1170 = CARTESIAN_POINT ( 'NONE',  ( 0.4527559055118110520, 0.5000000000000000000, -1.010629921259842412 ) ) ;
#1171 = DIRECTION ( 'NONE',  ( 0.0000000000000000000, 0.0000000000000000000, 1.000000000000000000 ) ) ;
#1172 = EDGE_CURVE ( 'NONE', #2133, #2323, #2343, .T. ) ;
#1173 = CARTESIAN_POINT ( 'NONE',  ( 0.5000000000000000000, 0.04724409448818896184, 0.0000000000000000000 ) ) ;
#1174 = PERSON ( 'UNSPECIFIED', 'UNSPECIFIED', 'UNSPECIFIED', ('UNSPECIFIED'), ('UNSPECIFIED'), ('UNSPECIFIED') ) ;
#1175 = DIRECTION ( 'NONE',  ( 1.000000000000000000, 0.0000000000000000000, 0.0000000000000000000 ) ) ;
#1176 = ORIENTED_EDGE ( 'NONE', *, *, #1885, .F. ) ;
#1177 = DIRECTION ( 'NONE',  ( 0.0000000000000000000, 0.0000000000000000000, 1.000000000000000000 ) ) ;
#1178 = VECTOR ( 'NONE', #848, 39.37007874015748143 ) ;
#1179 = VECTOR ( 'NONE', #650, 39.37007874015748143 ) ;
#1180 = VECTOR ( 'NONE', #18, 39.37007874015748143 ) ;
#1181 = CARTESIAN_POINT ( 'NONE',  ( 0.5000000000000000000, 0.3500000000000000333, 0.2000000000000000111 ) ) ;
#1182 = FACE_OUTER_BOUND ( 'NONE', #150, .T. ) ;
#1183 = DIRECTION ( 'NONE',  ( -1.000000000000000000, -0.0000000000000000000, -1.445602896647337536E-15 ) ) ;
#1184 = ADVANCED_FACE ( 'NONE', ( #854 ), #644, .F. ) ;
#1185 = CARTESIAN_POINT ( 'NONE',  ( 0.4527559055118110520, 0.0000000000000000000, -0.4219488188976377452 ) ) ;
#1186 = CARTESIAN_POINT ( 'NONE',  ( -0.4527559055118110520, 0.04724409448818897572, 0.0000000000000000000 ) ) ;
#1187 = PLANE ( 'NONE',  #1447 ) ;
#1188 = ADVANCED_FACE ( 'NONE', ( #651 ), #866, .T. ) ;
#1189 = VERTEX_POINT ( 'NONE', #1593 ) ;
#1190 = DIRECTION ( 'NONE',  ( 0.0000000000000000000, 0.0000000000000000000, -1.000000000000000000 ) ) ;
#1191 = CARTESIAN_POINT ( 'NONE',  ( -0.5000000000000001110, 0.04724409448818897572, -0.7579724409448818090 ) ) ;
#1192 = LINE ( 'NONE', #806, #862 ) ;
#1193 = DIRECTION ( 'NONE',  ( 1.445602896647337142E-15, 0.0000000000000000000, 1.000000000000000000 ) ) ;
#1194 = CIRCLE ( 'NONE', #2052, 0.04724409448818896184 ) ;
#1195 = DIRECTION ( 'NONE',  ( 1.000000000000000000, 0.0000000000000000000, 0.0000000000000000000 ) ) ;
#1196 = AXIS2_PLACEMENT_3D ( 'NONE', #858, #1200, #1574 ) ;
#1197 = CYLINDRICAL_SURFACE ( 'NONE', #1830, 0.04724409448818896184 ) ;
#1198 = ORIENTED_EDGE ( 'NONE', *, *, #2028, .T. ) ;
#1199 = CC_DESIGN_APPROVAL ( #2248, ( #1935 ) ) ;
#1200 = DIRECTION ( 'NONE',  ( 1.000000000000000000, 0.0000000000000000000, 0.0000000000000000000 ) ) ;
#1201 = CARTESIAN_POINT ( 'NONE',  ( -0.5000000000000001110, 0.5000000000000000000, -0.1692913385826771699 ) ) ;
#1202 = DIRECTION ( 'NONE',  ( 0.0000000000000000000, 1.000000000000000000, 0.0000000000000000000 ) ) ;
#1203 = EDGE_LOOP ( 'NONE', ( #951, #1098 ) ) ;
#1204 = CARTESIAN_POINT ( 'NONE',  ( -0.4527559055118110520, 0.04724409448818897572, -0.4219488188976378562 ) ) ;
#1205 = CARTESIAN_POINT ( 'NONE',  ( -0.4527559055118110520, 0.5000000000000000000, -1.179921259842519721 ) ) ;
#1206 = DIRECTION ( 'NONE',  ( 0.0000000000000000000, 0.0000000000000000000, -1.000000000000000000 ) ) ;
#1207 = EDGE_LOOP ( 'NONE', ( #958, #1628, #2169, #398 ) ) ;
#1208 = DIRECTION ( 'NONE',  ( 0.0000000000000000000, 1.000000000000000000, 0.0000000000000000000 ) ) ;
#1209 = AXIS2_PLACEMENT_3D ( 'NONE', #1392, #1532, #1562 ) ;
#1210 = PLANE ( 'NONE',  #564 ) ;
#1211 = CIRCLE ( 'NONE', #864, 0.07500000000000002498 ) ;
#1212 = VECTOR ( 'NONE', #297, 39.37007874015748143 ) ;
#1213 = DIRECTION ( 'NONE',  ( 0.0000000000000000000, 0.0000000000000000000, 1.000000000000000000 ) ) ;
#1214 = VERTEX_POINT ( 'NONE', #820 ) ;
#1215 = DIRECTION ( 'NONE',  ( 0.0000000000000000000, 0.0000000000000000000, 1.000000000000000000 ) ) ;
#1216 = DIRECTION ( 'NONE',  ( 0.0000000000000000000, 0.0000000000000000000, 1.000000000000000000 ) ) ;
#1217 = PLANE ( 'NONE',  #788 ) ;
#1218 = ORIENTED_EDGE ( 'NONE', *, *, #2166, .F. ) ;
#1219 = FACE_OUTER_BOUND ( 'NONE', #419, .T. ) ;
#1220 = LINE ( 'NONE', #1979, #1330 ) ;
#1221 = PLANE ( 'NONE',  #1024 ) ;
#1222 = LINE ( 'NONE', #466, #540 ) ;
#1223 = EDGE_CURVE ( 'NONE', #2371, #665, #2311, .T. ) ;
#1224 = ORIENTED_EDGE ( 'NONE', *, *, #1844, .F. ) ;
#1225 = DIRECTION ( 'NONE',  ( 0.0000000000000000000, 1.000000000000000000, 0.0000000000000000000 ) ) ;
#1226 = EDGE_CURVE ( 'NONE', #1516, #530, #2131, .T. ) ;
#1227 = CARTESIAN_POINT ( 'NONE',  ( 0.5000000000000000000, 0.5000000000000000000, -1.179921259842519721 ) ) ;
#1228 = DIRECTION ( 'NONE',  ( 0.0000000000000000000, 1.000000000000000000, 0.0000000000000000000 ) ) ;
#1229 = ORIENTED_EDGE ( 'NONE', *, *, #239, .F. ) ;
#1230 = CARTESIAN_POINT ( 'NONE',  ( -0.4527559055118110520, 0.0000000000000000000, -1.179921259842519721 ) ) ;
#1231 = VECTOR ( 'NONE', #1739, 39.37007874015748143 ) ;
#1232 = DIRECTION ( 'NONE',  ( 0.0000000000000000000, 0.0000000000000000000, 1.000000000000000000 ) ) ;
#1233 = ORIENTED_EDGE ( 'NONE', *, *, #1241, .T. ) ;
#1234 = CIRCLE ( 'NONE', #432, 0.07500000000000002498 ) ;
#1235 = CARTESIAN_POINT ( 'NONE',  ( -0.4527559055118111075, 0.5000000000000000000, -0.6746062992125982927 ) ) ;
#1236 = EDGE_CURVE ( 'NONE', #190, #2124, #1026, .T. ) ;
#1237 = DIRECTION ( 'NONE',  ( 0.0000000000000000000, 0.0000000000000000000, -1.000000000000000000 ) ) ;
#1238 = VERTEX_POINT ( 'NONE', #2302 ) ;
#1239 = CARTESIAN_POINT ( 'NONE',  ( 0.5000000000000000000, 0.4523622047244096334, 0.2000000000000000111 ) ) ;
#1240 = DIRECTION ( 'NONE',  ( 0.0000000000000000000, 0.0000000000000000000, 1.000000000000000000 ) ) ;
#1241 = EDGE_CURVE ( 'NONE', #965, #1460, #1425, .T. ) ;
#1242 = VERTEX_POINT ( 'NONE', #109 ) ;
#1243 = PLANE ( 'NONE',  #582 ) ;
#1244 = LINE ( 'NONE', #691, #250 ) ;
#1245 = ORIENTED_EDGE ( 'NONE', *, *, #1927, .F. ) ;
#1246 = LINE ( 'NONE', #1992, #483 ) ;
#1247 = APPROVAL_ROLE ( '' ) ;
#1248 = VECTOR ( 'NONE', #645, 39.37007874015748143 ) ;
#1249 = ORIENTED_EDGE ( 'NONE', *, *, #1957, .T. ) ;
#1250 = VECTOR ( 'NONE', #777, 39.37007874015748143 ) ;
#1251 = DIRECTION ( 'NONE',  ( 1.000000000000000000, 0.0000000000000000000, 0.0000000000000000000 ) ) ;
#1252 = AXIS2_PLACEMENT_3D ( 'NONE', #324, #1240, #1060 ) ;
#1253 = EDGE_LOOP ( 'NONE', ( #183, #1534, #11, #1964 ) ) ;
#1254 = PLANE ( 'NONE',  #2090 ) ;
#1255 = EDGE_CURVE ( 'NONE', #1883, #1712, #663, .T. ) ;
#1256 = DIRECTION ( 'NONE',  ( 0.0000000000000000000, 0.0000000000000000000, 1.000000000000000000 ) ) ;
#1257 = ORIENTED_EDGE ( 'NONE', *, *, #4, .F. ) ;
#1258 = CARTESIAN_POINT ( 'NONE',  ( 0.4527559055118112186, 0.5000000000000000000, -0.7579724409448818090 ) ) ;
#1259 = APPLICATION_PROTOCOL_DEFINITION ( 'international standard', 'config_control_design', 1994, #1956 ) ;
#1260 = VERTEX_POINT ( 'NONE', #832 ) ;
#1261 = PLANE ( 'NONE',  #1953 ) ;
#1262 = EDGE_CURVE ( 'NONE', #1065, #1140, #469, .T. ) ;
#1263 = EDGE_LOOP ( 'NONE', ( #212, #2366, #1198, #970, #546 ) ) ;
#1264 = VERTEX_POINT ( 'NONE', #1205 ) ;
#1265 = DIRECTION ( 'NONE',  ( 0.0000000000000000000, 1.000000000000000000, 0.0000000000000000000 ) ) ;
#1266 = DIRECTION ( 'NONE',  ( 0.0000000000000000000, 0.0000000000000000000, 1.000000000000000000 ) ) ;
#1267 = ORIENTED_EDGE ( 'NONE', *, *, #629, .T. ) ;
#1268 = EDGE_CURVE ( 'NONE', #1393, #2073, #1937, .T. ) ;
#1269 = VECTOR ( 'NONE', #776, 39.37007874015748143 ) ;
#1270 = LINE ( 'NONE', #2015, #333 ) ;
#1271 = VECTOR ( 'NONE', #172, 39.37007874015748143 ) ;
#1272 = EDGE_CURVE ( 'NONE', #1712, #761, #1760, .T. ) ;
#1273 = DATE_AND_TIME ( #536, #116 ) ;
#1274 = ORIENTED_EDGE ( 'NONE', *, *, #1840, .F. ) ;
#1275 = LINE ( 'NONE', #1984, #177 ) ;
#1276 = CARTESIAN_POINT ( 'NONE',  ( -0.5000000000000001110, 0.04724409448818897572, -0.6746062992125982927 ) ) ;
#1277 = ORIENTED_EDGE ( 'NONE', *, *, #105, .T. ) ;
#1278 = ORIENTED_EDGE ( 'NONE', *, *, #574, .F. ) ;
#1279 = FACE_OUTER_BOUND ( 'NONE', #2194, .T. ) ;
#1280 = CARTESIAN_POINT ( 'NONE',  ( -0.5000000000000001110, 0.0000000000000000000, -0.1692913385826771699 ) ) ;
#1281 = ORIENTED_EDGE ( 'NONE', *, *, #1691, .T. ) ;
#1282 = VERTEX_POINT ( 'NONE', #495 ) ;
#1283 = CARTESIAN_POINT ( 'NONE',  ( 0.4527559055118110520, 0.04724409448818896184, -1.179921259842519721 ) ) ;
#1284 = EDGE_CURVE ( 'NONE', #388, #1051, #1974, .T. ) ;
#1285 = CARTESIAN_POINT ( 'NONE',  ( 0.0000000000000000000, 0.0000000000000000000, 0.0000000000000000000 ) ) ;
#1286 = CLOSED_SHELL ( 'NONE', ( #1597, #1481, #2241, #724, #960, #772 ) ) ;
#1287 = ORIENTED_EDGE ( 'NONE', *, *, #1779, .F. ) ;
#1288 = CARTESIAN_POINT ( 'NONE',  ( -0.4527559055118110520, 0.0000000000000000000, -1.179921259842519721 ) ) ;
#1289 = VECTOR ( 'NONE', #1005, 39.37007874015748143 ) ;
#1290 = ORIENTED_EDGE ( 'NONE', *, *, #988, .F. ) ;
#1291 = ORIENTED_EDGE ( 'NONE', *, *, #1268, .T. ) ;
#1292 = AXIS2_PLACEMENT_3D ( 'NONE', #1679, #1117, #936 ) ;
#1293 = ORIENTED_EDGE ( 'NONE', *, *, #802, .T. ) ;
#1294 = DIRECTION ( 'NONE',  ( 0.0000000000000000000, 0.0000000000000000000, 1.000000000000000000 ) ) ;
#1295 = AXIS2_PLACEMENT_3D ( 'NONE', #275, #2330, #1571 ) ;
#1296 = CARTESIAN_POINT ( 'NONE',  ( 0.4527559055118110520, 0.5000000000000000000, -1.179921259842519721 ) ) ;
#1297 = VERTEX_POINT ( 'NONE', #1186 ) ;
#1298 = LINE ( 'NONE', #1637, #1954 ) ;
#1299 = APPROVAL_ROLE ( '' ) ;
#1300 = LINE ( 'NONE', #228, #2147 ) ;
#1301 = EDGE_LOOP ( 'NONE', ( #412, #486, #1767, #863 ) ) ;
#1302 = ORIENTED_EDGE ( 'NONE', *, *, #1338, .F. ) ;
#1303 = EDGE_LOOP ( 'NONE', ( #322, #1632, #1133, #1554 ) ) ;
#1304 = ORIENTED_EDGE ( 'NONE', *, *, #1489, .F. ) ;
#1305 = EDGE_CURVE ( 'NONE', #1971, #2047, #1045, .T. ) ;
#1306 = ORIENTED_EDGE ( 'NONE', *, *, #1284, .T. ) ;
#1307 = CARTESIAN_POINT ( 'NONE',  ( 0.5000000000000001110, 0.04724409448818896184, -0.5053149606299212060 ) ) ;
#1308 = DIRECTION ( 'NONE',  ( 1.445602896647337142E-15, 0.0000000000000000000, 1.000000000000000000 ) ) ;
#1309 = VERTEX_POINT ( 'NONE', #1831 ) ;
#1310 = FACE_OUTER_BOUND ( 'NONE', #531, .T. ) ;
#1311 = ADVANCED_FACE ( 'NONE', ( #508 ), #1985, .T. ) ;
#1312 = EDGE_CURVE ( 'NONE', #366, #2348, #670, .T. ) ;
#1313 = VECTOR ( 'NONE', #532, 39.37007874015748143 ) ;
#1314 = LINE ( 'NONE', #2058, #445 ) ;
#1315 = AXIS2_PLACEMENT_3D ( 'NONE', #616, #1716, #36 ) ;
#1316 = ORIENTED_EDGE ( 'NONE', *, *, #1945, .T. ) ;
#1317 = ORIENTED_EDGE ( 'NONE', *, *, #1455, .F. ) ;
#1318 = ORIENTED_EDGE ( 'NONE', *, *, #917, .F. ) ;
#1319 = ADVANCED_FACE ( 'NONE', ( #320 ), #1795, .T. ) ;
#1320 = CARTESIAN_POINT ( 'NONE',  ( -0.4527559055118111631, 0.04724409448818897572, -1.179921259842519721 ) ) ;
#1321 = CARTESIAN_POINT ( 'NONE',  ( 0.4527559055118110520, 0.04724409448818897572, -1.179921259842519721 ) ) ;
#1322 = VERTEX_POINT ( 'NONE', #2137 ) ;
#1323 = DIRECTION ( 'NONE',  ( -1.000000000000000000, 0.0000000000000000000, 0.0000000000000000000 ) ) ;
#1324 = SHAPE_DEFINITION_REPRESENTATION ( #1629, #1143 ) ;
#1325 = DIRECTION ( 'NONE',  ( 0.0000000000000000000, -1.000000000000000000, 0.0000000000000000000 ) ) ;
#1326 = ORIENTED_EDGE ( 'NONE', *, *, #565, .F. ) ;
#1327 = DIRECTION ( 'NONE',  ( 0.0000000000000000000, 0.0000000000000000000, 1.000000000000000000 ) ) ;
#1328 = ORIENTED_EDGE ( 'NONE', *, *, #988, .T. ) ;
#1329 = VERTEX_POINT ( 'NONE', #1235 ) ;
#1330 = VECTOR ( 'NONE', #488, 39.37007874015748143 ) ;
#1331 = LINE ( 'NONE', #1551, #1702 ) ;
#1332 = VECTOR ( 'NONE', #877, 39.37007874015748143 ) ;
#1333 = DIRECTION ( 'NONE',  ( 2.891205793294687300E-15, 0.0000000000000000000, 1.000000000000000000 ) ) ;
#1334 = VECTOR ( 'NONE', #396, 39.37007874015748143 ) ;
#1335 = ORIENTED_EDGE ( 'NONE', *, *, #1272, .F. ) ;
#1336 = LINE ( 'NONE', #2080, #620 ) ;
#1337 = ADVANCED_FACE ( 'NONE', ( #1576 ), #1210, .T. ) ;
#1338 = EDGE_CURVE ( 'NONE', #1906, #1006, #1432, .T. ) ;
#1339 = DIRECTION ( 'NONE',  ( 1.000000000000000000, 0.0000000000000000000, 0.0000000000000000000 ) ) ;
#1340 = ORIENTED_EDGE ( 'NONE', *, *, #1262, .T. ) ;
#1341 = DIRECTION ( 'NONE',  ( 0.0000000000000000000, 0.0000000000000000000, 1.000000000000000000 ) ) ;
#1342 = ORIENTED_EDGE ( 'NONE', *, *, #305, .F. ) ;
#1343 = DIRECTION ( 'NONE',  ( 0.0000000000000000000, 0.0000000000000000000, -1.000000000000000000 ) ) ;
#1344 = APPROVAL ( #1446, 'UNSPECIFIED' ) ;
#1345 = CARTESIAN_POINT ( 'NONE',  ( 0.0000000000000000000, 0.0000000000000000000, 0.0000000000000000000 ) ) ;
#1346 = EDGE_CURVE ( 'NONE', #761, #1260, #684, .T. ) ;
#1347 = CARTESIAN_POINT ( 'NONE',  ( -0.4527559055118110520, 0.3499999999999999778, 0.2000000000000000111 ) ) ;
#1348 = ORIENTED_EDGE ( 'NONE', *, *, #1305, .F. ) ;
#1349 = CARTESIAN_POINT ( 'NONE',  ( -0.4527559055118110520, 0.0000000000000000000, 0.0000000000000000000 ) ) ;
#1350 = EDGE_CURVE ( 'NONE', #735, #362, #1955, .T. ) ;
#1351 = EDGE_CURVE ( 'NONE', #346, #162, #1246, .T. ) ;
#1352 = CARTESIAN_POINT ( 'NONE',  ( -0.4527559055118110520, 0.0000000000000000000, -0.2526574803149604920 ) ) ;
#1353 = AXIS2_PLACEMENT_3D ( 'NONE', #1584, #1802, #1791 ) ;
#1354 = LINE ( 'NONE', #2094, #1862 ) ;
#1355 = ORIENTED_EDGE ( 'NONE', *, *, #1613, .F. ) ;
#1356 = LINE ( 'NONE', #73, #1054 ) ;
#1357 = VECTOR ( 'NONE', #1410, 39.37007874015748143 ) ;
#1358 = LINE ( 'NONE', #274, #1407 ) ;
#1359 = DIRECTION ( 'NONE',  ( 0.0000000000000000000, 0.0000000000000000000, 1.000000000000000000 ) ) ;
#1360 = DIRECTION ( 'NONE',  ( -1.000000000000000000, 0.0000000000000000000, 0.0000000000000000000 ) ) ;
#1361 = ORIENTED_EDGE ( 'NONE', *, *, #417, .T. ) ;
#1362 = PLANE ( 'NONE',  #1856 ) ;
#1363 = COORDINATED_UNIVERSAL_TIME_OFFSET ( 0, 0, .AHEAD. ) ;
#1364 = ADVANCED_FACE ( 'NONE', ( #1052 ), #143, .F. ) ;
#1365 = DIRECTION ( 'NONE',  ( 0.0000000000000000000, 0.0000000000000000000, 1.000000000000000000 ) ) ;
#1366 = DIRECTION ( 'NONE',  ( 0.0000000000000000000, 0.0000000000000000000, 1.000000000000000000 ) ) ;
#1367 = DIRECTION ( 'NONE',  ( 0.0000000000000000000, 0.0000000000000000000, -1.000000000000000000 ) ) ;
#1368 = FACE_OUTER_BOUND ( 'NONE', #697, .T. ) ;
#1369 = LINE ( 'NONE', #783, #1622 ) ;
#1370 = DIRECTION ( 'NONE',  ( 1.000000000000000000, 0.0000000000000000000, 0.0000000000000000000 ) ) ;
#1371 = CLOSED_SHELL ( 'NONE', ( #490, #1742, #476, #828, #1774, #1408, #1601, #1319, #2111, #2138, #242, #201, #301, #473, #612, #2016, #21, #1184, #2037, #421, #211, #2136, #653, #375, #1188, #2213, #163, #2271, #422, #306, #2384, #1615, #636, #949, #1337, #379, #1656, #1382, #1861, #2135, #204, #522, #206, #1311, #296, #1364, #1139, #227, #52, #1819, #1031, #479, #1415, #837, #1748, #1495, #1897, #1015, #393, #325, #1166, #1855, #2344, #560, #1517, #1094, #1762, #1158, #801, #355 ) ) ;
#1372 = ORIENTED_EDGE ( 'NONE', *, *, #2033, .F. ) ;
#1373 = CARTESIAN_POINT ( 'NONE',  ( -2.082863847368726172E-17, -8.537024980200822558E-18, -0.6250000000000000000 ) ) ;
#1374 = VECTOR ( 'NONE', #2385, 39.37007874015748143 ) ;
#1375 = VECTOR ( 'NONE', #468, 39.37007874015748143 ) ;
#1376 = VECTOR ( 'NONE', #1765, 39.37007874015748143 ) ;
#1377 = CYLINDRICAL_SURFACE ( 'NONE', #194, 0.04724409448818896184 ) ;
#1378 = CARTESIAN_POINT ( 'NONE',  ( 0.4527559055118110520, 0.04724409448818897572, -1.179921259842519721 ) ) ;
#1379 = LINE ( 'NONE', #1550, #1375 ) ;
#1380 = DIRECTION ( 'NONE',  ( 0.0000000000000000000, 0.0000000000000000000, 1.000000000000000000 ) ) ;
#1381 = CARTESIAN_POINT ( 'NONE',  ( -0.4527559055118110520, 0.04724409448818897572, 0.0000000000000000000 ) ) ;
#1382 = ADVANCED_FACE ( 'NONE', ( #860, #1406 ), #1221, .T. ) ;
#1383 = ORIENTED_EDGE ( 'NONE', *, *, #173, .F. ) ;
#1384 = CARTESIAN_POINT ( 'NONE',  ( 0.5000000000000001110, 0.04724409448818896184, -0.7579724409448816980 ) ) ;
#1385 = PRODUCT_RELATED_PRODUCT_CATEGORY ( 'detail', '', ( #2212 ) ) ;
#1386 = DIRECTION ( 'NONE',  ( 1.000000000000000000, 0.0000000000000000000, 0.0000000000000000000 ) ) ;
#1387 = DIRECTION ( 'NONE',  ( 0.0000000000000000000, 0.0000000000000000000, -1.000000000000000000 ) ) ;
#1388 = DIRECTION ( 'NONE',  ( 1.000000000000000000, 0.0000000000000000000, 0.0000000000000000000 ) ) ;
#1389 = CARTESIAN_POINT ( 'NONE',  ( -0.5000000000000000000, 0.04724409448818897572, -1.179921259842519721 ) ) ;
#1390 = EDGE_CURVE ( 'NONE', #692, #512, #2151, .T. ) ;
#1391 = AXIS2_PLACEMENT_3D ( 'NONE', #805, #413, #1327 ) ;
#1392 = CARTESIAN_POINT ( 'NONE',  ( 0.4527559055118112186, 0.0000000000000000000, -0.7579724409448818090 ) ) ;
#1393 = VERTEX_POINT ( 'NONE', #1967 ) ;
#1394 = PLANE ( 'NONE',  #1932 ) ;
#1395 = DIRECTION ( 'NONE',  ( 0.0000000000000000000, 1.000000000000000000, 0.0000000000000000000 ) ) ;
#1396 = CARTESIAN_POINT ( 'NONE',  ( -0.5000000000000000000, 0.0000000000000000000, -1.179921259842519721 ) ) ;
#1397 = VERTEX_POINT ( 'NONE', #1066 ) ;
#1398 = DIRECTION ( 'NONE',  ( 0.0000000000000000000, 0.0000000000000000000, 1.000000000000000000 ) ) ;
#1399 = CARTESIAN_POINT ( 'NONE',  ( 0.5000000000000000000, 0.04724409448818896184, -1.179921259842519721 ) ) ;
#1400 = DIRECTION ( 'NONE',  ( 0.0000000000000000000, 0.0000000000000000000, 1.000000000000000000 ) ) ;
#1401 = ORIENTED_EDGE ( 'NONE', *, *, #492, .T. ) ;
#1402 = DIRECTION ( 'NONE',  ( -1.000000000000000000, 0.0000000000000000000, 0.0000000000000000000 ) ) ;
#1403 = CARTESIAN_POINT ( 'NONE',  ( -0.4527559055118111631, 0.0000000000000000000, -0.9272637795275591177 ) ) ;
#1404 = VECTOR ( 'NONE', #2122, 39.37007874015748143 ) ;
#1405 = EDGE_CURVE ( 'NONE', #2201, #2047, #1041, .T. ) ;
#1406 = FACE_OUTER_BOUND ( 'NONE', #983, .T. ) ;
#1407 = VECTOR ( 'NONE', #662, 39.37007874015748143 ) ;
#1408 = ADVANCED_FACE ( 'NONE', ( #127 ), #2326, .T. ) ;
#1409 = VECTOR ( 'NONE', #71, 39.37007874015748143 ) ;
#1410 = DIRECTION ( 'NONE',  ( 1.000000000000000000, 0.0000000000000000000, 0.0000000000000000000 ) ) ;
#1411 = ORIENTED_EDGE ( 'NONE', *, *, #1788, .T. ) ;
#1412 = FACE_OUTER_BOUND ( 'NONE', #1132, .T. ) ;
#1413 = DIRECTION ( 'NONE',  ( -1.000000000000000000, 0.0000000000000000000, 0.0000000000000000000 ) ) ;
#1414 = CARTESIAN_POINT ( 'NONE',  ( -0.4527559055118110520, 0.04724409448818897572, -1.179921259842519721 ) ) ;
#1415 = ADVANCED_FACE ( 'NONE', ( #1602 ), #884, .F. ) ;
#1416 = EDGE_LOOP ( 'NONE', ( #1851, #1986, #349, #2345 ) ) ;
#1417 = CARTESIAN_POINT ( 'NONE',  ( -0.5000000000000001110, 0.0000000000000000000, -0.6746062992125982927 ) ) ;
#1418 = DIRECTION ( 'NONE',  ( -0.0000000000000000000, -0.0000000000000000000, -1.000000000000000000 ) ) ;
#1419 = CARTESIAN_POINT ( 'NONE',  ( -0.5000000000000000000, 0.04724409448818897572, -1.179921259842519721 ) ) ;
#1420 = EDGE_CURVE ( 'NONE', #341, #231, #703, .T. ) ;
#1421 = LINE ( 'NONE', #2162, #1471 ) ;
#1422 = EDGE_CURVE ( 'NONE', #1684, #2014, #280, .T. ) ;
#1423 = ORIENTED_EDGE ( 'NONE', *, *, #1885, .T. ) ;
#1424 = CARTESIAN_POINT ( 'NONE',  ( -0.5000000000000000000, 0.4523622047244094668, 0.0000000000000000000 ) ) ;
#1425 = LINE ( 'NONE', #1962, #1212 ) ;
#1426 = ORIENTED_EDGE ( 'NONE', *, *, #1483, .T. ) ;
#1427 = DIRECTION ( 'NONE',  ( 0.0000000000000000000, 1.000000000000000000, 0.0000000000000000000 ) ) ;
#1428 = AXIS2_PLACEMENT_3D ( 'NONE', #1083, #1477, #2011 ) ;
#1429 = LINE ( 'NONE', #1050, #2369 ) ;
#1430 = ORIENTED_EDGE ( 'NONE', *, *, #1917, .T. ) ;
#1431 = CC_DESIGN_APPROVAL ( #1344, ( #130 ) ) ;
#1432 = LINE ( 'NONE', #2316, #141 ) ;
#1433 = APPLICATION_PROTOCOL_DEFINITION ( 'international standard', 'config_control_design', 1994, #2282 ) ;
#1434 = EDGE_LOOP ( 'NONE', ( #1887, #1524, #591, #338, #1342 ) ) ;
#1435 = CARTESIAN_POINT ( 'NONE',  ( -0.5000000000000000000, 0.5000000000000000000, -0.6746062992125985147 ) ) ;
#1436 = EDGE_CURVE ( 'NONE', #1853, #1051, #1587, .T. ) ;
#1437 = ORIENTED_EDGE ( 'NONE', *, *, #1847, .T. ) ;
#1438 = DIRECTION ( 'NONE',  ( 0.0000000000000000000, 1.000000000000000000, 0.0000000000000000000 ) ) ;
#1439 = CARTESIAN_POINT ( 'NONE',  ( -0.4527559055118110520, 0.04724409448818897572, -0.6746062992125982927 ) ) ;
#1440 = EDGE_LOOP ( 'NONE', ( #319, #1033, #2153, #2391 ) ) ;
#1441 = DIRECTION ( 'NONE',  ( 0.0000000000000000000, 0.0000000000000000000, 1.000000000000000000 ) ) ;
#1442 = VECTOR ( 'NONE', #618, 39.37007874015748143 ) ;
#1443 = ORIENTED_EDGE ( 'NONE', *, *, #1346, .F. ) ;
#1444 = AXIS2_PLACEMENT_3D ( 'NONE', #1101, #1112, #1658 ) ;
#1445 = EDGE_CURVE ( 'NONE', #1883, #27, #1918, .T. ) ;
#1446 = APPROVAL_STATUS ( 'not_yet_approved' ) ;
#1447 = AXIS2_PLACEMENT_3D ( 'NONE', #1928, #2268, #1150 ) ;
#1448 = ORIENTED_EDGE ( 'NONE', *, *, #389, .F. ) ;
#1449 = VECTOR ( 'NONE', #1418, 39.37007874015748143 ) ;
#1450 = PLANE ( 'NONE',  #1603 ) ;
#1451 = VECTOR ( 'NONE', #482, 39.37007874015748143 ) ;
#1452 = EDGE_LOOP ( 'NONE', ( #534, #1654, #1078, #1500 ) ) ;
#1453 = ORIENTED_EDGE ( 'NONE', *, *, #2027, .T. ) ;
#1454 = LINE ( 'NONE', #1465, #847 ) ;
#1455 = EDGE_CURVE ( 'NONE', #1055, #366, #2221, .T. ) ;
#1456 = CARTESIAN_POINT ( 'NONE',  ( 0.5000000000000000000, 0.3500000000000000333, 0.2000000000000000111 ) ) ;
#1457 = ORIENTED_EDGE ( 'NONE', *, *, #2254, .T. ) ;
#1458 = DIRECTION ( 'NONE',  ( 1.445602896647337339E-15, 0.0000000000000000000, 1.000000000000000000 ) ) ;
#1459 = CALENDAR_DATE ( 2019, 25, 10 ) ;
#1460 = VERTEX_POINT ( 'NONE', #2056 ) ;
#1461 = DIRECTION ( 'NONE',  ( 0.0000000000000000000, 0.0000000000000000000, -1.000000000000000000 ) ) ;
#1462 = CARTESIAN_POINT ( 'NONE',  ( 0.4527559055118110520, 0.0000000000000000000, -1.179921259842519721 ) ) ;
#1463 = ORIENTED_EDGE ( 'NONE', *, *, #122, .F. ) ;
#1464 = ORIENTED_EDGE ( 'NONE', *, *, #1536, .F. ) ;
#1465 = CARTESIAN_POINT ( 'NONE',  ( -0.4527559055118110520, 0.04724409448818897572, -1.179921259842519721 ) ) ;
#1466 = EDGE_CURVE ( 'NONE', #1055, #1322, #548, .T. ) ;
#1467 = LINE ( 'NONE', #6, #1374 ) ;
#1468 = VERTEX_POINT ( 'NONE', #2030 ) ;
#1469 = AXIS2_PLACEMENT_3D ( 'NONE', #1888, #1130, #262 ) ;
#1470 = CARTESIAN_POINT ( 'NONE',  ( 0.4527559055118111075, 0.0000000000000000000, -0.2526574803149605475 ) ) ;
#1471 = VECTOR ( 'NONE', #505, 39.37007874015748143 ) ;
#1472 = VERTEX_POINT ( 'NONE', #1860 ) ;
#1473 = CARTESIAN_POINT ( 'NONE',  ( -0.5000000000000000000, 0.5000000000000000000, -1.179921259842519721 ) ) ;
#1474 = CARTESIAN_POINT ( 'NONE',  ( 0.4527559055118110520, 0.04724409448818897572, -1.179921259842519721 ) ) ;
#1475 = ORIENTED_EDGE ( 'NONE', *, *, #1668, .F. ) ;
#1476 = ORIENTED_EDGE ( 'NONE', *, *, #2150, .T. ) ;
#1477 = DIRECTION ( 'NONE',  ( 0.0000000000000000000, 0.0000000000000000000, -1.000000000000000000 ) ) ;
#1478 = CARTESIAN_POINT ( 'NONE',  ( 0.4527559055118110520, 0.5000000000000000000, -1.179921259842519721 ) ) ;
#1479 = ORIENTED_EDGE ( 'NONE', *, *, #70, .T. ) ;
#1480 = PLANE ( 'NONE',  #715 ) ;
#1481 = ADVANCED_FACE ( 'NONE', ( #1310 ), #2373, .T. ) ;
#1482 = CALENDAR_DATE ( 2019, 25, 10 ) ;
#1483 = EDGE_CURVE ( 'NONE', #1659, #721, #1298, .T. ) ;
#1484 = PLANE ( 'NONE',  #1097 ) ;
#1485 = EDGE_LOOP ( 'NONE', ( #380, #570, #834, #25 ) ) ;
#1486 = VECTOR ( 'NONE', #679, 39.37007874015748143 ) ;
#1487 = VERTEX_POINT ( 'NONE', #367 ) ;
#1488 = ORIENTED_EDGE ( 'NONE', *, *, #2092, .T. ) ;
#1489 = EDGE_CURVE ( 'NONE', #2190, #1006, #2387, .T. ) ;
#1490 = VECTOR ( 'NONE', #744, 39.37007874015748143 ) ;
#1491 = EDGE_LOOP ( 'NONE', ( #1520, #2367, #1233, #1870 ) ) ;
#1492 = CARTESIAN_POINT ( 'NONE',  ( 0.5000000000000000000, 0.04724409448818896184, -1.179921259842519721 ) ) ;
#1493 = VECTOR ( 'NONE', #787, 39.37007874015748143 ) ;
#1494 = FACE_OUTER_BOUND ( 'NONE', #897, .T. ) ;
#1495 = ADVANCED_FACE ( 'NONE', ( #727 ), #1480, .F. ) ;
#1496 = ORIENTED_EDGE ( 'NONE', *, *, #2129, .F. ) ;
#1497 = LINE ( 'NONE', #2235, #790 ) ;
#1498 = APPROVAL_ROLE ( '' ) ;
#1499 = CARTESIAN_POINT ( 'NONE',  ( -0.5000000000000000000, 0.0000000000000000000, -1.179921259842519721 ) ) ;
#1500 = ORIENTED_EDGE ( 'NONE', *, *, #1523, .F. ) ;
#1501 = EDGE_CURVE ( 'NONE', #2133, #1902, #2044, .T. ) ;
#1502 = ORIENTED_EDGE ( 'NONE', *, *, #1483, .F. ) ;
#1503 = FACE_OUTER_BOUND ( 'NONE', #88, .T. ) ;
#1504 = ORIENTED_EDGE ( 'NONE', *, *, #2001, .F. ) ;
#1505 = CARTESIAN_POINT ( 'NONE',  ( 0.4527559055118110520, 0.04724409448818897572, -1.179921259842519721 ) ) ;
#1506 = DIMENSIONAL_EXPONENTS ( 1.000000000000000000, 0.0000000000000000000, 0.0000000000000000000, 0.0000000000000000000, 0.0000000000000000000, 0.0000000000000000000, 0.0000000000000000000 ) ;
#1507 = DIRECTION ( 'NONE',  ( 1.000000000000000000, 0.0000000000000000000, 0.0000000000000000000 ) ) ;
#1508 = ORIENTED_EDGE ( 'NONE', *, *, #343, .T. ) ;
#1509 = CARTESIAN_POINT ( 'NONE',  ( 0.4527559055118110520, 0.5000000000000000000, -1.179921259842519721 ) ) ;
#1510 = AXIS2_PLACEMENT_3D ( 'NONE', #2218, #711, #557 ) ;
#1511 = LINE ( 'NONE', #1692, #2113 ) ;
#1512 = LOCAL_TIME ( 17, 8, 57.00000000000000000, #1363 ) ;
#1513 = ORIENTED_EDGE ( 'NONE', *, *, #2375, .F. ) ;
#1514 = LINE ( 'NONE', #1876, #81 ) ;
#1515 = VERTEX_POINT ( 'NONE', #1126 ) ;
#1516 = VERTEX_POINT ( 'NONE', #1871 ) ;
#1517 = ADVANCED_FACE ( 'NONE', ( #200 ), #1818, .F. ) ;
#1518 = CARTESIAN_POINT ( 'NONE',  ( -0.5000000000000000000, 0.5000000000000000000, -0.4219488188976378007 ) ) ;
#1519 = CARTESIAN_POINT ( 'NONE',  ( -0.5000000000000000000, 0.0000000000000000000, -1.179921259842519721 ) ) ;
#1520 = ORIENTED_EDGE ( 'NONE', *, *, #756, .F. ) ;
#1521 = DIRECTION ( 'NONE',  ( 0.0000000000000000000, 1.000000000000000000, 0.0000000000000000000 ) ) ;
#1522 = DIRECTION ( 'NONE',  ( -1.000000000000000000, -0.0000000000000000000, -0.0000000000000000000 ) ) ;
#1523 = EDGE_CURVE ( 'NONE', #1527, #1006, #526, .T. ) ;
#1524 = ORIENTED_EDGE ( 'NONE', *, *, #1420, .T. ) ;
#1525 = LINE ( 'NONE', #1706, #622 ) ;
#1526 = AXIS2_PLACEMENT_3D ( 'NONE', #1643, #2379, #746 ) ;
#1527 = VERTEX_POINT ( 'NONE', #923 ) ;
#1528 = FACE_OUTER_BOUND ( 'NONE', #2238, .T. ) ;
#1529 = VECTOR ( 'NONE', #990, 39.37007874015748143 ) ;
#1530 = DIRECTION ( 'NONE',  ( 0.0000000000000000000, 0.0000000000000000000, 1.000000000000000000 ) ) ;
#1531 = AXIS2_PLACEMENT_3D ( 'NONE', #1936, #74, #1398 ) ;
#1532 = DIRECTION ( 'NONE',  ( 2.891205793294687300E-15, 0.0000000000000000000, -1.000000000000000000 ) ) ;
#1533 = VECTOR ( 'NONE', #1942, 39.37007874015748143 ) ;
#1534 = ORIENTED_EDGE ( 'NONE', *, *, #2019, .F. ) ;
#1535 = DIRECTION ( 'NONE',  ( 0.0000000000000000000, 0.0000000000000000000, 1.000000000000000000 ) ) ;
#1536 = EDGE_CURVE ( 'NONE', #478, #35, #2266, .T. ) ;
#1537 = DIRECTION ( 'NONE',  ( 0.0000000000000000000, -1.000000000000000000, 0.0000000000000000000 ) ) ;
#1538 = VERTEX_POINT ( 'NONE', #178 ) ;
#1539 = LINE ( 'NONE', #793, #537 ) ;
#1540 = ORIENTED_EDGE ( 'NONE', *, *, #841, .T. ) ;
#1541 = DIRECTION ( 'NONE',  ( -1.000000000000000000, -0.0000000000000000000, -0.0000000000000000000 ) ) ;
#1542 = DIRECTION ( 'NONE',  ( 0.0000000000000000000, 0.0000000000000000000, 1.000000000000000000 ) ) ;
#1543 = DIRECTION ( 'NONE',  ( 0.0000000000000000000, 1.000000000000000000, 0.0000000000000000000 ) ) ;
#1544 = LINE ( 'NONE', #276, #1248 ) ;
#1545 = EDGE_LOOP ( 'NONE', ( #248, #41, #528, #169 ) ) ;
#1546 = PLANE ( 'NONE',  #1619 ) ;
#1547 = DIRECTION ( 'NONE',  ( -0.0000000000000000000, -0.0000000000000000000, -1.000000000000000000 ) ) ;
#1548 = LINE ( 'NONE', #61, #1896 ) ;
#1549 = CARTESIAN_POINT ( 'NONE',  ( 0.5000000000000001110, 0.5000000000000000000, -0.9272637795275591177 ) ) ;
#1550 = CARTESIAN_POINT ( 'NONE',  ( -0.4527559055118110520, 0.4523622047244094668, 0.2000000000000000111 ) ) ;
#1551 = CARTESIAN_POINT ( 'NONE',  ( 0.4527559055118110520, 0.5000000000000000000, -1.179921259842519721 ) ) ;
#1552 = VECTOR ( 'NONE', #1427, 39.37007874015748143 ) ;
#1553 = CARTESIAN_POINT ( 'NONE',  ( -1.164378748008211143E-17, 0.04724409448818897572, -0.7750000000000000222 ) ) ;
#1554 = ORIENTED_EDGE ( 'NONE', *, *, #590, .T. ) ;
#1555 = LINE ( 'NONE', #2295, #1657 ) ;
#1556 = CARTESIAN_POINT ( 'NONE',  ( -0.5000000000000001110, 0.5000000000000000000, -1.010629921259842190 ) ) ;
#1557 = DIRECTION ( 'NONE',  ( 1.000000000000000000, 0.0000000000000000000, 0.0000000000000000000 ) ) ;
#1558 = EDGE_CURVE ( 'NONE', #162, #2190, #1497, .T. ) ;
#1559 = CARTESIAN_POINT ( 'NONE',  ( 0.4527559055118110520, 0.5000000000000000000, -1.179921259842519721 ) ) ;
#1560 = CARTESIAN_POINT ( 'NONE',  ( -0.4527559055118110520, 0.04724409448818897572, -1.179921259842519721 ) ) ;
#1561 = DIRECTION ( 'NONE',  ( 0.0000000000000000000, 1.000000000000000000, 0.0000000000000000000 ) ) ;
#1562 = DIRECTION ( 'NONE',  ( -1.000000000000000000, 0.0000000000000000000, -2.891205793294687300E-15 ) ) ;
#1563 = VERTEX_POINT ( 'NONE', #1258 ) ;
#1564 = CARTESIAN_POINT ( 'NONE',  ( 0.4527559055118112186, 0.0000000000000000000, -0.6746062992125982927 ) ) ;
#1565 = VECTOR ( 'NONE', #2101, 39.37007874015748143 ) ;
#1566 = AXIS2_PLACEMENT_3D ( 'NONE', #285, #796, #631 ) ;
#1567 = VECTOR ( 'NONE', #1783, 39.37007874015748143 ) ;
#1568 = LINE ( 'NONE', #648, #1357 ) ;
#1569 = PLANE ( 'NONE',  #518 ) ;
#1570 = LINE ( 'NONE', #2310, #602 ) ;
#1571 = DIRECTION ( 'NONE',  ( 1.000000000000000000, 0.0000000000000000000, 0.0000000000000000000 ) ) ;
#1572 = DIRECTION ( 'NONE',  ( 0.0000000000000000000, 0.0000000000000000000, 1.000000000000000000 ) ) ;
#1573 = ORIENTED_EDGE ( 'NONE', *, *, #1226, .T. ) ;
#1574 = DIRECTION ( 'NONE',  ( 0.0000000000000000000, 0.0000000000000000000, -1.000000000000000000 ) ) ;
#1575 = UNCERTAINTY_MEASURE_WITH_UNIT (LENGTH_MEASURE( 1.000000000000000082E-05 ), #704, 'distance_accuracy_value', 'NONE');
#1576 = FACE_OUTER_BOUND ( 'NONE', #168, .T. ) ;
#1577 = LINE ( 'NONE', #292, #813 ) ;
#1578 = ORIENTED_EDGE ( 'NONE', *, *, #815, .T. ) ;
#1579 = CARTESIAN_POINT ( 'NONE',  ( 0.4527559055118110520, 0.0000000000000000000, -1.179921259842519721 ) ) ;
#1580 = DIRECTION ( 'NONE',  ( 0.0000000000000000000, 1.000000000000000000, 0.0000000000000000000 ) ) ;
#1581 = DIRECTION ( 'NONE',  ( 0.0000000000000000000, -1.000000000000000000, 0.0000000000000000000 ) ) ;
#1582 = EDGE_CURVE ( 'NONE', #902, #176, #1649, .T. ) ;
#1583 = ORIENTED_EDGE ( 'NONE', *, *, #330, .T. ) ;
#1584 = CARTESIAN_POINT ( 'NONE',  ( -0.4527559055118110520, 0.04724409448818897572, -1.179921259842519721 ) ) ;
#1585 = EDGE_CURVE ( 'NONE', #346, #1977, #368, .T. ) ;
#1586 = LINE ( 'NONE', #2325, #1449 ) ;
#1587 = LINE ( 'NONE', #104, #1334 ) ;
#1588 = DIRECTION ( 'NONE',  ( 0.0000000000000000000, 0.0000000000000000000, 1.000000000000000000 ) ) ;
#1589 = ORIENTED_EDGE ( 'NONE', *, *, #1941, .T. ) ;
#1590 = CC_DESIGN_PERSON_AND_ORGANIZATION_ASSIGNMENT ( #1627, #2196, ( #1935 ) ) ;
#1591 = EDGE_CURVE ( 'NONE', #1023, #376, #1270, .T. ) ;
#1592 = CARTESIAN_POINT ( 'NONE',  ( -0.4527559055118111075, 0.0000000000000000000, -0.7579724409448818090 ) ) ;
#1593 = CARTESIAN_POINT ( 'NONE',  ( 0.5000000000000001110, 0.5000000000000000000, -1.010629921259842412 ) ) ;
#1594 = FACE_OUTER_BOUND ( 'NONE', #32, .T. ) ;
#1595 = ORIENTED_EDGE ( 'NONE', *, *, #568, .T. ) ;
#1596 = FACE_OUTER_BOUND ( 'NONE', #1653, .T. ) ;
#1597 = ADVANCED_FACE ( 'NONE', ( #1087 ), #1829, .F. ) ;
#1598 = VECTOR ( 'NONE', #2119, 39.37007874015748143 ) ;
#1599 = CARTESIAN_POINT ( 'NONE',  ( 0.5000000000000000000, 0.5000000000000000000, -1.179921259842519721 ) ) ;
#1600 = CIRCLE ( 'NONE', #1911, 0.04724409448818896184 ) ;
#1601 = ADVANCED_FACE ( 'NONE', ( #260 ), #1930, .T. ) ;
#1602 = FACE_OUTER_BOUND ( 'NONE', #1263, .T. ) ;
#1603 = AXIS2_PLACEMENT_3D ( 'NONE', #2198, #1079, #1059 ) ;
#1604 = VECTOR ( 'NONE', #97, 39.37007874015748143 ) ;
#1605 = CARTESIAN_POINT ( 'NONE',  ( -0.4527559055118110520, 0.5000000000000000000, -1.179921259842519721 ) ) ;
#1606 = EDGE_LOOP ( 'NONE', ( #1085, #1889, #2079, #2237 ) ) ;
#1607 = PLANE ( 'NONE',  #1994 ) ;
#1608 = FACE_OUTER_BOUND ( 'NONE', #195, .T. ) ;
#1609 = ORIENTED_EDGE ( 'NONE', *, *, #270, .F. ) ;
#1610 = DIRECTION ( 'NONE',  ( 0.0000000000000000000, 1.000000000000000000, 0.0000000000000000000 ) ) ;
#1611 = CARTESIAN_POINT ( 'NONE',  ( -0.4527559055118110520, 0.04724409448818897572, -1.179921259842519721 ) ) ;
#1612 = ORIENTED_EDGE ( 'NONE', *, *, #2175, .T. ) ;
#1613 = EDGE_CURVE ( 'NONE', #530, #1883, #1894, .T. ) ;
#1614 = DIRECTION ( 'NONE',  ( 0.0000000000000000000, -1.000000000000000000, 0.0000000000000000000 ) ) ;
#1615 = ADVANCED_FACE ( 'NONE', ( #800 ), #1362, .F. ) ;
#1616 = DIRECTION ( 'NONE',  ( 0.0000000000000000000, 1.000000000000000000, 0.0000000000000000000 ) ) ;
#1617 = VERTEX_POINT ( 'NONE', #996 ) ;
#1618 = LINE ( 'NONE', #2329, #2032 ) ;
#1619 = AXIS2_PLACEMENT_3D ( 'NONE', #238, #43, #1747 ) ;
#1620 = ORIENTED_EDGE ( 'NONE', *, *, #1779, .T. ) ;
#1621 = LINE ( 'NONE', #2358, #2012 ) ;
#1622 = VECTOR ( 'NONE', #1914, 39.37007874015748143 ) ;
#1623 = DIRECTION ( 'NONE',  ( 0.0000000000000000000, 1.000000000000000000, 0.0000000000000000000 ) ) ;
#1624 = EDGE_LOOP ( 'NONE', ( #726, #1850, #1620, #571, #374 ) ) ;
#1625 = VECTOR ( 'NONE', #272, 39.37007874015748143 ) ;
#1626 = DIRECTION ( 'NONE',  ( 0.0000000000000000000, 0.0000000000000000000, -1.000000000000000000 ) ) ;
#1627 = PERSON_AND_ORGANIZATION ( #1174, #308 ) ;
#1628 = ORIENTED_EDGE ( 'NONE', *, *, #874, .F. ) ;
#1629 = PRODUCT_DEFINITION_SHAPE ( 'NONE', 'NONE',  #130 ) ;
#1630 = DIRECTION ( 'NONE',  ( 1.000000000000000000, 0.0000000000000000000, 0.0000000000000000000 ) ) ;
#1631 = EDGE_CURVE ( 'NONE', #222, #509, #454, .T. ) ;
#1632 = ORIENTED_EDGE ( 'NONE', *, *, #855, .T. ) ;
#1633 = CARTESIAN_POINT ( 'NONE',  ( -0.5000000000000000000, 0.5000000000000000000, -0.9272637795275591177 ) ) ;
#1634 = EDGE_CURVE ( 'NONE', #613, #1393, #2246, .T. ) ;
#1635 = CARTESIAN_POINT ( 'NONE',  ( 0.5000000000000001110, 0.04724409448818896184, -0.6746062992125985147 ) ) ;
#1636 = ORIENTED_EDGE ( 'NONE', *, *, #1076, .T. ) ;
#1637 = CARTESIAN_POINT ( 'NONE',  ( -0.4527559055118111075, 0.0000000000000000000, -0.4219488188976378007 ) ) ;
#1638 = AXIS2_PLACEMENT_3D ( 'NONE', #1843, #545, #575 ) ;
#1639 = VECTOR ( 'NONE', #698, 39.37007874015748143 ) ;
#1640 = ORIENTED_EDGE ( 'NONE', *, *, #667, .T. ) ;
#1641 = VECTOR ( 'NONE', #1013, 39.37007874015748143 ) ;
#1642 = CARTESIAN_POINT ( 'NONE',  ( -0.5000000000000000000, 0.4523622047244094668, 0.2000000000000000111 ) ) ;
#1643 = CARTESIAN_POINT ( 'NONE',  ( 0.5000000000000000000, 0.5000000000000000000, -1.179921259842519721 ) ) ;
#1644 = ORIENTED_EDGE ( 'NONE', *, *, #1837, .T. ) ;
#1645 = ORIENTED_EDGE ( 'NONE', *, *, #1351, .T. ) ;
#1646 = CARTESIAN_POINT ( 'NONE',  ( 0.5000000000000001110, 0.04724409448818896184, -0.4219488188976378007 ) ) ;
#1647 = DIRECTION ( 'NONE',  ( 0.0000000000000000000, 0.0000000000000000000, -1.000000000000000000 ) ) ;
#1648 = ORIENTED_EDGE ( 'NONE', *, *, #2210, .T. ) ;
#1649 = LINE ( 'NONE', #2004, #64 ) ;
#1650 = ORIENTED_EDGE ( 'NONE', *, *, #1634, .T. ) ;
#1651 = LINE ( 'NONE', #731, #1490 ) ;
#1652 = ORIENTED_EDGE ( 'NONE', *, *, #1312, .T. ) ;
#1653 = EDGE_LOOP ( 'NONE', ( #2230, #1047, #839, #2054, #953 ) ) ;
#1654 = ORIENTED_EDGE ( 'NONE', *, *, #2210, .F. ) ;
#1655 = LINE ( 'NONE', #749, #80 ) ;
#1656 = ADVANCED_FACE ( 'NONE', ( #2258 ), #1546, .T. ) ;
#1657 = VECTOR ( 'NONE', #614, 39.37007874015748143 ) ;
#1658 = DIRECTION ( 'NONE',  ( 0.0000000000000000000, 0.0000000000000000000, 1.000000000000000000 ) ) ;
#1659 = VERTEX_POINT ( 'NONE', #814 ) ;
#1660 = AXIS2_PLACEMENT_3D ( 'NONE', #952, #964, #425 ) ;
#1661 = DIRECTION ( 'NONE',  ( 0.0000000000000000000, 0.0000000000000000000, -1.000000000000000000 ) ) ;
#1662 = EDGE_CURVE ( 'NONE', #965, #689, #249, .T. ) ;
#1663 = SECURITY_CLASSIFICATION ( '', '', #888 ) ;
#1664 = PERSON_AND_ORGANIZATION ( #1174, #308 ) ;
#1665 = FACE_OUTER_BOUND ( 'NONE', #767, .T. ) ;
#1666 = ORIENTED_EDGE ( 'NONE', *, *, #669, .F. ) ;
#1667 = EDGE_CURVE ( 'NONE', #1329, #1858, #2270, .T. ) ;
#1668 = EDGE_CURVE ( 'NONE', #2073, #385, #1194, .T. ) ;
#1669 = ORIENTED_EDGE ( 'NONE', *, *, #900, .T. ) ;
#1670 = ORIENTED_EDGE ( 'NONE', *, *, #492, .F. ) ;
#1671 = ORIENTED_EDGE ( 'NONE', *, *, #1674, .F. ) ;
#1672 = CARTESIAN_POINT ( 'NONE',  ( 0.4527559055118110520, 0.4523622047244096334, 0.2000000000000000111 ) ) ;
#1673 = DIRECTION ( 'NONE',  ( -0.0000000000000000000, -0.0000000000000000000, -1.000000000000000000 ) ) ;
#1674 = EDGE_CURVE ( 'NONE', #1693, #857, #1555, .T. ) ;
#1675 = VERTEX_POINT ( 'NONE', #1713 ) ;
#1676 = DIRECTION ( 'NONE',  ( -1.000000000000000000, 0.0000000000000000000, 0.0000000000000000000 ) ) ;
#1677 = EDGE_CURVE ( 'NONE', #1023, #1680, #303, .T. ) ;
#1678 = CALENDAR_DATE ( 2019, 25, 10 ) ;
#1679 = CARTESIAN_POINT ( 'NONE',  ( -0.4527559055118111075, 0.0000000000000000000, -0.7579724409448818090 ) ) ;
#1680 = VERTEX_POINT ( 'NONE', #1373 ) ;
#1681 = AXIS2_PLACEMENT_3D ( 'NONE', #1280, #1308, #774 ) ;
#1682 = VERTEX_POINT ( 'NONE', #1907 ) ;
#1683 = LINE ( 'NONE', #26, #941 ) ;
#1684 = VERTEX_POINT ( 'NONE', #405 ) ;
#1685 = VECTOR ( 'NONE', #1171, 39.37007874015748143 ) ;
#1686 = CARTESIAN_POINT ( 'NONE',  ( -0.4527559055118111075, 0.5000000000000000000, -0.7579724409448818090 ) ) ;
#1687 = VECTOR ( 'NONE', #1561, 39.37007874015748143 ) ;
#1688 = FACE_OUTER_BOUND ( 'NONE', #1491, .T. ) ;
#1689 = ORIENTED_EDGE ( 'NONE', *, *, #1405, .F. ) ;
#1690 = DIRECTION ( 'NONE',  ( -1.000000000000000000, 0.0000000000000000000, 0.0000000000000000000 ) ) ;
#1691 = EDGE_CURVE ( 'NONE', #567, #1675, #1141, .T. ) ;
#1692 = CARTESIAN_POINT ( 'NONE',  ( 0.4527559055118110520, 0.5000000000000000000, 0.0000000000000000000 ) ) ;
#1693 = VERTEX_POINT ( 'NONE', #959 ) ;
#1694 = LINE ( 'NONE', #2273, #1231 ) ;
#1695 = ORIENTED_EDGE ( 'NONE', *, *, #2104, .F. ) ;
#1696 = ORIENTED_EDGE ( 'NONE', *, *, #2278, .T. ) ;
#1697 = DIRECTION ( 'NONE',  ( 1.000000000000000000, 0.0000000000000000000, 0.0000000000000000000 ) ) ;
#1698 = DIRECTION ( 'NONE',  ( 0.0000000000000000000, -1.000000000000000000, 0.0000000000000000000 ) ) ;
#1699 = ORIENTED_EDGE ( 'NONE', *, *, #1236, .F. ) ;
#1700 = CARTESIAN_POINT ( 'NONE',  ( -0.4527559055118111075, 0.0000000000000000000, -0.5053149606299212060 ) ) ;
#1701 = EDGE_CURVE ( 'NONE', #2348, #1858, #226, .T. ) ;
#1702 = VECTOR ( 'NONE', #1880, 39.37007874015748143 ) ;
#1703 = DIRECTION ( 'NONE',  ( -1.000000000000000000, 0.0000000000000000000, 0.0000000000000000000 ) ) ;
#1704 = VERTEX_POINT ( 'NONE', #1349 ) ;
#1705 = EDGE_CURVE ( 'NONE', #1043, #1527, #1336, .T. ) ;
#1706 = CARTESIAN_POINT ( 'NONE',  ( 0.4527559055118112186, 0.0000000000000000000, -0.7579724409448818090 ) ) ;
#1707 = ORIENTED_EDGE ( 'NONE', *, *, #2123, .T. ) ;
#1708 = DIRECTION ( 'NONE',  ( 0.0000000000000000000, 0.0000000000000000000, 1.000000000000000000 ) ) ;
#1709 = ADVANCED_FACE ( 'NONE', ( #2089 ), #971, .T. ) ;
#1710 = CYLINDRICAL_SURFACE ( 'NONE', #2355, 0.04724409448818896184 ) ;
#1711 = CARTESIAN_POINT ( 'NONE',  ( 0.5000000000000001110, 0.04724409448818896184, -0.9272637795275591177 ) ) ;
#1712 = VERTEX_POINT ( 'NONE', #1164 ) ;
#1713 = CARTESIAN_POINT ( 'NONE',  ( 0.5000000000000000000, 0.3500000000000000333, 0.0000000000000000000 ) ) ;
#1714 = PLANE ( 'NONE',  #2149 ) ;
#1715 = ORIENTED_EDGE ( 'NONE', *, *, #2019, .T. ) ;
#1716 = DIRECTION ( 'NONE',  ( 0.0000000000000000000, 0.0000000000000000000, 1.000000000000000000 ) ) ;
#1717 = ORIENTED_EDGE ( 'NONE', *, *, #372, .F. ) ;
#1718 = CARTESIAN_POINT ( 'NONE',  ( -0.4527559055118110520, 0.0000000000000000000, -0.2526574803149604920 ) ) ;
#1719 = EDGE_CURVE ( 'NONE', #2047, #316, #472, .T. ) ;
#1720 = VECTOR ( 'NONE', #403, 39.37007874015748143 ) ;
#1721 = DIRECTION ( 'NONE',  ( 0.0000000000000000000, 0.0000000000000000000, 1.000000000000000000 ) ) ;
#1722 = VECTOR ( 'NONE', #1822, 39.37007874015748143 ) ;
#1723 = DIRECTION ( 'NONE',  ( 0.0000000000000000000, 0.0000000000000000000, 1.000000000000000000 ) ) ;
#1724 = AXIS2_PLACEMENT_3D ( 'NONE', #1074, #1458, #535 ) ;
#1725 = EDGE_LOOP ( 'NONE', ( #939, #1224, #426, #401 ) ) ;
#1726 = DIRECTION ( 'NONE',  ( 1.000000000000000000, 0.0000000000000000000, 0.0000000000000000000 ) ) ;
#1727 = APPROVAL_STATUS ( 'not_yet_approved' ) ;
#1728 = CARTESIAN_POINT ( 'NONE',  ( -0.4527559055118111631, 0.0000000000000000000, -1.010629921259842190 ) ) ;
#1729 = DIRECTION ( 'NONE',  ( 0.0000000000000000000, 0.0000000000000000000, 1.000000000000000000 ) ) ;
#1730 = CARTESIAN_POINT ( 'NONE',  ( 0.4527559055118112186, 0.0000000000000000000, -0.7579724409448818090 ) ) ;
#1731 = PLANE ( 'NONE',  #1531 ) ;
#1732 = DIRECTION ( 'NONE',  ( 0.0000000000000000000, 0.0000000000000000000, 1.000000000000000000 ) ) ;
#1733 = DIRECTION ( 'NONE',  ( 0.0000000000000000000, 0.0000000000000000000, 1.000000000000000000 ) ) ;
#1734 = ORIENTED_EDGE ( 'NONE', *, *, #1081, .F. ) ;
#1735 = CARTESIAN_POINT ( 'NONE',  ( 0.5000000000000000000, 0.5000000000000000000, -1.179921259842519721 ) ) ;
#1736 = EDGE_CURVE ( 'NONE', #1487, #613, #681, .T. ) ;
#1737 = CARTESIAN_POINT ( 'NONE',  ( 0.4527559055118111075, 0.0000000000000000000, -0.1692913385826771699 ) ) ;
#1738 = VECTOR ( 'NONE', #1940, 39.37007874015748143 ) ;
#1739 = DIRECTION ( 'NONE',  ( 0.0000000000000000000, 1.000000000000000000, 0.0000000000000000000 ) ) ;
#1740 = DIRECTION ( 'NONE',  ( 1.445602896647337339E-15, 0.0000000000000000000, -1.000000000000000000 ) ) ;
#1741 = DIRECTION ( 'NONE',  ( 0.0000000000000000000, 0.0000000000000000000, 1.000000000000000000 ) ) ;
#1742 = ADVANCED_FACE ( 'NONE', ( #1219 ), #1781, .F. ) ;
#1743 = DIRECTION ( 'NONE',  ( 1.000000000000000000, 0.0000000000000000000, 0.0000000000000000000 ) ) ;
#1744 = EDGE_CURVE ( 'NONE', #562, #467, #1965, .T. ) ;
#1745 = CARTESIAN_POINT ( 'NONE',  ( -0.4527559055118110520, 0.5000000000000000000, -1.179921259842519721 ) ) ;
#1746 = ORIENTED_EDGE ( 'NONE', *, *, #2283, .F. ) ;
#1747 = DIRECTION ( 'NONE',  ( 0.0000000000000000000, 0.0000000000000000000, -1.000000000000000000 ) ) ;
#1748 = ADVANCED_FACE ( 'NONE', ( #2170 ), #510, .F. ) ;
#1749 = LINE ( 'NONE', #1021, #1625 ) ;
#1750 = CARTESIAN_POINT ( 'NONE',  ( -0.4527559055118110520, 0.04724409448818897572, -0.7579724409448818090 ) ) ;
#1751 = DIRECTION ( 'NONE',  ( -1.000000000000000000, 0.0000000000000000000, 0.0000000000000000000 ) ) ;
#1752 = DIRECTION ( 'NONE',  ( -1.000000000000000000, 0.0000000000000000000, -1.445602896647337142E-15 ) ) ;
#1753 = FACE_OUTER_BOUND ( 'NONE', #2140, .T. ) ;
#1754 = AXIS2_PLACEMENT_3D ( 'NONE', #1948, #314, #298 ) ;
#1755 = ORIENTED_EDGE ( 'NONE', *, *, #920, .T. ) ;
#1756 = DIRECTION ( 'NONE',  ( -0.0000000000000000000, -0.0000000000000000000, -1.000000000000000000 ) ) ;
#1757 = VECTOR ( 'NONE', #2154, 39.37007874015748143 ) ;
#1758 = AXIS2_PLACEMENT_3D ( 'NONE', #1815, #126, #1064 ) ;
#1759 = DIRECTION ( 'NONE',  ( -1.000000000000000000, 0.0000000000000000000, 0.0000000000000000000 ) ) ;
#1760 = CIRCLE ( 'NONE', #410, 0.04724409448818896184 ) ;
#1761 = LINE ( 'NONE', #456, #1007 ) ;
#1762 = ADVANCED_FACE ( 'NONE', ( #2315 ), #1768, .F. ) ;
#1763 = ORIENTED_EDGE ( 'NONE', *, *, #93, .T. ) ;
#1764 = CARTESIAN_POINT ( 'NONE',  ( -0.5000000000000000000, 0.5000000000000000000, -0.4219488188976381338 ) ) ;
#1765 = DIRECTION ( 'NONE',  ( 0.0000000000000000000, -1.000000000000000000, 0.0000000000000000000 ) ) ;
#1766 = PLANE ( 'NONE',  #2259 ) ;
#1767 = ORIENTED_EDGE ( 'NONE', *, *, #596, .T. ) ;
#1768 = PLANE ( 'NONE',  #429 ) ;
#1769 = DIRECTION ( 'NONE',  ( 1.000000000000000000, 0.0000000000000000000, 0.0000000000000000000 ) ) ;
#1770 = EDGE_CURVE ( 'NONE', #45, #934, #2125, .T. ) ;
#1771 = CARTESIAN_POINT ( 'NONE',  ( -2.082863847368726172E-17, 0.04724409448818897572, -0.7000000000000000666 ) ) ;
#1772 = ORIENTED_EDGE ( 'NONE', *, *, #552, .T. ) ;
#1774 = ADVANCED_FACE ( 'NONE', ( #487 ), #1243, .T. ) ;
#1773 = LINE ( 'NONE', #2276, #1796 ) ;
#1775 = VECTOR ( 'NONE', #1029, 39.37007874015748143 ) ;
#1776 = CARTESIAN_POINT ( 'NONE',  ( 0.4527559055118112186, 0.5000000000000000000, -0.7579724409448818090 ) ) ;
#1777 = APPROVAL_PERSON_ORGANIZATION ( #1832, #2199, #1498 ) ;
#1778 = LINE ( 'NONE', #121, #1486 ) ;
#1779 = EDGE_CURVE ( 'NONE', #1487, #1242, #2346, .T. ) ;
#1780 = ORIENTED_EDGE ( 'NONE', *, *, #1165, .T. ) ;
#1781 = CYLINDRICAL_SURFACE ( 'NONE', #1895, 0.07500000000000002498 ) ;
#1782 = LINE ( 'NONE', #713, #99 ) ;
#1783 = DIRECTION ( 'NONE',  ( 0.0000000000000000000, 0.0000000000000000000, 1.000000000000000000 ) ) ;
#1784 = DIRECTION ( 'NONE',  ( 0.0000000000000000000, 1.000000000000000000, 0.0000000000000000000 ) ) ;
#1785 = ORIENTED_EDGE ( 'NONE', *, *, #804, .F. ) ;
#1786 = FACE_OUTER_BOUND ( 'NONE', #1900, .T. ) ;
#1787 = DIRECTION ( 'NONE',  ( -1.000000000000000000, 0.0000000000000000000, 0.0000000000000000000 ) ) ;
#1788 = EDGE_CURVE ( 'NONE', #2190, #665, #317, .T. ) ;
#1789 = DIRECTION ( 'NONE',  ( 0.0000000000000000000, 1.000000000000000000, 0.0000000000000000000 ) ) ;
#1790 = ORIENTED_EDGE ( 'NONE', *, *, #661, .T. ) ;
#1791 = DIRECTION ( 'NONE',  ( -1.000000000000000000, 0.0000000000000000000, 0.0000000000000000000 ) ) ;
#1792 = CYLINDRICAL_SURFACE ( 'NONE', #712, 0.04724409448818896184 ) ;
#1793 = ORIENTED_EDGE ( 'NONE', *, *, #1351, .F. ) ;
#1794 = VECTOR ( 'NONE', #499, 39.37007874015748143 ) ;
#1795 = PLANE ( 'NONE',  #287 ) ;
#1796 = VECTOR ( 'NONE', #819, 39.37007874015748143 ) ;
#1797 = VECTOR ( 'NONE', #694, 39.37007874015748143 ) ;
#1798 = CARTESIAN_POINT ( 'NONE',  ( -0.5000000000000000000, 0.5000000000000000000, -1.179921259842519721 ) ) ;
#1799 = ORIENTED_EDGE ( 'NONE', *, *, #2200, .F. ) ;
#1800 = LINE ( 'NONE', #2364, #1639 ) ;
#1801 = ORIENTED_EDGE ( 'NONE', *, *, #2106, .F. ) ;
#1802 = DIRECTION ( 'NONE',  ( 0.0000000000000000000, 0.0000000000000000000, -1.000000000000000000 ) ) ;
#1803 = DIRECTION ( 'NONE',  ( 0.0000000000000000000, 0.0000000000000000000, -1.000000000000000000 ) ) ;
#1804 = ORIENTED_EDGE ( 'NONE', *, *, #1613, .T. ) ;
#1805 = CARTESIAN_POINT ( 'NONE',  ( -0.4527559055118110520, 0.0000000000000000000, -1.179921259842519721 ) ) ;
#1806 = EDGE_CURVE ( 'NONE', #735, #1472, #502, .T. ) ;
#1807 = PERSON_AND_ORGANIZATION_ROLE ( 'creator' ) ;
#1808 = EDGE_LOOP ( 'NONE', ( #60, #1095, #2220, #1302 ) ) ;
#1809 = DIRECTION ( 'NONE',  ( 0.0000000000000000000, 0.0000000000000000000, 1.000000000000000000 ) ) ;
#1810 = AXIS2_PLACEMENT_3D ( 'NONE', #2281, #2065, #635 ) ;
#1811 = CC_DESIGN_DATE_AND_TIME_ASSIGNMENT ( #344, #2176, ( #130 ) ) ;
#1812 = ORIENTED_EDGE ( 'NONE', *, *, #1701, .F. ) ;
#1813 = CARTESIAN_POINT ( 'NONE',  ( 0.5000000000000000000, 0.04724409448818896184, -1.179921259842519721 ) ) ;
#1814 = VECTOR ( 'NONE', #463, 39.37007874015748143 ) ;
#1815 = CARTESIAN_POINT ( 'NONE',  ( 0.5000000000000000000, 0.5000000000000000000, -1.179921259842519721 ) ) ;
#1816 = EDGE_LOOP ( 'NONE', ( #699, #1715, #720, #1502, #1785 ) ) ;
#1817 = AXIS2_PLACEMENT_3D ( 'NONE', #1396, #1386, #1237 ) ;
#1818 = PLANE ( 'NONE',  #2226 ) ;
#1819 = ADVANCED_FACE ( 'NONE', ( #1596 ), #1394, .F. ) ;
#1820 = APPROVAL_STATUS ( 'not_yet_approved' ) ;
#1821 = EDGE_LOOP ( 'NONE', ( #1129, #159, #102, #1866 ) ) ;
#1822 = DIRECTION ( 'NONE',  ( 0.0000000000000000000, 0.0000000000000000000, 1.000000000000000000 ) ) ;
#1823 = VERTEX_POINT ( 'NONE', #647 ) ;
#1824 = VERTEX_POINT ( 'NONE', #300 ) ;
#1825 = VERTEX_POINT ( 'NONE', #666 ) ;
#1826 = DIRECTION ( 'NONE',  ( 1.000000000000000000, 0.0000000000000000000, 0.0000000000000000000 ) ) ;
#1827 = DIRECTION ( 'NONE',  ( 0.0000000000000000000, 0.0000000000000000000, -1.000000000000000000 ) ) ;
#1828 = EDGE_LOOP ( 'NONE', ( #2377, #1944, #1340, #1062, #180 ) ) ;
#1829 = PLANE ( 'NONE',  #1061 ) ;
#1830 = AXIS2_PLACEMENT_3D ( 'NONE', #235, #440, #1175 ) ;
#1831 = CARTESIAN_POINT ( 'NONE',  ( 0.4527559055118110520, 0.3500000000000000333, 0.2000000000000000111 ) ) ;
#1832 = PERSON_AND_ORGANIZATION ( #1174, #308 ) ;
#1833 = VECTOR ( 'NONE', #44, 39.37007874015748143 ) ;
#1834 = ORIENTED_EDGE ( 'NONE', *, *, #1165, .F. ) ;
#1835 = VECTOR ( 'NONE', #850, 39.37007874015748143 ) ;
#1836 = FACE_OUTER_BOUND ( 'NONE', #350, .T. ) ;
#1837 = EDGE_CURVE ( 'NONE', #395, #794, #137, .T. ) ;
#1838 = ORIENTED_EDGE ( 'NONE', *, *, #125, .F. ) ;
#1839 = VERTEX_POINT ( 'NONE', #1384 ) ;
#1840 = EDGE_CURVE ( 'NONE', #753, #1309, #2134, .T. ) ;
#1841 = ORIENTED_EDGE ( 'NONE', *, *, #460, .F. ) ;
#1842 = LINE ( 'NONE', #919, #657 ) ;
#1843 = CARTESIAN_POINT ( 'NONE',  ( 0.4527559055118110520, 0.04724409448818896184, -1.179921259842519721 ) ) ;
#1844 = EDGE_CURVE ( 'NONE', #362, #2023, #112, .T. ) ;
#1845 = ORIENTED_EDGE ( 'NONE', *, *, #312, .F. ) ;
#1846 = CARTESIAN_POINT ( 'NONE',  ( -0.5000000000000000000, 0.0000000000000000000, -0.9272637795275591177 ) ) ;
#1847 = EDGE_CURVE ( 'NONE', #530, #1189, #1038, .T. ) ;
#1848 = ORIENTED_EDGE ( 'NONE', *, *, #2175, .F. ) ;
#1849 = DIRECTION ( 'NONE',  ( 0.0000000000000000000, 0.0000000000000000000, 1.000000000000000000 ) ) ;
#1850 = ORIENTED_EDGE ( 'NONE', *, *, #1127, .T. ) ;
#1851 = ORIENTED_EDGE ( 'NONE', *, *, #2313, .T. ) ;
#1852 = EDGE_CURVE ( 'NONE', #1902, #2294, #124, .T. ) ;
#1853 = VERTEX_POINT ( 'NONE', #1307 ) ;
#1854 = DIRECTION ( 'NONE',  ( 0.0000000000000000000, 0.0000000000000000000, 1.000000000000000000 ) ) ;
#1855 = ADVANCED_FACE ( 'NONE', ( #363 ), #377, .F. ) ;
#1856 = AXIS2_PLACEMENT_3D ( 'NONE', #626, #442, #1190 ) ;
#1857 = DIRECTION ( 'NONE',  ( 1.445602896647337339E-15, 0.0000000000000000000, 1.000000000000000000 ) ) ;
#1858 = VERTEX_POINT ( 'NONE', #391 ) ;
#1859 = VECTOR ( 'NONE', #1756, 39.37007874015748143 ) ;
#1860 = CARTESIAN_POINT ( 'NONE',  ( -0.5000000000000000000, 0.04724409448818897572, -1.179921259842519721 ) ) ;
#1861 = ADVANCED_FACE ( 'NONE', ( #2051 ), #1111, .T. ) ;
#1862 = VECTOR ( 'NONE', #253, 39.37007874015748143 ) ;
#1863 = LINE ( 'NONE', #1288, #2303 ) ;
#1864 = ORIENTED_EDGE ( 'NONE', *, *, #1950, .T. ) ;
#1865 = ORIENTED_EDGE ( 'NONE', *, *, #1168, .T. ) ;
#1866 = ORIENTED_EDGE ( 'NONE', *, *, #1445, .F. ) ;
#1867 = EDGE_LOOP ( 'NONE', ( #1453, #2208, #705, #171 ) ) ;
#1868 = CARTESIAN_POINT ( 'NONE',  ( 0.5000000000000001110, 0.04724409448818896184, -0.1692913385826772255 ) ) ;
#1869 = CYLINDRICAL_SURFACE ( 'NONE', #1638, 0.04724409448818896184 ) ;
#1870 = ORIENTED_EDGE ( 'NONE', *, *, #2095, .T. ) ;
#1871 = CARTESIAN_POINT ( 'NONE',  ( 0.4527559055118110520, 0.5000000000000000000, -1.179921259842519721 ) ) ;
#1872 = EDGE_CURVE ( 'NONE', #608, #353, #886, .T. ) ;
#1873 = LINE ( 'NONE', #2227, #2334 ) ;
#1874 = EDGE_LOOP ( 'NONE', ( #1372, #78, #387, #1109 ) ) ;
#1875 = AXIS2_PLACEMENT_3D ( 'NONE', #1559, #829, #48 ) ;
#1876 = CARTESIAN_POINT ( 'NONE',  ( 0.4527559055118110520, 0.4523622047244096334, 0.2000000000000000111 ) ) ;
#1877 = EDGE_LOOP ( 'NONE', ( #1755, #1120, #1304, #1278, #1464 ) ) ;
#1878 = ORIENTED_EDGE ( 'NONE', *, *, #2254, .F. ) ;
#1879 = AXIS2_PLACEMENT_3D ( 'NONE', #589, #2081, #1703 ) ;
#1880 = DIRECTION ( 'NONE',  ( 0.0000000000000000000, 0.0000000000000000000, 1.000000000000000000 ) ) ;
#1881 = AXIS2_PLACEMENT_3D ( 'NONE', #2338, #1626, #2161 ) ;
#1882 = FACE_OUTER_BOUND ( 'NONE', #2026, .T. ) ;
#1883 = VERTEX_POINT ( 'NONE', #1813 ) ;
#1884 = CARTESIAN_POINT ( 'NONE',  ( 0.5000000000000000000, 0.3500000000000000333, 0.2000000000000000111 ) ) ;
#1885 = EDGE_CURVE ( 'NONE', #718, #1824, #1454, .T. ) ;
#1886 = CARTESIAN_POINT ( 'NONE',  ( 0.4527559055118111075, 0.0000000000000000000, -0.2526574803149605475 ) ) ;
#1887 = ORIENTED_EDGE ( 'NONE', *, *, #315, .T. ) ;
#1888 = CARTESIAN_POINT ( 'NONE',  ( 0.4527559055118110520, 0.5000000000000000000, -1.179921259842519721 ) ) ;
#1889 = ORIENTED_EDGE ( 'NONE', *, *, #1049, .T. ) ;
#1890 = CARTESIAN_POINT ( 'NONE',  ( 0.5000000000000000000, 0.4523622047244096334, 0.2000000000000000111 ) ) ;
#1891 = DIRECTION ( 'NONE',  ( 1.000000000000000000, 0.0000000000000000000, 0.0000000000000000000 ) ) ;
#1892 = CARTESIAN_POINT ( 'NONE',  ( 0.4527559055118110520, 0.0000000000000000000, -0.4219488188976381338 ) ) ;
#1893 = EDGE_LOOP ( 'NONE', ( #1645, #2280, #1648, #2007, #2353 ) ) ;
#1894 = LINE ( 'NONE', #1735, #1493 ) ;
#1895 = AXIS2_PLACEMENT_3D ( 'NONE', #328, #1208, #1987 ) ;
#1896 = VECTOR ( 'NONE', #1366, 39.37007874015748143 ) ;
#1897 = ADVANCED_FACE ( 'NONE', ( #1279 ), #1123, .F. ) ;
#1898 = AXIS2_PLACEMENT_3D ( 'NONE', #875, #477, #672 ) ;
#1899 = DIRECTION ( 'NONE',  ( 0.0000000000000000000, 1.000000000000000000, 0.0000000000000000000 ) ) ;
#1900 = EDGE_LOOP ( 'NONE', ( #2274, #1845, #1110, #1281 ) ) ;
#1901 = LINE ( 'NONE', #628, #2356 ) ;
#1902 = VERTEX_POINT ( 'NONE', #1633 ) ;
#1903 = PLANE ( 'NONE',  #1444 ) ;
#1904 = CARTESIAN_POINT ( 'NONE',  ( 0.4527559055118112186, 0.04724409448818896184, -0.6746062992125982927 ) ) ;
#1905 = FACE_OUTER_BOUND ( 'NONE', #2252, .T. ) ;
#1906 = VERTEX_POINT ( 'NONE', #931 ) ;
#1907 = CARTESIAN_POINT ( 'NONE',  ( 0.4527559055118110520, 0.04724409448818897572, 0.0000000000000000000 ) ) ;
#1908 = CARTESIAN_POINT ( 'NONE',  ( -0.4527559055118111631, 0.5000000000000000000, -0.9272637795275591177 ) ) ;
#1909 = CYLINDRICAL_SURFACE ( 'NONE', #1315, 0.04724409448818896184 ) ;
#1910 = LINE ( 'NONE', #2309, #1090 ) ;
#1911 = AXIS2_PLACEMENT_3D ( 'NONE', #1439, #1256, #511 ) ;
#1912 = LINE ( 'NONE', #264, #1685 ) ;
#1913 = EDGE_CURVE ( 'NONE', #162, #1906, #2024, .T. ) ;
#1914 = DIRECTION ( 'NONE',  ( 0.0000000000000000000, 0.0000000000000000000, 1.000000000000000000 ) ) ;
#1915 = VECTOR ( 'NONE', #1809, 39.37007874015748143 ) ;
#1916 = CARTESIAN_POINT ( 'NONE',  ( -0.5000000000000000000, 0.5000000000000000000, -0.1692913385826775030 ) ) ;
#1917 = EDGE_CURVE ( 'NONE', #467, #1147, #1655, .T. ) ;
#1918 = CIRCLE ( 'NONE', #448, 0.04724409448818896184 ) ;
#1919 = ORIENTED_EDGE ( 'NONE', *, *, #1806, .T. ) ;
#1920 = DIRECTION ( 'NONE',  ( 0.0000000000000000000, 0.0000000000000000000, -1.000000000000000000 ) ) ;
#1921 = DIRECTION ( 'NONE',  ( 1.000000000000000000, 0.0000000000000000000, 0.0000000000000000000 ) ) ;
#1922 = EDGE_CURVE ( 'NONE', #1516, #222, #3, .T. ) ;
#1923 = CARTESIAN_POINT ( 'NONE',  ( 0.5000000000000001110, 0.0000000000000000000, -0.7579724409448816980 ) ) ;
#1924 = PLANE ( 'NONE',  #408 ) ;
#1925 = DIRECTION ( 'NONE',  ( 1.000000000000000000, 0.0000000000000000000, 0.0000000000000000000 ) ) ;
#1926 = CARTESIAN_POINT ( 'NONE',  ( 0.4527559055118110520, 0.5000000000000000000, -1.179921259842519721 ) ) ;
#1927 = EDGE_CURVE ( 'NONE', #2048, #2073, #880, .T. ) ;
#1928 = CARTESIAN_POINT ( 'NONE',  ( -0.5000000000000000000, 0.0000000000000000000, -1.179921259842519721 ) ) ;
#1929 = ORIENTED_EDGE ( 'NONE', *, *, #460, .T. ) ;
#1930 = PLANE ( 'NONE',  #22 ) ;
#1931 = ADVANCED_FACE ( 'NONE', ( #544 ), #1254, .T. ) ;
#1932 = AXIS2_PLACEMENT_3D ( 'NONE', #2324, #2307, #1402 ) ;
#1933 = CARTESIAN_POINT ( 'NONE',  ( -0.4527559055118111075, 0.04724409448818897572, -0.5053149606299212060 ) ) ;
#1934 = DIRECTION ( 'NONE',  ( 1.000000000000000000, 0.0000000000000000000, 0.0000000000000000000 ) ) ;
#1935 = PRODUCT_DEFINITION_FORMATION_WITH_SPECIFIED_SOURCE ( 'ANY', '', #2212, .NOT_KNOWN. ) ;
#1936 = CARTESIAN_POINT ( 'NONE',  ( -0.5000000000000000000, 0.4523622047244094668, 0.2000000000000000111 ) ) ;
#1937 = LINE ( 'NONE', #86, #1376 ) ;
#1938 = DIRECTION ( 'NONE',  ( -1.000000000000000000, 0.0000000000000000000, 0.0000000000000000000 ) ) ;
#1939 = EDGE_LOOP ( 'NONE', ( #497, #62, #730, #2360, #2382 ) ) ;
#1940 = DIRECTION ( 'NONE',  ( 1.000000000000000000, 0.0000000000000000000, 0.0000000000000000000 ) ) ;
#1941 = EDGE_CURVE ( 'NONE', #14, #2102, #2191, .T. ) ;
#1942 = DIRECTION ( 'NONE',  ( 1.000000000000000000, 0.0000000000000000000, -1.445602896647337536E-15 ) ) ;
#1943 = LINE ( 'NONE', #1969, #5 ) ;
#1944 = ORIENTED_EDGE ( 'NONE', *, *, #878, .T. ) ;
#1945 = EDGE_CURVE ( 'NONE', #1309, #1468, #15, .T. ) ;
#1946 = CARTESIAN_POINT ( 'NONE',  ( -0.4527559055118110520, 0.0000000000000000000, -1.179921259842519721 ) ) ;
#1947 = CARTESIAN_POINT ( 'NONE',  ( -0.4527559055118110520, 0.04724409448818897572, -1.179921259842519721 ) ) ;
#1948 = CARTESIAN_POINT ( 'NONE',  ( -0.4527559055118110520, 0.0000000000000000000, -1.179921259842519721 ) ) ;
#1949 = AXIS2_PLACEMENT_3D ( 'NONE', #843, #1789, #1400 ) ;
#1950 = EDGE_CURVE ( 'NONE', #366, #1329, #1842, .T. ) ;
#1951 = ORIENTED_EDGE ( 'NONE', *, *, #1582, .T. ) ;
#1952 = DIRECTION ( 'NONE',  ( 0.0000000000000000000, 0.0000000000000000000, 1.000000000000000000 ) ) ;
#1953 = AXIS2_PLACEMENT_3D ( 'NONE', #1239, #2178, #337 ) ;
#1954 = VECTOR ( 'NONE', #895, 39.37007874015748143 ) ;
#1955 = LINE ( 'NONE', #489, #678 ) ;
#1956 = APPLICATION_CONTEXT ( 'configuration controlled 3d designs of mechanical parts and assemblies' ) ;
#1957 = EDGE_CURVE ( 'NONE', #1680, #1214, #1621, .T. ) ;
#1958 = CARTESIAN_POINT ( 'NONE',  ( 0.5000000000000001110, 0.0000000000000000000, -0.6746062992125985147 ) ) ;
#1959 = EDGE_CURVE ( 'NONE', #721, #2348, #2180, .T. ) ;
#1960 = ORIENTED_EDGE ( 'NONE', *, *, #993, .F. ) ;
#1961 = CARTESIAN_POINT ( 'NONE',  ( -0.4527559055118111075, 0.04724409448818897572, -0.4219488188976378007 ) ) ;
#1962 = CARTESIAN_POINT ( 'NONE',  ( -0.5000000000000000000, 0.04724409448818897572, -1.179921259842519721 ) ) ;
#1963 = PLANE ( 'NONE',  #1754 ) ;
#1964 = ORIENTED_EDGE ( 'NONE', *, *, #1262, .F. ) ;
#1965 = LINE ( 'NONE', #823, #1552 ) ;
#1966 = PLANE ( 'NONE',  #1758 ) ;
#1967 = CARTESIAN_POINT ( 'NONE',  ( 0.5000000000000000000, 0.5000000000000000000, 0.0000000000000000000 ) ) ;
#1968 = EDGE_CURVE ( 'NONE', #1145, #2040, #892, .T. ) ;
#1969 = CARTESIAN_POINT ( 'NONE',  ( -0.5000000000000001110, 0.0000000000000000000, -1.010629921259842190 ) ) ;
#1970 = VECTOR ( 'NONE', #103, 39.37007874015748143 ) ;
#1971 = VERTEX_POINT ( 'NONE', #906 ) ;
#1972 = CARTESIAN_POINT ( 'NONE',  ( 0.4527559055118112186, 0.0000000000000000000, -0.7579724409448818090 ) ) ;
#1973 = VECTOR ( 'NONE', #595, 39.37007874015748143 ) ;
#1974 = LINE ( 'NONE', #2142, #1451 ) ;
#1975 = VECTOR ( 'NONE', #1213, 39.37007874015748143 ) ;
#1976 = CARTESIAN_POINT ( 'NONE',  ( -0.5000000000000000000, 0.3499999999999999778, 0.0000000000000000000 ) ) ;
#1977 = VERTEX_POINT ( 'NONE', #1646 ) ;
#1978 = DIRECTION ( 'NONE',  ( 0.0000000000000000000, 0.0000000000000000000, -1.000000000000000000 ) ) ;
#1979 = CARTESIAN_POINT ( 'NONE',  ( 0.5000000000000001110, 0.0000000000000000000, -1.010629921259842412 ) ) ;
#1980 = ORIENTED_EDGE ( 'NONE', *, *, #1968, .T. ) ;
#1981 = DIRECTION ( 'NONE',  ( 0.0000000000000000000, 0.0000000000000000000, -1.000000000000000000 ) ) ;
#1982 = FACE_OUTER_BOUND ( 'NONE', #2202, .T. ) ;
#1983 = ORIENTED_EDGE ( 'NONE', *, *, #2287, .T. ) ;
#1984 = CARTESIAN_POINT ( 'NONE',  ( 0.5000000000000001110, 0.0000000000000000000, -0.9272637795275591177 ) ) ;
#1985 = CYLINDRICAL_SURFACE ( 'NONE', #1252, 0.04724409448818896184 ) ;
#1986 = ORIENTED_EDGE ( 'NONE', *, *, #2365, .T. ) ;
#1987 = DIRECTION ( 'NONE',  ( 0.0000000000000000000, 0.0000000000000000000, 1.000000000000000000 ) ) ;
#1988 = EDGE_CURVE ( 'NONE', #1996, #1460, #234, .T. ) ;
#1989 = LINE ( 'NONE', #523, #903 ) ;
#1990 = ORIENTED_EDGE ( 'NONE', *, *, #2129, .T. ) ;
#1991 = AXIS2_PLACEMENT_3D ( 'NONE', #1519, #1507, #2243 ) ;
#1992 = CARTESIAN_POINT ( 'NONE',  ( 0.4527559055118110520, 0.0000000000000000000, -0.4219488188976377452 ) ) ;
#1993 = EDGE_CURVE ( 'NONE', #2040, #190, #223, .T. ) ;
#1994 = AXIS2_PLACEMENT_3D ( 'NONE', #311, #1251, #1461 ) ;
#1995 = APPROVAL_DATE_TIME ( #1088, #2248 ) ;
#1996 = VERTEX_POINT ( 'NONE', #402 ) ;
#1997 = CC_DESIGN_DATE_AND_TIME_ASSIGNMENT ( #1273, #2017, ( #1663 ) ) ;
#1998 = DIRECTION ( 'NONE',  ( 0.0000000000000000000, 1.000000000000000000, 0.0000000000000000000 ) ) ;
#1999 = EDGE_LOOP ( 'NONE', ( #185, #1229, #872, #1475, #500, #2319, #916, #221, #891, #1671 ) ) ;
#2000 = CARTESIAN_POINT ( 'NONE',  ( 0.4527559055118110520, 0.3500000000000000333, 0.2000000000000000111 ) ) ;
#2001 = EDGE_CURVE ( 'NONE', #1260, #770, #2112, .T. ) ;
#2002 = CYLINDRICAL_SURFACE ( 'NONE', #282, 0.04724409448818896184 ) ;
#2003 = ORIENTED_EDGE ( 'NONE', *, *, #733, .T. ) ;
#2004 = CARTESIAN_POINT ( 'NONE',  ( -0.5000000000000000000, 0.4523622047244094668, 0.2000000000000000111 ) ) ;
#2005 = ORIENTED_EDGE ( 'NONE', *, *, #707, .T. ) ;
#2006 = PERSON_AND_ORGANIZATION ( #1174, #308 ) ;
#2007 = ORIENTED_EDGE ( 'NONE', *, *, #2174, .F. ) ;
#2008 = CARTESIAN_POINT ( 'NONE',  ( 0.5000000000000000000, 0.5000000000000000000, -1.179921259842519721 ) ) ;
#2009 = EDGE_LOOP ( 'NONE', ( #1513, #1108, #2182, #7 ) ) ;
#2010 = ORIENTED_EDGE ( 'NONE', *, *, #2200, .T. ) ;
#2011 = DIRECTION ( 'NONE',  ( -1.000000000000000000, 0.0000000000000000000, 0.0000000000000000000 ) ) ;
#2012 = VECTOR ( 'NONE', #700, 39.37007874015748143 ) ;
#2013 = DIRECTION ( 'NONE',  ( 1.000000000000000000, 0.0000000000000000000, -2.891205793294687694E-15 ) ) ;
#2014 = VERTEX_POINT ( 'NONE', #450 ) ;
#2015 = CARTESIAN_POINT ( 'NONE',  ( -1.164378748008211143E-17, -8.537024980200822558E-18, -0.7750000000000000222 ) ) ;
#2016 = ADVANCED_FACE ( 'NONE', ( #416 ), #257, .F. ) ;
#2017 = DATE_TIME_ROLE ( 'classification_date' ) ;
#2018 = ORIENTED_EDGE ( 'NONE', *, *, #98, .T. ) ;
#2019 = EDGE_CURVE ( 'NONE', #689, #905, #1135, .T. ) ;
#2020 = CARTESIAN_POINT ( 'NONE',  ( -2.082863847368726172E-17, -8.537024980200822558E-18, -0.7000000000000000666 ) ) ;
#2021 = LINE ( 'NONE', #1474, #475 ) ;
#2022 = VERTEX_POINT ( 'NONE', #209 ) ;
#2023 = VERTEX_POINT ( 'NONE', #2086 ) ;
#2024 = LINE ( 'NONE', #2383, #464 ) ;
#2025 = CARTESIAN_POINT ( 'NONE',  ( -0.4527559055118110520, 0.04724409448818897572, -0.1692913385826772255 ) ) ;
#2026 = EDGE_LOOP ( 'NONE', ( #940, #1016, #1595, #889, #2257 ) ) ;
#2027 = EDGE_CURVE ( 'NONE', #1260, #1145, #808, .T. ) ;
#2028 = EDGE_CURVE ( 'NONE', #1858, #1282, #1149, .T. ) ;
#2029 = ORIENTED_EDGE ( 'NONE', *, *, #49, .F. ) ;
#2030 = CARTESIAN_POINT ( 'NONE',  ( 0.4527559055118110520, 0.3500000000000000333, 0.0000000000000000000 ) ) ;
#2031 = CIRCLE ( 'NONE', #2223, 0.04724409448818896184 ) ;
#2032 = VECTOR ( 'NONE', #2342, 39.37007874015748143 ) ;
#2033 = EDGE_CURVE ( 'NONE', #2371, #385, #2099, .T. ) ;
#2034 = ORIENTED_EDGE ( 'NONE', *, *, #279, .F. ) ;
#2035 = AXIS2_PLACEMENT_3D ( 'NONE', #261, #1365, #1921 ) ;
#2036 = LINE ( 'NONE', #1886, #1833 ) ;
#2037 = ADVANCED_FACE ( 'NONE', ( #439 ), #1710, .T. ) ;
#2038 = ORIENTED_EDGE ( 'NONE', *, *, #1872, .F. ) ;
#2039 = ORIENTED_EDGE ( 'NONE', *, *, #28, .T. ) ;
#2040 = VERTEX_POINT ( 'NONE', #1161 ) ;
#2041 = CARTESIAN_POINT ( 'NONE',  ( -0.5000000000000001110, 0.0000000000000000000, -0.6746062992125982927 ) ) ;
#2042 = CARTESIAN_POINT ( 'NONE',  ( -0.4527559055118110520, 0.5000000000000000000, -0.1692913385826772255 ) ) ;
#2043 = EDGE_LOOP ( 'NONE', ( #336, #1793, #1463, #294 ) ) ;
#2044 = LINE ( 'NONE', #1846, #907 ) ;
#2045 = DATE_AND_TIME ( #1482, #2168 ) ;
#2046 = DIRECTION ( 'NONE',  ( 0.0000000000000000000, 0.0000000000000000000, -1.000000000000000000 ) ) ;
#2047 = VERTEX_POINT ( 'NONE', #1904 ) ;
#2048 = VERTEX_POINT ( 'NONE', #1868 ) ;
#2049 = FACE_OUTER_BOUND ( 'NONE', #2204, .T. ) ;
#2050 = ORIENTED_EDGE ( 'NONE', *, *, #1445, .T. ) ;
#2051 = FACE_OUTER_BOUND ( 'NONE', #332, .T. ) ;
#2052 = AXIS2_PLACEMENT_3D ( 'NONE', #2103, #1920, #1323 ) ;
#2053 = DIRECTION ( 'NONE',  ( 0.0000000000000000000, 0.0000000000000000000, -1.000000000000000000 ) ) ;
#2054 = ORIENTED_EDGE ( 'NONE', *, *, #2365, .F. ) ;
#2055 = VECTOR ( 'NONE', #1048, 39.37007874015748143 ) ;
#2056 = CARTESIAN_POINT ( 'NONE',  ( -0.5000000000000001110, 0.04724409448818897572, -0.2526574803149605475 ) ) ;
#2057 = VECTOR ( 'NONE', #2327, 39.37007874015748143 ) ;
#2058 = CARTESIAN_POINT ( 'NONE',  ( -0.5000000000000000000, 0.0000000000000000000, 0.0000000000000000000 ) ) ;
#2059 = EDGE_LOOP ( 'NONE', ( #400, #118, #708, #1636 ) ) ;
#2060 = ORIENTED_EDGE ( 'NONE', *, *, #1917, .F. ) ;
#2061 = ORIENTED_EDGE ( 'NONE', *, *, #1770, .T. ) ;
#2062 = DIRECTION ( 'NONE',  ( -1.000000000000000000, 0.0000000000000000000, -1.445602896647339706E-15 ) ) ;
#2063 = FACE_OUTER_BOUND ( 'NONE', #2179, .T. ) ;
#2064 = ORIENTED_EDGE ( 'NONE', *, *, #1153, .F. ) ;
#2065 = DIRECTION ( 'NONE',  ( 0.0000000000000000000, 1.000000000000000000, 0.0000000000000000000 ) ) ;
#2066 = EDGE_CURVE ( 'NONE', #1516, #770, #1331, .T. ) ;
#2067 = AXIS2_PLACEMENT_3D ( 'NONE', #908, #1647, #266 ) ;
#2068 = CARTESIAN_POINT ( 'NONE',  ( -0.5000000000000000000, 0.04724409448818897572, 0.0000000000000000000 ) ) ;
#2069 = VERTEX_POINT ( 'NONE', #2255 ) ;
#2070 = AXIS2_PLACEMENT_3D ( 'NONE', #438, #2301, #1751 ) ;
#2071 = DIRECTION ( 'NONE',  ( 0.0000000000000000000, 0.0000000000000000000, -1.000000000000000000 ) ) ;
#2072 = ORIENTED_EDGE ( 'NONE', *, *, #1172, .F. ) ;
#2073 = VERTEX_POINT ( 'NONE', #1173 ) ;
#2074 = AXIS2_PLACEMENT_3D ( 'NONE', #2121, #1787, #1216 ) ;
#2075 = CARTESIAN_POINT ( 'NONE',  ( 0.4527559055118110520, 0.0000000000000000000, -1.010629921259842412 ) ) ;
#2076 = VECTOR ( 'NONE', #1580, 39.37007874015748143 ) ;
#2077 = DIRECTION ( 'NONE',  ( 0.0000000000000000000, 0.0000000000000000000, -1.000000000000000000 ) ) ;
#2078 = EDGE_CURVE ( 'NONE', #467, #14, #50, .T. ) ;
#2079 = ORIENTED_EDGE ( 'NONE', *, *, #2313, .F. ) ;
#2080 = CARTESIAN_POINT ( 'NONE',  ( 0.5000000000000000000, 0.5000000000000000000, -1.179921259842519721 ) ) ;
#2081 = DIRECTION ( 'NONE',  ( 0.0000000000000000000, 0.0000000000000000000, -1.000000000000000000 ) ) ;
#2082 = ORIENTED_EDGE ( 'NONE', *, *, #1837, .F. ) ;
#2083 = CARTESIAN_POINT ( 'NONE',  ( 0.4527559055118110520, 0.04724409448818896184, -1.179921259842519721 ) ) ;
#2084 = ORIENTED_EDGE ( 'NONE', *, *, #153, .F. ) ;
#2085 = DIRECTION ( 'NONE',  ( -1.000000000000000000, 0.0000000000000000000, 0.0000000000000000000 ) ) ;
#2086 = CARTESIAN_POINT ( 'NONE',  ( -0.4527559055118111631, 0.04724409448818897572, -1.010629921259842190 ) ) ;
#2087 = CARTESIAN_POINT ( 'NONE',  ( -0.4527559055118110520, 0.0000000000000000000, -0.1692913385826772255 ) ) ;
#2088 = EDGE_LOOP ( 'NONE', ( #2234, #2157 ) ) ;
#2089 = FACE_OUTER_BOUND ( 'NONE', #38, .T. ) ;
#2090 = AXIS2_PLACEMENT_3D ( 'NONE', #1672, #1438, #723 ) ;
#2091 = CC_DESIGN_SECURITY_CLASSIFICATION ( #1663, ( #1935 ) ) ;
#2092 = EDGE_CURVE ( 'NONE', #905, #1065, #1369, .T. ) ;
#2093 = CARTESIAN_POINT ( 'NONE',  ( -0.5000000000000001110, 0.5000000000000000000, -0.2526574803149605475 ) ) ;
#2094 = CARTESIAN_POINT ( 'NONE',  ( -0.4527559055118110520, 0.0000000000000000000, -1.179921259842519721 ) ) ;
#2095 = EDGE_CURVE ( 'NONE', #1460, #1140, #246, .T. ) ;
#2096 = EDGE_LOOP ( 'NONE', ( #1411, #2261, #946, #37 ) ) ;
#2097 = LINE ( 'NONE', #2290, #517 ) ;
#2098 = PLANE ( 'NONE',  #2070 ) ;
#2099 = LINE ( 'NONE', #968, #2126 ) ;
#2100 = ADVANCED_FACE ( 'NONE', ( #942 ), #2267, .F. ) ;
#2101 = DIRECTION ( 'NONE',  ( 0.0000000000000000000, -1.000000000000000000, 0.0000000000000000000 ) ) ;
#2102 = VERTEX_POINT ( 'NONE', #1686 ) ;
#2103 = CARTESIAN_POINT ( 'NONE',  ( 0.4527559055118110520, 0.04724409448818896184, 0.0000000000000000000 ) ) ;
#2104 = EDGE_CURVE ( 'NONE', #2014, #162, #29, .T. ) ;
#2105 = LINE ( 'NONE', #1352, #521 ) ;
#2106 = EDGE_CURVE ( 'NONE', #467, #2023, #584, .T. ) ;
#2107 = DIRECTION ( 'NONE',  ( 0.0000000000000000000, 1.000000000000000000, 0.0000000000000000000 ) ) ;
#2108 = LINE ( 'NONE', #437, #1529 ) ;
#2109 = CIRCLE ( 'NONE', #637, 0.04724409448818896184 ) ;
#2110 = CARTESIAN_POINT ( 'NONE',  ( -0.5000000000000000000, 0.5000000000000000000, -1.179921259842519721 ) ) ;
#2111 = ADVANCED_FACE ( 'NONE', ( #999 ), #2263, .T. ) ;
#2112 = LINE ( 'NONE', #2075, #1 ) ;
#2113 = VECTOR ( 'NONE', #1325, 39.37007874015748143 ) ;
#2114 = CARTESIAN_POINT ( 'NONE',  ( -0.4527559055118111631, 0.0000000000000000000, -1.010629921259842190 ) ) ;
#2115 = VECTOR ( 'NONE', #286, 39.37007874015748143 ) ;
#2116 = EDGE_LOOP ( 'NONE', ( #1699, #166, #1361, #1834 ) ) ;
#2117 = DIRECTION ( 'NONE',  ( 0.0000000000000000000, 1.000000000000000000, 0.0000000000000000000 ) ) ;
#2118 = PLANE ( 'NONE',  #1898 ) ;
#2119 = DIRECTION ( 'NONE',  ( 0.0000000000000000000, 0.0000000000000000000, 1.000000000000000000 ) ) ;
#2120 = CARTESIAN_POINT ( 'NONE',  ( -0.4527559055118110520, 0.3499999999999999778, 0.0000000000000000000 ) ) ;
#2121 = CARTESIAN_POINT ( 'NONE',  ( 0.4527559055118112186, 0.0000000000000000000, -0.7579724409448818090 ) ) ;
#2122 = DIRECTION ( 'NONE',  ( 0.0000000000000000000, 1.000000000000000000, 0.0000000000000000000 ) ) ;
#2123 = EDGE_CURVE ( 'NONE', #1839, #2124, #2251, .T. ) ;
#2124 = VERTEX_POINT ( 'NONE', #607 ) ;
#2125 = LINE ( 'NONE', #1417, #1775 ) ;
#2126 = VECTOR ( 'NONE', #1732, 39.37007874015748143 ) ;
#2127 = FACE_OUTER_BOUND ( 'NONE', #462, .T. ) ;
#2128 = CARTESIAN_POINT ( 'NONE',  ( -0.4527559055118110520, 0.0000000000000000000, -1.179921259842519721 ) ) ;
#2129 = EDGE_CURVE ( 'NONE', #366, #14, #1146, .T. ) ;
#2130 = PLANE ( 'NONE',  #2185 ) ;
#2131 = LINE ( 'NONE', #1926, #948 ) ;
#2132 = DIRECTION ( 'NONE',  ( 0.0000000000000000000, 0.0000000000000000000, 1.000000000000000000 ) ) ;
#2133 = VERTEX_POINT ( 'NONE', #2297 ) ;
#2134 = LINE ( 'NONE', #870, #1814 ) ;
#2135 = ADVANCED_FACE ( 'NONE', ( #46 ), #399, .F. ) ;
#2136 = ADVANCED_FACE ( 'NONE', ( #768 ), #1377, .T. ) ;
#2137 = CARTESIAN_POINT ( 'NONE',  ( -0.4527559055118111075, 0.0000000000000000000, -0.7579724409448818090 ) ) ;
#2138 = ADVANCED_FACE ( 'NONE', ( #1182 ), #230, .T. ) ;
#2139 = LINE ( 'NONE', #281, #2057 ) ;
#2140 = EDGE_LOOP ( 'NONE', ( #1290, #937, #1479, #1583 ) ) ;
#2141 = CARTESIAN_POINT ( 'NONE',  ( 0.5000000000000000000, 0.04724409448818896184, -1.179921259842519721 ) ) ;
#2142 = CARTESIAN_POINT ( 'NONE',  ( 0.5000000000000000000, 0.5000000000000000000, -1.179921259842519721 ) ) ;
#2143 = LINE ( 'NONE', #2156, #443 ) ;
#2144 = AXIS2_PLACEMENT_3D ( 'NONE', #318, #881, #1232 ) ;
#2145 = ORIENTED_EDGE ( 'NONE', *, *, #1736, .F. ) ;
#2146 = CARTESIAN_POINT ( 'NONE',  ( -0.4527559055118111631, 0.0000000000000000000, -1.010629921259842190 ) ) ;
#2147 = VECTOR ( 'NONE', #1849, 39.37007874015748143 ) ;
#2148 = CARTESIAN_POINT ( 'NONE',  ( 0.4527559055118110520, 0.5000000000000000000, 0.0000000000000000000 ) ) ;
#2149 = AXIS2_PLACEMENT_3D ( 'NONE', #58, #2272, #615 ) ;
#2150 = EDGE_CURVE ( 'NONE', #385, #1704, #1539, .T. ) ;
#2151 = LINE ( 'NONE', #1030, #217 ) ;
#2152 = CARTESIAN_POINT ( 'NONE',  ( 0.4527559055118110520, 0.04724409448818896184, -0.7579724409448818090 ) ) ;
#2153 = ORIENTED_EDGE ( 'NONE', *, *, #1852, .F. ) ;
#2154 = DIRECTION ( 'NONE',  ( 0.0000000000000000000, 0.0000000000000000000, 1.000000000000000000 ) ) ;
#2155 = CARTESIAN_POINT ( 'NONE',  ( -0.5000000000000001110, 0.5000000000000000000, -0.2526574803149605475 ) ) ;
#2156 = CARTESIAN_POINT ( 'NONE',  ( -0.4527559055118110520, 0.04724409448818897572, -1.179921259842519721 ) ) ;
#2157 = ORIENTED_EDGE ( 'NONE', *, *, #1677, .T. ) ;
#2158 = CARTESIAN_POINT ( 'NONE',  ( 0.4527559055118110520, 0.5000000000000000000, -1.179921259842519721 ) ) ;
#2159 = FACE_OUTER_BOUND ( 'NONE', #203, .T. ) ;
#2160 = ORIENTED_EDGE ( 'NONE', *, *, #2222, .F. ) ;
#2161 = DIRECTION ( 'NONE',  ( -1.000000000000000000, 0.0000000000000000000, 0.0000000000000000000 ) ) ;
#2162 = CARTESIAN_POINT ( 'NONE',  ( 0.4527559055118110520, 0.0000000000000000000, -0.5053149606299212060 ) ) ;
#2163 = VECTOR ( 'NONE', #1726, 39.37007874015748143 ) ;
#2164 = ORIENTED_EDGE ( 'NONE', *, *, #1591, .T. ) ;
#2165 = LINE ( 'NONE', #1424, #284 ) ;
#2166 = EDGE_CURVE ( 'NONE', #1264, #928, #1548, .T. ) ;
#2167 = DIRECTION ( 'NONE',  ( 0.0000000000000000000, 0.0000000000000000000, 1.000000000000000000 ) ) ;
#2168 = LOCAL_TIME ( 17, 8, 57.00000000000000000, #743 ) ;
#2169 = ORIENTED_EDGE ( 'NONE', *, *, #407, .F. ) ;
#2170 = FACE_OUTER_BOUND ( 'NONE', #913, .T. ) ;
#2171 = CARTESIAN_POINT ( 'NONE',  ( 0.4527559055118110520, 0.04724409448818896184, -1.179921259842519721 ) ) ;
#2172 = VERTEX_POINT ( 'NONE', #220 ) ;
#2173 = CARTESIAN_POINT ( 'NONE',  ( 0.4527559055118110520, 0.0000000000000000000, -1.010629921259842412 ) ) ;
#2174 = EDGE_CURVE ( 'NONE', #1977, #1043, #1694, .T. ) ;
#2175 = EDGE_CURVE ( 'NONE', #129, #1971, #1525, .T. ) ;
#2176 = DATE_TIME_ROLE ( 'creation_date' ) ;
#2177 = ORIENTED_EDGE ( 'NONE', *, *, #809, .F. ) ;
#2178 = DIRECTION ( 'NONE',  ( 1.000000000000000000, 0.0000000000000000000, 0.0000000000000000000 ) ) ;
#2179 = EDGE_LOOP ( 'NONE', ( #493, #962, #188, #1155 ) ) ;
#2180 = LINE ( 'NONE', #1071, #2245 ) ;
#2181 = DIRECTION ( 'NONE',  ( 1.000000000000000000, 0.0000000000000000000, 0.0000000000000000000 ) ) ;
#2182 = ORIENTED_EDGE ( 'NONE', *, *, #728, .T. ) ;
#2183 = VECTOR ( 'NONE', #210, 39.37007874015748143 ) ;
#2184 = DIRECTION ( 'NONE',  ( 0.0000000000000000000, -1.000000000000000000, 0.0000000000000000000 ) ) ;
#2185 = AXIS2_PLACEMENT_3D ( 'NONE', #1185, #1193, #831 ) ;
#2186 = VECTOR ( 'NONE', #1114, 39.37007874015748143 ) ;
#2187 = EDGE_LOOP ( 'NONE', ( #277, #136, #736, #2253 ) ) ;
#2188 = CARTESIAN_POINT ( 'NONE',  ( -0.4527559055118110520, 0.0000000000000000000, -0.2526574803149604920 ) ) ;
#2189 = ORIENTED_EDGE ( 'NONE', *, *, #1057, .F. ) ;
#2190 = VERTEX_POINT ( 'NONE', #435 ) ;
#2191 = LINE ( 'NONE', #148, #925 ) ;
#2192 = EDGE_CURVE ( 'NONE', #509, #1264, #1157, .T. ) ;
#2193 = DIRECTION ( 'NONE',  ( -1.000000000000000000, 0.0000000000000000000, 0.0000000000000000000 ) ) ;
#2194 = EDGE_LOOP ( 'NONE', ( #2061, #1293, #764, #1317, #576 ) ) ;
#2195 = DIRECTION ( 'NONE',  ( 1.000000000000000000, 0.0000000000000000000, 0.0000000000000000000 ) ) ;
#2196 = PERSON_AND_ORGANIZATION_ROLE ( 'design_supplier' ) ;
#2197 = ORIENTED_EDGE ( 'NONE', *, *, #1501, .T. ) ;
#2198 = CARTESIAN_POINT ( 'NONE',  ( -0.5000000000000000000, 0.0000000000000000000, -0.4219488188976378007 ) ) ;
#2199 = APPROVAL ( #1727, 'UNSPECIFIED' ) ;
#2200 = EDGE_CURVE ( 'NONE', #753, #1538, #1514, .T. ) ;
#2201 = VERTEX_POINT ( 'NONE', #2289 ) ;
#2202 = EDGE_LOOP ( 'NONE', ( #1125, #152, #2328, #876 ) ) ;
#2203 = VECTOR ( 'NONE', #737, 39.37007874015748143 ) ;
#2204 = EDGE_LOOP ( 'NONE', ( #1437, #674, #111, #1355 ) ) ;
#2205 = CARTESIAN_POINT ( 'NONE',  ( 0.4527559055118110520, 0.5000000000000000000, -1.179921259842519721 ) ) ;
#2206 = VECTOR ( 'NONE', #976, 39.37007874015748143 ) ;
#2207 = CARTESIAN_POINT ( 'NONE',  ( -0.5000000000000000000, 0.0000000000000000000, -1.179921259842519721 ) ) ;
#2208 = ORIENTED_EDGE ( 'NONE', *, *, #485, .F. ) ;
#2209 = DIRECTION ( 'NONE',  ( 0.0000000000000000000, 0.0000000000000000000, -1.000000000000000000 ) ) ;
#2210 = EDGE_CURVE ( 'NONE', #1906, #1043, #1901, .T. ) ;
#2211 = EDGE_LOOP ( 'NONE', ( #145, #1589, #1790, #1448, #769 ) ) ;
#2212 = PRODUCT ( 'CUI_DEVICES_HSS-B20-NPR-02', 'CUI_DEVICES_HSS-B20-NPR-02', '', ( #924 ) ) ;
#2213 = ADVANCED_FACE ( 'NONE', ( #989 ), #1909, .T. ) ;
#2214 = CARTESIAN_POINT ( 'NONE',  ( -0.4527559055118110520, 0.5000000000000000000, -0.2526574803149604920 ) ) ;
#2215 = DIRECTION ( 'NONE',  ( 0.0000000000000000000, 0.0000000000000000000, 1.000000000000000000 ) ) ;
#2216 = ORIENTED_EDGE ( 'NONE', *, *, #2066, .F. ) ;
#2217 = ORIENTED_EDGE ( 'NONE', *, *, #2222, .T. ) ;
#2218 = CARTESIAN_POINT ( 'NONE',  ( 0.4527559055118110520, 0.04724409448818896184, -0.9272637795275591177 ) ) ;
#2219 = DIRECTION ( 'NONE',  ( 1.000000000000000000, 0.0000000000000000000, 0.0000000000000000000 ) ) ;
#2220 = ORIENTED_EDGE ( 'NONE', *, *, #1489, .T. ) ;
#2221 = LINE ( 'NONE', #935, #867 ) ;
#2222 = EDGE_CURVE ( 'NONE', #562, #1322, #1354, .T. ) ;
#2223 = AXIS2_PLACEMENT_3D ( 'NONE', #609, #1708, #1934 ) ;
#2224 =( NAMED_UNIT ( * ) PLANE_ANGLE_UNIT ( ) SI_UNIT ( $, .RADIAN. ) );
#2225 = VECTOR ( 'NONE', #578, 39.37007874015748143 ) ;
#2226 = AXIS2_PLACEMENT_3D ( 'NONE', #189, #2209, #1676 ) ;
#2227 = CARTESIAN_POINT ( 'NONE',  ( -0.5000000000000000000, 0.5000000000000000000, -0.9272637795275591177 ) ) ;
#2228 = EDGE_LOOP ( 'NONE', ( #1772, #327, #1504, #1443, #1335 ) ) ;
#2229 = ORIENTED_EDGE ( 'NONE', *, *, #122, .T. ) ;
#2230 = ORIENTED_EDGE ( 'NONE', *, *, #1844, .T. ) ;
#2231 = EDGE_LOOP ( 'NONE', ( #1476, #1960, #580, #2332, #2341, #107, #299, #2160, #208, #587, #554, #975, #68, #938, #1612, #2005, #2229, #404, #894, #995 ) ) ;
#2232 = DIRECTION ( 'NONE',  ( 0.0000000000000000000, 1.000000000000000000, 0.0000000000000000000 ) ) ;
#2233 = LINE ( 'NONE', #933, #943 ) ;
#2234 = ORIENTED_EDGE ( 'NONE', *, *, #911, .T. ) ;
#2235 = CARTESIAN_POINT ( 'NONE',  ( 0.4527559055118110520, 0.04724409448818897572, -1.179921259842519721 ) ) ;
#2236 = PLANE ( 'NONE',  #2262 ) ;
#2237 = ORIENTED_EDGE ( 'NONE', *, *, #1806, .F. ) ;
#2238 = EDGE_LOOP ( 'NONE', ( #1245, #1983, #1669, #1291 ) ) ;
#2239 = PLANE ( 'NONE',  #785 ) ;
#2240 = ORIENTED_EDGE ( 'NONE', *, *, #49, .T. ) ;
#2241 = ADVANCED_FACE ( 'NONE', ( #446 ), #83, .T. ) ;
#2242 = DIRECTION ( 'NONE',  ( 0.0000000000000000000, 0.0000000000000000000, 1.000000000000000000 ) ) ;
#2243 = DIRECTION ( 'NONE',  ( 0.0000000000000000000, 0.0000000000000000000, -1.000000000000000000 ) ) ;
#2244 = ORIENTED_EDGE ( 'NONE', *, *, #2296, .F. ) ;
#2245 = VECTOR ( 'NONE', #160, 39.37007874015748143 ) ;
#2246 = LINE ( 'NONE', #1008, #2163 ) ;
#2247 = APPROVAL_PERSON_ORGANIZATION ( #514, #2248, #1247 ) ;
#2248 = APPROVAL ( #1820, 'UNSPECIFIED' ) ;
#2249 = DIRECTION ( 'NONE',  ( 0.0000000000000000000, 0.0000000000000000000, 1.000000000000000000 ) ) ;
#2250 = ORIENTED_EDGE ( 'NONE', *, *, #639, .F. ) ;
#2251 = LINE ( 'NONE', #1923, #348 ) ;
#2252 = EDGE_LOOP ( 'NONE', ( #259, #569, #579, #155 ) ) ;
#2253 = ORIENTED_EDGE ( 'NONE', *, *, #1988, .T. ) ;
#2254 = EDGE_CURVE ( 'NONE', #1839, #129, #271, .T. ) ;
#2255 = CARTESIAN_POINT ( 'NONE',  ( -0.4527559055118110520, 0.4523622047244094668, 0.0000000000000000000 ) ) ;
#2256 = CARTESIAN_POINT ( 'NONE',  ( 0.4527559055118110520, 0.04724409448818897572, -1.179921259842519721 ) ) ;
#2257 = ORIENTED_EDGE ( 'NONE', *, *, #733, .F. ) ;
#2258 = FACE_OUTER_BOUND ( 'NONE', #1121, .T. ) ;
#2259 = AXIS2_PLACEMENT_3D ( 'NONE', #470, #1581, #1206 ) ;
#2260 = DIRECTION ( 'NONE',  ( 0.0000000000000000000, 0.0000000000000000000, -1.000000000000000000 ) ) ;
#2261 = ORIENTED_EDGE ( 'NONE', *, *, #1223, .F. ) ;
#2262 = AXIS2_PLACEMENT_3D ( 'NONE', #1473, #202, #2046 ) ;
#2263 = PLANE ( 'NONE',  #1391 ) ;
#2264 = ORIENTED_EDGE ( 'NONE', *, *, #1922, .T. ) ;
#2265 = FACE_BOUND ( 'NONE', #2088, .T. ) ;
#2266 = CIRCLE ( 'NONE', #179, 0.04724409448818896184 ) ;
#2267 = PLANE ( 'NONE',  #307 ) ;
#2268 = DIRECTION ( 'NONE',  ( 1.000000000000000000, 0.0000000000000000000, 0.0000000000000000000 ) ) ;
#2269 = EDGE_LOOP ( 'NONE', ( #1028, #53, #1640, #1457 ) ) ;
#2270 = LINE ( 'NONE', #599, #883 ) ;
#2271 = ADVANCED_FACE ( 'NONE', ( #491 ), #696, .F. ) ;
#2272 = DIRECTION ( 'NONE',  ( 1.445602896647337142E-15, 0.0000000000000000000, -1.000000000000000000 ) ) ;
#2273 = CARTESIAN_POINT ( 'NONE',  ( 0.5000000000000001110, 0.0000000000000000000, -0.4219488188976378007 ) ) ;
#2274 = ORIENTED_EDGE ( 'NONE', *, *, #293, .F. ) ;
#2275 = DIRECTION ( 'NONE',  ( 0.0000000000000000000, 0.0000000000000000000, 1.000000000000000000 ) ) ;
#2276 = CARTESIAN_POINT ( 'NONE',  ( -0.5000000000000001110, 0.5000000000000000000, -0.7579724409448818090 ) ) ;
#2277 = DIRECTION ( 'NONE',  ( -1.000000000000000000, 0.0000000000000000000, 0.0000000000000000000 ) ) ;
#2278 = EDGE_CURVE ( 'NONE', #1515, #1468, #1577, .T. ) ;
#2279 = CYLINDRICAL_SURFACE ( 'NONE', #750, 0.04724409448818896184 ) ;
#2280 = ORIENTED_EDGE ( 'NONE', *, *, #1913, .T. ) ;
#2281 = CARTESIAN_POINT ( 'NONE',  ( -2.082863847368726172E-17, -8.537024980200822558E-18, -0.7000000000000000666 ) ) ;
#2282 = APPLICATION_CONTEXT ( 'configuration controlled 3d designs of mechanical parts and assemblies' ) ;
#2283 = EDGE_CURVE ( 'NONE', #395, #1397, #1761, .T. ) ;
#2284 = AXIS2_PLACEMENT_3D ( 'NONE', #75, #2277, #621 ) ;
#2285 = APPROVAL_DATE_TIME ( #215, #2199 ) ;
#2286 = AXIS2_PLACEMENT_3D ( 'NONE', #2152, #1010, #2308 ) ;
#2287 = EDGE_CURVE ( 'NONE', #2048, #1242, #2139, .T. ) ;
#2288 = PLANE ( 'NONE',  #642 ) ;
#2289 = CARTESIAN_POINT ( 'NONE',  ( 0.4527559055118112186, 0.04724409448818896184, -0.7579724409448818090 ) ) ;
#2290 = CARTESIAN_POINT ( 'NONE',  ( 0.4527559055118110520, 0.5000000000000000000, -0.5053149606299212060 ) ) ;
#2291 = FACE_OUTER_BOUND ( 'NONE', #1893, .T. ) ;
#2292 = CARTESIAN_POINT ( 'NONE',  ( -0.4527559055118110520, 0.04724409448818897572, -1.179921259842519721 ) ) ;
#2293 = CARTESIAN_POINT ( 'NONE',  ( -0.5000000000000001110, 0.0000000000000000000, -0.7579724409448818090 ) ) ;
#2294 = VERTEX_POINT ( 'NONE', #91 ) ;
#2295 = CARTESIAN_POINT ( 'NONE',  ( -0.5000000000000000000, 0.5000000000000000000, 0.0000000000000000000 ) ) ;
#2296 = EDGE_CURVE ( 'NONE', #1297, #857, #1749, .T. ) ;
#2297 = CARTESIAN_POINT ( 'NONE',  ( -0.5000000000000000000, 0.04724409448818897572, -0.9272637795275591177 ) ) ;
#2298 = ADVANCED_FACE ( 'NONE', ( #2127 ), #2118, .F. ) ;
#2299 = LINE ( 'NONE', #1378, #1598 ) ;
#2300 = AXIS2_PLACEMENT_3D ( 'NONE', #597, #1333, #175 ) ;
#2301 = DIRECTION ( 'NONE',  ( 0.0000000000000000000, 0.0000000000000000000, -1.000000000000000000 ) ) ;
#2302 = CARTESIAN_POINT ( 'NONE',  ( 0.4527559055118110520, 0.5000000000000000000, -0.5053149606299212060 ) ) ;
#2303 = VECTOR ( 'NONE', #2249, 39.37007874015748143 ) ;
#2304 = LINE ( 'NONE', #2293, #1404 ) ;
#2305 = VECTOR ( 'NONE', #2167, 39.37007874015748143 ) ;
#2306 = ORIENTED_EDGE ( 'NONE', *, *, #1436, .F. ) ;
#2307 = DIRECTION ( 'NONE',  ( 0.0000000000000000000, 0.0000000000000000000, -1.000000000000000000 ) ) ;
#2308 = DIRECTION ( 'NONE',  ( -1.000000000000000000, 0.0000000000000000000, -2.891205793294679411E-15 ) ) ;
#2309 = CARTESIAN_POINT ( 'NONE',  ( -0.4527559055118110520, 0.4523622047244094668, 0.2000000000000000111 ) ) ;
#2310 = CARTESIAN_POINT ( 'NONE',  ( -0.5000000000000001110, 0.5000000000000000000, -0.6746062992125982927 ) ) ;
#2311 = LINE ( 'NONE', #313, #2076 ) ;
#2312 = FACE_OUTER_BOUND ( 'NONE', #1416, .T. ) ;
#2313 = EDGE_CURVE ( 'NONE', #1472, #2314, #106, .T. ) ;
#2314 = VERTEX_POINT ( 'NONE', #2318 ) ;
#2315 = FACE_OUTER_BOUND ( 'NONE', #2096, .T. ) ;
#2316 = CARTESIAN_POINT ( 'NONE',  ( 0.4527559055118110520, 0.5000000000000000000, -1.179921259842519721 ) ) ;
#2317 = VECTOR ( 'NONE', #1063, 39.37007874015748143 ) ;
#2318 = CARTESIAN_POINT ( 'NONE',  ( -0.5000000000000001110, 0.04724409448818897572, -1.010629921259842190 ) ) ;
#2319 = ORIENTED_EDGE ( 'NONE', *, *, #1634, .F. ) ;
#2320 = LINE ( 'NONE', #458, #1179 ) ;
#2321 = PLANE ( 'NONE',  #2074 ) ;
#2322 = CARTESIAN_POINT ( 'NONE',  ( -0.4527559055118111631, 0.0000000000000000000, -1.010629921259842190 ) ) ;
#2323 = VERTEX_POINT ( 'NONE', #1191 ) ;
#2324 = CARTESIAN_POINT ( 'NONE',  ( -0.5000000000000001110, 0.0000000000000000000, -1.010629921259842190 ) ) ;
#2325 = CARTESIAN_POINT ( 'NONE',  ( -0.5000000000000000000, 0.4523622047244094668, 0.2000000000000000111 ) ) ;
#2326 = PLANE ( 'NONE',  #525 ) ;
#2327 = DIRECTION ( 'NONE',  ( 0.0000000000000000000, 1.000000000000000000, 0.0000000000000000000 ) ) ;
#2328 = ORIENTED_EDGE ( 'NONE', *, *, #343, .F. ) ;
#2329 = CARTESIAN_POINT ( 'NONE',  ( -0.4527559055118110520, 0.0000000000000000000, -0.2526574803149604920 ) ) ;
#2330 = DIRECTION ( 'NONE',  ( 0.0000000000000000000, 0.0000000000000000000, 1.000000000000000000 ) ) ;
#2331 = LINE ( 'NONE', #110, #558 ) ;
#2332 = ORIENTED_EDGE ( 'NONE', *, *, #1056, .F. ) ;
#2333 = CARTESIAN_POINT ( 'NONE',  ( -0.5000000000000000000, 0.5000000000000000000, -1.179921259842519721 ) ) ;
#2334 = VECTOR ( 'NONE', #218, 39.37007874015748143 ) ;
#2335 = CARTESIAN_POINT ( 'NONE',  ( -0.5000000000000000000, 0.5000000000000000000, -1.179921259842519721 ) ) ;
#2336 = AXIS2_PLACEMENT_3D ( 'NONE', #1181, #1537, #998 ) ;
#2337 = EDGE_CURVE ( 'NONE', #555, #388, #1032, .T. ) ;
#2338 = CARTESIAN_POINT ( 'NONE',  ( -0.5000000000000000000, 0.0000000000000000000, -0.5053149606299212060 ) ) ;
#2339 = EDGE_CURVE ( 'NONE', #1214, #376, #1234, .T. ) ;
#2340 = CARTESIAN_POINT ( 'NONE',  ( -0.5000000000000000000, 0.04724409448818897572, -1.179921259842519721 ) ) ;
#2341 = ORIENTED_EDGE ( 'NONE', *, *, #565, .T. ) ;
#2342 = DIRECTION ( 'NONE',  ( -0.0000000000000000000, -0.0000000000000000000, -1.000000000000000000 ) ) ;
#2343 = LINE ( 'NONE', #1389, #1604 ) ;
#2344 = ADVANCED_FACE ( 'NONE', ( #321 ), #1042, .F. ) ;
#2345 = ORIENTED_EDGE ( 'NONE', *, *, #841, .F. ) ;
#2346 = LINE ( 'NONE', #655, #1738 ) ;
#2347 = DIRECTION ( 'NONE',  ( 0.0000000000000000000, 0.0000000000000000000, 1.000000000000000000 ) ) ;
#2348 = VERTEX_POINT ( 'NONE', #1933 ) ;
#2349 = CARTESIAN_POINT ( 'NONE',  ( -0.4527559055118110520, 0.04724409448818897572, -1.179921259842519721 ) ) ;
#2350 = EDGE_CURVE ( 'NONE', #1617, #1264, #1568, .T. ) ;
#2351 = DIRECTION ( 'NONE',  ( -1.000000000000000000, 0.0000000000000000000, 0.0000000000000000000 ) ) ;
#2352 = EDGE_CURVE ( 'NONE', #721, #905, #1222, .T. ) ;
#2353 = ORIENTED_EDGE ( 'NONE', *, *, #1585, .F. ) ;
#2354 = LINE ( 'NONE', #347, #1757 ) ;
#2355 = AXIS2_PLACEMENT_3D ( 'NONE', #955, #1359, #1697 ) ;
#2356 = VECTOR ( 'NONE', #243, 39.37007874015748143 ) ;
#2357 = ORIENTED_EDGE ( 'NONE', *, *, #1705, .T. ) ;
#2358 = CARTESIAN_POINT ( 'NONE',  ( -2.082863847368726172E-17, -8.537024980200822558E-18, -0.6250000000000000000 ) ) ;
#2359 = LINE ( 'NONE', #2335, #135 ) ;
#2360 = ORIENTED_EDGE ( 'NONE', *, *, #1422, .F. ) ;
#2361 = DIRECTION ( 'NONE',  ( 0.0000000000000000000, 0.0000000000000000000, 1.000000000000000000 ) ) ;
#2362 = ORIENTED_EDGE ( 'NONE', *, *, #742, .F. ) ;
#2363 = ORIENTED_EDGE ( 'NONE', *, *, #568, .F. ) ;
#2364 = CARTESIAN_POINT ( 'NONE',  ( -0.5000000000000000000, 0.3499999999999999778, 0.2000000000000000111 ) ) ;
#2365 = EDGE_CURVE ( 'NONE', #2314, #1113, #1943, .T. ) ;
#2366 = ORIENTED_EDGE ( 'NONE', *, *, #1701, .T. ) ;
#2367 = ORIENTED_EDGE ( 'NONE', *, *, #1662, .F. ) ;
#2368 = CARTESIAN_POINT ( 'NONE',  ( 0.4527559055118110520, 0.0000000000000000000, -0.9272637795275591177 ) ) ;
#2369 = VECTOR ( 'NONE', #1266, 39.37007874015748143 ) ;
#2370 = DIRECTION ( 'NONE',  ( 0.0000000000000000000, 0.0000000000000000000, 1.000000000000000000 ) ) ;
#2371 = VERTEX_POINT ( 'NONE', #309 ) ;
#2372 = VECTOR ( 'NONE', #1998, 39.37007874015748143 ) ;
#2373 = PLANE ( 'NONE',  #755 ) ;
#2374 = VECTOR ( 'NONE', #688, 39.37007874015748143 ) ;
#2375 = EDGE_CURVE ( 'NONE', #231, #857, #861, .T. ) ;
#2376 = PERSON_AND_ORGANIZATION_ROLE ( 'creator' ) ;
#2377 = ORIENTED_EDGE ( 'NONE', *, *, #1089, .T. ) ;
#2378 = LINE ( 'NONE', #2008, #1915 ) ;
#2379 = DIRECTION ( 'NONE',  ( -1.000000000000000000, 0.0000000000000000000, 0.0000000000000000000 ) ) ;
#2380 = ORIENTED_EDGE ( 'NONE', *, *, #407, .T. ) ;
#2381 = EDGE_CURVE ( 'NONE', #2014, #1238, #1421, .T. ) ;
#2382 = ORIENTED_EDGE ( 'NONE', *, *, #98, .F. ) ;
#2383 = CARTESIAN_POINT ( 'NONE',  ( 0.4527559055118110520, 0.0000000000000000000, -0.4219488188976377452 ) ) ;
#2384 = ADVANCED_FACE ( 'NONE', ( #1982 ), #1053, .F. ) ;
#2385 = DIRECTION ( 'NONE',  ( 0.0000000000000000000, -1.000000000000000000, 0.0000000000000000000 ) ) ;
#2386 = ORIENTED_EDGE ( 'NONE', *, *, #1957, .F. ) ;
#2387 = LINE ( 'NONE', #1470, #2186 ) ;
#2388 =( LENGTH_UNIT ( ) NAMED_UNIT ( * ) SI_UNIT ( $, .METRE. ) );
#2389 = ORIENTED_EDGE ( 'NONE', *, *, #590, .F. ) ;
#2390 = FACE_OUTER_BOUND ( 'NONE', #845, .T. ) ;
#2391 = ORIENTED_EDGE ( 'NONE', *, *, #1501, .F. ) ;
#2392 = ORIENTED_EDGE ( 'NONE', *, *, #667, .F. ) ;
ENDSEC;
END-ISO-10303-21;
